--
-- PostgreSQL database dump
--

-- Dumped from database version 17.1 (Debian 17.1-1.pgdg120+1)
-- Dumped by pg_dump version 17.1 (Debian 17.1-1.pgdg120+1)

SET statement_timeout = 0;
SET lock_timeout = 0;
SET idle_in_transaction_session_timeout = 0;
SET transaction_timeout = 0;
SET client_encoding = 'UTF8';
SET standard_conforming_strings = on;
SELECT pg_catalog.set_config('search_path', '', false);
SET check_function_bodies = false;
SET xmloption = content;
SET client_min_messages = warning;
SET row_security = off;

SET default_tablespace = '';

SET default_table_access_method = heap;

--
-- Name: auth_group; Type: TABLE; Schema: public; Owner: postgres
--

CREATE TABLE public.auth_group (
    id integer NOT NULL,
    name character varying(150) NOT NULL
);


ALTER TABLE public.auth_group OWNER TO postgres;

--
-- Name: auth_group_id_seq; Type: SEQUENCE; Schema: public; Owner: postgres
--

ALTER TABLE public.auth_group ALTER COLUMN id ADD GENERATED BY DEFAULT AS IDENTITY (
    SEQUENCE NAME public.auth_group_id_seq
    START WITH 1
    INCREMENT BY 1
    NO MINVALUE
    NO MAXVALUE
    CACHE 1
);


--
-- Name: auth_group_permissions; Type: TABLE; Schema: public; Owner: postgres
--

CREATE TABLE public.auth_group_permissions (
    id bigint NOT NULL,
    group_id integer NOT NULL,
    permission_id integer NOT NULL
);


ALTER TABLE public.auth_group_permissions OWNER TO postgres;

--
-- Name: auth_group_permissions_id_seq; Type: SEQUENCE; Schema: public; Owner: postgres
--

ALTER TABLE public.auth_group_permissions ALTER COLUMN id ADD GENERATED BY DEFAULT AS IDENTITY (
    SEQUENCE NAME public.auth_group_permissions_id_seq
    START WITH 1
    INCREMENT BY 1
    NO MINVALUE
    NO MAXVALUE
    CACHE 1
);


--
-- Name: auth_permission; Type: TABLE; Schema: public; Owner: postgres
--

CREATE TABLE public.auth_permission (
    id integer NOT NULL,
    name character varying(255) NOT NULL,
    content_type_id integer NOT NULL,
    codename character varying(100) NOT NULL
);


ALTER TABLE public.auth_permission OWNER TO postgres;

--
-- Name: auth_permission_id_seq; Type: SEQUENCE; Schema: public; Owner: postgres
--

ALTER TABLE public.auth_permission ALTER COLUMN id ADD GENERATED BY DEFAULT AS IDENTITY (
    SEQUENCE NAME public.auth_permission_id_seq
    START WITH 1
    INCREMENT BY 1
    NO MINVALUE
    NO MAXVALUE
    CACHE 1
);


--
-- Name: django_admin_log; Type: TABLE; Schema: public; Owner: postgres
--

CREATE TABLE public.django_admin_log (
    id integer NOT NULL,
    action_time timestamp with time zone NOT NULL,
    object_id text,
    object_repr character varying(200) NOT NULL,
    action_flag smallint NOT NULL,
    change_message text NOT NULL,
    content_type_id integer,
    user_id bigint NOT NULL,
    CONSTRAINT django_admin_log_action_flag_check CHECK ((action_flag >= 0))
);


ALTER TABLE public.django_admin_log OWNER TO postgres;

--
-- Name: django_admin_log_id_seq; Type: SEQUENCE; Schema: public; Owner: postgres
--

ALTER TABLE public.django_admin_log ALTER COLUMN id ADD GENERATED BY DEFAULT AS IDENTITY (
    SEQUENCE NAME public.django_admin_log_id_seq
    START WITH 1
    INCREMENT BY 1
    NO MINVALUE
    NO MAXVALUE
    CACHE 1
);


--
-- Name: django_content_type; Type: TABLE; Schema: public; Owner: postgres
--

CREATE TABLE public.django_content_type (
    id integer NOT NULL,
    app_label character varying(100) NOT NULL,
    model character varying(100) NOT NULL
);


ALTER TABLE public.django_content_type OWNER TO postgres;

--
-- Name: django_content_type_id_seq; Type: SEQUENCE; Schema: public; Owner: postgres
--

ALTER TABLE public.django_content_type ALTER COLUMN id ADD GENERATED BY DEFAULT AS IDENTITY (
    SEQUENCE NAME public.django_content_type_id_seq
    START WITH 1
    INCREMENT BY 1
    NO MINVALUE
    NO MAXVALUE
    CACHE 1
);


--
-- Name: django_migrations; Type: TABLE; Schema: public; Owner: postgres
--

CREATE TABLE public.django_migrations (
    id bigint NOT NULL,
    app character varying(255) NOT NULL,
    name character varying(255) NOT NULL,
    applied timestamp with time zone NOT NULL
);


ALTER TABLE public.django_migrations OWNER TO postgres;

--
-- Name: django_migrations_id_seq; Type: SEQUENCE; Schema: public; Owner: postgres
--

ALTER TABLE public.django_migrations ALTER COLUMN id ADD GENERATED BY DEFAULT AS IDENTITY (
    SEQUENCE NAME public.django_migrations_id_seq
    START WITH 1
    INCREMENT BY 1
    NO MINVALUE
    NO MAXVALUE
    CACHE 1
);


--
-- Name: django_session; Type: TABLE; Schema: public; Owner: postgres
--

CREATE TABLE public.django_session (
    session_key character varying(40) NOT NULL,
    session_data text NOT NULL,
    expire_date timestamp with time zone NOT NULL
);


ALTER TABLE public.django_session OWNER TO postgres;

--
-- Name: finance_cashbook; Type: TABLE; Schema: public; Owner: postgres
--

CREATE TABLE public.finance_cashbook (
    id bigint NOT NULL,
    amount numeric(10,2) NOT NULL,
    debit boolean,
    credit boolean,
    description character varying(255) NOT NULL,
    date date NOT NULL,
    manager boolean NOT NULL,
    accountant boolean,
    director boolean,
    note text,
    cancelled boolean,
    expense_id bigint,
    sale_id bigint
);


ALTER TABLE public.finance_cashbook OWNER TO postgres;

--
-- Name: finance_cashbook_id_seq; Type: SEQUENCE; Schema: public; Owner: postgres
--

ALTER TABLE public.finance_cashbook ALTER COLUMN id ADD GENERATED BY DEFAULT AS IDENTITY (
    SEQUENCE NAME public.finance_cashbook_id_seq
    START WITH 1
    INCREMENT BY 1
    NO MINVALUE
    NO MAXVALUE
    CACHE 1
);


--
-- Name: finance_cashbooknote; Type: TABLE; Schema: public; Owner: postgres
--

CREATE TABLE public.finance_cashbooknote (
    id bigint NOT NULL,
    note text NOT NULL,
    "timestamp" timestamp with time zone NOT NULL,
    entry_id bigint NOT NULL,
    user_id bigint NOT NULL
);


ALTER TABLE public.finance_cashbooknote OWNER TO postgres;

--
-- Name: finance_cashbooknote_id_seq; Type: SEQUENCE; Schema: public; Owner: postgres
--

ALTER TABLE public.finance_cashbooknote ALTER COLUMN id ADD GENERATED BY DEFAULT AS IDENTITY (
    SEQUENCE NAME public.finance_cashbooknote_id_seq
    START WITH 1
    INCREMENT BY 1
    NO MINVALUE
    NO MAXVALUE
    CACHE 1
);


--
-- Name: finance_cashieraccount; Type: TABLE; Schema: public; Owner: postgres
--

CREATE TABLE public.finance_cashieraccount (
    id bigint NOT NULL,
    amount numeric(10,2) NOT NULL,
    status boolean NOT NULL,
    cash_up_id bigint,
    cashier_id bigint NOT NULL
);


ALTER TABLE public.finance_cashieraccount OWNER TO postgres;

--
-- Name: finance_cashieraccount_id_seq; Type: SEQUENCE; Schema: public; Owner: postgres
--

ALTER TABLE public.finance_cashieraccount ALTER COLUMN id ADD GENERATED BY DEFAULT AS IDENTITY (
    SEQUENCE NAME public.finance_cashieraccount_id_seq
    START WITH 1
    INCREMENT BY 1
    NO MINVALUE
    NO MAXVALUE
    CACHE 1
);


--
-- Name: finance_cashierpayments; Type: TABLE; Schema: public; Owner: postgres
--

CREATE TABLE public.finance_cashierpayments (
    id bigint NOT NULL,
    date timestamp with time zone,
    amount numeric(10,2) NOT NULL,
    cashier_id bigint NOT NULL
);


ALTER TABLE public.finance_cashierpayments OWNER TO postgres;

--
-- Name: finance_cashierpayments_id_seq; Type: SEQUENCE; Schema: public; Owner: postgres
--

ALTER TABLE public.finance_cashierpayments ALTER COLUMN id ADD GENERATED BY DEFAULT AS IDENTITY (
    SEQUENCE NAME public.finance_cashierpayments_id_seq
    START WITH 1
    INCREMENT BY 1
    NO MINVALUE
    NO MAXVALUE
    CACHE 1
);


--
-- Name: finance_cashup; Type: TABLE; Schema: public; Owner: postgres
--

CREATE TABLE public.finance_cashup (
    id bigint NOT NULL,
    cashed_amount numeric(10,2) NOT NULL,
    sales numeric(10,2) NOT NULL,
    date date NOT NULL,
    status boolean NOT NULL,
    cashier_id bigint NOT NULL,
    user_id bigint NOT NULL
);


ALTER TABLE public.finance_cashup OWNER TO postgres;

--
-- Name: finance_cashup_id_seq; Type: SEQUENCE; Schema: public; Owner: postgres
--

ALTER TABLE public.finance_cashup ALTER COLUMN id ADD GENERATED BY DEFAULT AS IDENTITY (
    SEQUENCE NAME public.finance_cashup_id_seq
    START WITH 1
    INCREMENT BY 1
    NO MINVALUE
    NO MAXVALUE
    CACHE 1
);


--
-- Name: finance_change; Type: TABLE; Schema: public; Owner: postgres
--

CREATE TABLE public.finance_change (
    id bigint NOT NULL,
    name character varying(100) NOT NULL,
    phonenumber character varying(20) NOT NULL,
    amount numeric(10,2) NOT NULL,
    receipt_number character varying(100) NOT NULL,
    collected boolean NOT NULL,
    "timestamp" timestamp with time zone NOT NULL,
    claimed boolean NOT NULL,
    cashier_id bigint NOT NULL,
    sale_id bigint NOT NULL
);


ALTER TABLE public.finance_change OWNER TO postgres;

--
-- Name: finance_change_id_seq; Type: SEQUENCE; Schema: public; Owner: postgres
--

ALTER TABLE public.finance_change ALTER COLUMN id ADD GENERATED BY DEFAULT AS IDENTITY (
    SEQUENCE NAME public.finance_change_id_seq
    START WITH 1
    INCREMENT BY 1
    NO MINVALUE
    NO MAXVALUE
    CACHE 1
);


--
-- Name: finance_cogs; Type: TABLE; Schema: public; Owner: postgres
--

CREATE TABLE public.finance_cogs (
    id bigint NOT NULL,
    date date NOT NULL,
    amount numeric(10,2) NOT NULL,
    production_id bigint
);


ALTER TABLE public.finance_cogs OWNER TO postgres;

--
-- Name: finance_cogs_id_seq; Type: SEQUENCE; Schema: public; Owner: postgres
--

ALTER TABLE public.finance_cogs ALTER COLUMN id ADD GENERATED BY DEFAULT AS IDENTITY (
    SEQUENCE NAME public.finance_cogs_id_seq
    START WITH 1
    INCREMENT BY 1
    NO MINVALUE
    NO MAXVALUE
    CACHE 1
);


--
-- Name: finance_emailnotifications; Type: TABLE; Schema: public; Owner: postgres
--

CREATE TABLE public.finance_emailnotifications (
    id bigint NOT NULL,
    expense_notification boolean NOT NULL
);


ALTER TABLE public.finance_emailnotifications OWNER TO postgres;

--
-- Name: finance_emailnotifications_id_seq; Type: SEQUENCE; Schema: public; Owner: postgres
--

ALTER TABLE public.finance_emailnotifications ALTER COLUMN id ADD GENERATED BY DEFAULT AS IDENTITY (
    SEQUENCE NAME public.finance_emailnotifications_id_seq
    START WITH 1
    INCREMENT BY 1
    NO MINVALUE
    NO MAXVALUE
    CACHE 1
);


--
-- Name: finance_expense; Type: TABLE; Schema: public; Owner: postgres
--

CREATE TABLE public.finance_expense (
    id bigint NOT NULL,
    amount numeric(10,2) NOT NULL,
    date date NOT NULL,
    description character varying(255) NOT NULL,
    cancel boolean NOT NULL,
    status boolean NOT NULL,
    category_id bigint NOT NULL,
    user_id bigint NOT NULL
);


ALTER TABLE public.finance_expense OWNER TO postgres;

--
-- Name: finance_expense_id_seq; Type: SEQUENCE; Schema: public; Owner: postgres
--

ALTER TABLE public.finance_expense ALTER COLUMN id ADD GENERATED BY DEFAULT AS IDENTITY (
    SEQUENCE NAME public.finance_expense_id_seq
    START WITH 1
    INCREMENT BY 1
    NO MINVALUE
    NO MAXVALUE
    CACHE 1
);


--
-- Name: finance_expensecategory; Type: TABLE; Schema: public; Owner: postgres
--

CREATE TABLE public.finance_expensecategory (
    id bigint NOT NULL,
    name character varying(255) NOT NULL
);


ALTER TABLE public.finance_expensecategory OWNER TO postgres;

--
-- Name: finance_expensecategory_id_seq; Type: SEQUENCE; Schema: public; Owner: postgres
--

ALTER TABLE public.finance_expensecategory ALTER COLUMN id ADD GENERATED BY DEFAULT AS IDENTITY (
    SEQUENCE NAME public.finance_expensecategory_id_seq
    START WITH 1
    INCREMENT BY 1
    NO MINVALUE
    NO MAXVALUE
    CACHE 1
);


--
-- Name: finance_sale; Type: TABLE; Schema: public; Owner: postgres
--

CREATE TABLE public.finance_sale (
    id bigint NOT NULL,
    total_amount numeric(10,2) NOT NULL,
    tax numeric(10,2) NOT NULL,
    sub_total numeric(10,2) NOT NULL,
    date date NOT NULL,
    receipt_number character varying(10) NOT NULL,
    staff boolean NOT NULL,
    cashier_id bigint NOT NULL,
    change numeric(10,2) NOT NULL,
    amount_paid numeric(10,2) NOT NULL,
    void boolean NOT NULL
);


ALTER TABLE public.finance_sale OWNER TO postgres;

--
-- Name: finance_sale_id_seq; Type: SEQUENCE; Schema: public; Owner: postgres
--

ALTER TABLE public.finance_sale ALTER COLUMN id ADD GENERATED BY DEFAULT AS IDENTITY (
    SEQUENCE NAME public.finance_sale_id_seq
    START WITH 1
    INCREMENT BY 1
    NO MINVALUE
    NO MAXVALUE
    CACHE 1
);


--
-- Name: finance_saleitem; Type: TABLE; Schema: public; Owner: postgres
--

CREATE TABLE public.finance_saleitem (
    id bigint NOT NULL,
    price numeric(10,2) NOT NULL,
    "time" time without time zone NOT NULL,
    quantity integer NOT NULL,
    meal_id bigint,
    product_id bigint,
    sale_id bigint NOT NULL,
    dish_id bigint
);


ALTER TABLE public.finance_saleitem OWNER TO postgres;

--
-- Name: finance_saleitem_id_seq; Type: SEQUENCE; Schema: public; Owner: postgres
--

ALTER TABLE public.finance_saleitem ALTER COLUMN id ADD GENERATED BY DEFAULT AS IDENTITY (
    SEQUENCE NAME public.finance_saleitem_id_seq
    START WITH 1
    INCREMENT BY 1
    NO MINVALUE
    NO MAXVALUE
    CACHE 1
);


--
-- Name: finance_transactionlog; Type: TABLE; Schema: public; Owner: postgres
--

CREATE TABLE public.finance_transactionlog (
    id bigint NOT NULL,
    action character varying(10) NOT NULL,
    expense_id bigint,
    sale_id bigint
);


ALTER TABLE public.finance_transactionlog OWNER TO postgres;

--
-- Name: finance_transactionlog_id_seq; Type: SEQUENCE; Schema: public; Owner: postgres
--

ALTER TABLE public.finance_transactionlog ALTER COLUMN id ADD GENERATED BY DEFAULT AS IDENTITY (
    SEQUENCE NAME public.finance_transactionlog_id_seq
    START WITH 1
    INCREMENT BY 1
    NO MINVALUE
    NO MAXVALUE
    CACHE 1
);


--
-- Name: inventory_allocatedrawmaterials; Type: TABLE; Schema: public; Owner: postgres
--

CREATE TABLE public.inventory_allocatedrawmaterials (
    id bigint NOT NULL,
    remaining_quantity double precision,
    quantity double precision NOT NULL,
    production_id bigint NOT NULL,
    raw_material_id bigint NOT NULL
);


ALTER TABLE public.inventory_allocatedrawmaterials OWNER TO postgres;

--
-- Name: inventory_allocatedrawmaterials_id_seq; Type: SEQUENCE; Schema: public; Owner: postgres
--

ALTER TABLE public.inventory_allocatedrawmaterials ALTER COLUMN id ADD GENERATED BY DEFAULT AS IDENTITY (
    SEQUENCE NAME public.inventory_allocatedrawmaterials_id_seq
    START WITH 1
    INCREMENT BY 1
    NO MINVALUE
    NO MAXVALUE
    CACHE 1
);


--
-- Name: inventory_category; Type: TABLE; Schema: public; Owner: postgres
--

CREATE TABLE public.inventory_category (
    id bigint NOT NULL,
    name character varying(255) NOT NULL
);


ALTER TABLE public.inventory_category OWNER TO postgres;

--
-- Name: inventory_category_id_seq; Type: SEQUENCE; Schema: public; Owner: postgres
--

ALTER TABLE public.inventory_category ALTER COLUMN id ADD GENERATED BY DEFAULT AS IDENTITY (
    SEQUENCE NAME public.inventory_category_id_seq
    START WITH 1
    INCREMENT BY 1
    NO MINVALUE
    NO MAXVALUE
    CACHE 1
);


--
-- Name: inventory_checklist; Type: TABLE; Schema: public; Owner: postgres
--

CREATE TABLE public.inventory_checklist (
    id bigint NOT NULL,
    status boolean NOT NULL,
    date date NOT NULL,
    product_id bigint NOT NULL
);


ALTER TABLE public.inventory_checklist OWNER TO postgres;

--
-- Name: inventory_checklist_id_seq; Type: SEQUENCE; Schema: public; Owner: postgres
--

ALTER TABLE public.inventory_checklist ALTER COLUMN id ADD GENERATED BY DEFAULT AS IDENTITY (
    SEQUENCE NAME public.inventory_checklist_id_seq
    START WITH 1
    INCREMENT BY 1
    NO MINVALUE
    NO MAXVALUE
    CACHE 1
);


--
-- Name: inventory_dish; Type: TABLE; Schema: public; Owner: postgres
--

CREATE TABLE public.inventory_dish (
    id bigint NOT NULL,
    name character varying(100) NOT NULL,
    portion_multiplier double precision NOT NULL,
    price numeric(10,2) NOT NULL,
    cost numeric(10,2) NOT NULL,
    category character varying NOT NULL,
    dish boolean NOT NULL
);


ALTER TABLE public.inventory_dish OWNER TO postgres;

--
-- Name: inventory_dish_id_seq; Type: SEQUENCE; Schema: public; Owner: postgres
--

ALTER TABLE public.inventory_dish ALTER COLUMN id ADD GENERATED BY DEFAULT AS IDENTITY (
    SEQUENCE NAME public.inventory_dish_id_seq
    START WITH 1
    INCREMENT BY 1
    NO MINVALUE
    NO MAXVALUE
    CACHE 1
);


--
-- Name: inventory_endofday; Type: TABLE; Schema: public; Owner: postgres
--

CREATE TABLE public.inventory_endofday (
    id bigint NOT NULL,
    date date NOT NULL,
    done boolean NOT NULL,
    total_sales numeric(10,2),
    cashed_amount numeric(10,2)
);


ALTER TABLE public.inventory_endofday OWNER TO postgres;

--
-- Name: inventory_endofday_id_seq; Type: SEQUENCE; Schema: public; Owner: postgres
--

ALTER TABLE public.inventory_endofday ALTER COLUMN id ADD GENERATED BY DEFAULT AS IDENTITY (
    SEQUENCE NAME public.inventory_endofday_id_seq
    START WITH 1
    INCREMENT BY 1
    NO MINVALUE
    NO MAXVALUE
    CACHE 1
);


--
-- Name: inventory_endofdayitems; Type: TABLE; Schema: public; Owner: postgres
--

CREATE TABLE public.inventory_endofdayitems (
    id bigint NOT NULL,
    dish_name character varying(50) NOT NULL,
    total_portions integer NOT NULL,
    total_sold integer NOT NULL,
    staff_portions integer NOT NULL,
    wastage double precision NOT NULL,
    leftovers double precision NOT NULL,
    expected double precision NOT NULL,
    end_of_day_id bigint NOT NULL
);


ALTER TABLE public.inventory_endofdayitems OWNER TO postgres;

--
-- Name: inventory_endofdayitems_id_seq; Type: SEQUENCE; Schema: public; Owner: postgres
--

ALTER TABLE public.inventory_endofdayitems ALTER COLUMN id ADD GENERATED BY DEFAULT AS IDENTITY (
    SEQUENCE NAME public.inventory_endofdayitems_id_seq
    START WITH 1
    INCREMENT BY 1
    NO MINVALUE
    NO MAXVALUE
    CACHE 1
);


--
-- Name: inventory_ingredient; Type: TABLE; Schema: public; Owner: postgres
--

CREATE TABLE public.inventory_ingredient (
    id bigint NOT NULL,
    note character varying(100),
    quantity double precision NOT NULL,
    dish_id bigint,
    raw_material_id bigint NOT NULL
);


ALTER TABLE public.inventory_ingredient OWNER TO postgres;

--
-- Name: inventory_ingredient_id_seq; Type: SEQUENCE; Schema: public; Owner: postgres
--

ALTER TABLE public.inventory_ingredient ALTER COLUMN id ADD GENERATED BY DEFAULT AS IDENTITY (
    SEQUENCE NAME public.inventory_ingredient_id_seq
    START WITH 1
    INCREMENT BY 1
    NO MINVALUE
    NO MAXVALUE
    CACHE 1
);


--
-- Name: inventory_logs; Type: TABLE; Schema: public; Owner: postgres
--

CREATE TABLE public.inventory_logs (
    id bigint NOT NULL,
    action character varying(20) NOT NULL,
    quantity double precision NOT NULL,
    total_quantity double precision NOT NULL,
    "timestamp" timestamp with time zone NOT NULL,
    description character varying(255),
    product_id bigint,
    purchase_order_id bigint,
    user_id bigint,
    sale_id bigint
);


ALTER TABLE public.inventory_logs OWNER TO postgres;

--
-- Name: inventory_logs_id_seq; Type: SEQUENCE; Schema: public; Owner: postgres
--

ALTER TABLE public.inventory_logs ALTER COLUMN id ADD GENERATED BY DEFAULT AS IDENTITY (
    SEQUENCE NAME public.inventory_logs_id_seq
    START WITH 1
    INCREMENT BY 1
    NO MINVALUE
    NO MAXVALUE
    CACHE 1
);


--
-- Name: inventory_meal; Type: TABLE; Schema: public; Owner: postgres
--

CREATE TABLE public.inventory_meal (
    id bigint NOT NULL,
    name character varying(255) NOT NULL,
    price character varying(255) NOT NULL,
    deactivate boolean NOT NULL,
    category_id bigint,
    meal boolean NOT NULL
);


ALTER TABLE public.inventory_meal OWNER TO postgres;

--
-- Name: inventory_meal_dish; Type: TABLE; Schema: public; Owner: postgres
--

CREATE TABLE public.inventory_meal_dish (
    id bigint NOT NULL,
    meal_id bigint NOT NULL,
    dish_id bigint NOT NULL
);


ALTER TABLE public.inventory_meal_dish OWNER TO postgres;

--
-- Name: inventory_meal_dish_id_seq; Type: SEQUENCE; Schema: public; Owner: postgres
--

ALTER TABLE public.inventory_meal_dish ALTER COLUMN id ADD GENERATED BY DEFAULT AS IDENTITY (
    SEQUENCE NAME public.inventory_meal_dish_id_seq
    START WITH 1
    INCREMENT BY 1
    NO MINVALUE
    NO MAXVALUE
    CACHE 1
);


--
-- Name: inventory_meal_id_seq; Type: SEQUENCE; Schema: public; Owner: postgres
--

ALTER TABLE public.inventory_meal ALTER COLUMN id ADD GENERATED BY DEFAULT AS IDENTITY (
    SEQUENCE NAME public.inventory_meal_id_seq
    START WITH 1
    INCREMENT BY 1
    NO MINVALUE
    NO MAXVALUE
    CACHE 1
);


--
-- Name: inventory_mealcategory; Type: TABLE; Schema: public; Owner: postgres
--

CREATE TABLE public.inventory_mealcategory (
    id bigint NOT NULL,
    name character varying(255) NOT NULL
);


ALTER TABLE public.inventory_mealcategory OWNER TO postgres;

--
-- Name: inventory_mealcategory_id_seq; Type: SEQUENCE; Schema: public; Owner: postgres
--

ALTER TABLE public.inventory_mealcategory ALTER COLUMN id ADD GENERATED BY DEFAULT AS IDENTITY (
    SEQUENCE NAME public.inventory_mealcategory_id_seq
    START WITH 1
    INCREMENT BY 1
    NO MINVALUE
    NO MAXVALUE
    CACHE 1
);


--
-- Name: inventory_minorproductionitems; Type: TABLE; Schema: public; Owner: postgres
--

CREATE TABLE public.inventory_minorproductionitems (
    id bigint NOT NULL,
    total_quantity_per_kg double precision NOT NULL,
    planned_quantity double precision NOT NULL,
    expected_quantity double precision NOT NULL,
    actual_quantity double precision,
    cost_per_kg numeric(10,2) NOT NULL,
    total_cost numeric(10,2) NOT NULL,
    minor_raw_material_id bigint NOT NULL,
    production_id bigint NOT NULL
);


ALTER TABLE public.inventory_minorproductionitems OWNER TO postgres;

--
-- Name: inventory_minorproductionitems_id_seq; Type: SEQUENCE; Schema: public; Owner: postgres
--

ALTER TABLE public.inventory_minorproductionitems ALTER COLUMN id ADD GENERATED BY DEFAULT AS IDENTITY (
    SEQUENCE NAME public.inventory_minorproductionitems_id_seq
    START WITH 1
    INCREMENT BY 1
    NO MINVALUE
    NO MAXVALUE
    CACHE 1
);


--
-- Name: inventory_minorrawmaterials; Type: TABLE; Schema: public; Owner: postgres
--

CREATE TABLE public.inventory_minorrawmaterials (
    id bigint NOT NULL,
    quantity double precision NOT NULL,
    quantity_left double precision NOT NULL,
    raw_material_id bigint NOT NULL
);


ALTER TABLE public.inventory_minorrawmaterials OWNER TO postgres;

--
-- Name: inventory_minorrawmaterials_id_seq; Type: SEQUENCE; Schema: public; Owner: postgres
--

ALTER TABLE public.inventory_minorrawmaterials ALTER COLUMN id ADD GENERATED BY DEFAULT AS IDENTITY (
    SEQUENCE NAME public.inventory_minorrawmaterials_id_seq
    START WITH 1
    INCREMENT BY 1
    NO MINVALUE
    NO MAXVALUE
    CACHE 1
);


--
-- Name: inventory_notification; Type: TABLE; Schema: public; Owner: postgres
--

CREATE TABLE public.inventory_notification (
    id bigint NOT NULL,
    message text NOT NULL,
    "timestamp" timestamp with time zone NOT NULL,
    is_read boolean NOT NULL,
    expense_id bigint,
    product_id bigint,
    production_id bigint
);


ALTER TABLE public.inventory_notification OWNER TO postgres;

--
-- Name: inventory_notification_id_seq; Type: SEQUENCE; Schema: public; Owner: postgres
--

ALTER TABLE public.inventory_notification ALTER COLUMN id ADD GENERATED BY DEFAULT AS IDENTITY (
    SEQUENCE NAME public.inventory_notification_id_seq
    START WITH 1
    INCREMENT BY 1
    NO MINVALUE
    NO MAXVALUE
    CACHE 1
);


--
-- Name: inventory_product; Type: TABLE; Schema: public; Owner: postgres
--

CREATE TABLE public.inventory_product (
    id bigint NOT NULL,
    name character varying(255) NOT NULL,
    quantity double precision NOT NULL,
    cost numeric(10,4) NOT NULL,
    price numeric(10,3) NOT NULL,
    tax_type character varying(50),
    min_stock_level double precision,
    raw_material boolean NOT NULL,
    finished_product boolean NOT NULL,
    description text NOT NULL,
    deactivate boolean NOT NULL,
    category_id bigint,
    unit_id bigint
);


ALTER TABLE public.inventory_product OWNER TO postgres;

--
-- Name: inventory_product_id_seq; Type: SEQUENCE; Schema: public; Owner: postgres
--

ALTER TABLE public.inventory_product ALTER COLUMN id ADD GENERATED BY DEFAULT AS IDENTITY (
    SEQUENCE NAME public.inventory_product_id_seq
    START WITH 1
    INCREMENT BY 1
    NO MINVALUE
    NO MAXVALUE
    CACHE 1
);


--
-- Name: inventory_production; Type: TABLE; Schema: public; Owner: postgres
--

CREATE TABLE public.inventory_production (
    id bigint NOT NULL,
    date_created date NOT NULL,
    time_created time without time zone NOT NULL,
    status boolean NOT NULL,
    production_plan_number character varying(10) NOT NULL,
    declared boolean NOT NULL
);


ALTER TABLE public.inventory_production OWNER TO postgres;

--
-- Name: inventory_production_id_seq; Type: SEQUENCE; Schema: public; Owner: postgres
--

ALTER TABLE public.inventory_production ALTER COLUMN id ADD GENERATED BY DEFAULT AS IDENTITY (
    SEQUENCE NAME public.inventory_production_id_seq
    START WITH 1
    INCREMENT BY 1
    NO MINVALUE
    NO MAXVALUE
    CACHE 1
);


--
-- Name: inventory_productioninventory; Type: TABLE; Schema: public; Owner: postgres
--

CREATE TABLE public.inventory_productioninventory (
    id bigint NOT NULL,
    quantity double precision NOT NULL,
    raw_material_id bigint NOT NULL
);


ALTER TABLE public.inventory_productioninventory OWNER TO postgres;

--
-- Name: inventory_productioninventory_id_seq; Type: SEQUENCE; Schema: public; Owner: postgres
--

ALTER TABLE public.inventory_productioninventory ALTER COLUMN id ADD GENERATED BY DEFAULT AS IDENTITY (
    SEQUENCE NAME public.inventory_productioninventory_id_seq
    START WITH 1
    INCREMENT BY 1
    NO MINVALUE
    NO MAXVALUE
    CACHE 1
);


--
-- Name: inventory_productionitems; Type: TABLE; Schema: public; Owner: postgres
--

CREATE TABLE public.inventory_productionitems (
    id bigint NOT NULL,
    lf_brought_forward_quantity double precision,
    actual_quantity double precision,
    total_cost numeric(10,2) NOT NULL,
    remaining_raw_material double precision,
    declared boolean NOT NULL,
    left_overs double precision,
    wastage double precision,
    portions double precision,
    staff_portions double precision,
    declared_quantity double precision,
    portions_sold double precision,
    allocated boolean NOT NULL,
    dish_id bigint NOT NULL,
    production_id bigint NOT NULL
);


ALTER TABLE public.inventory_productionitems OWNER TO postgres;

--
-- Name: inventory_productionitems_id_seq; Type: SEQUENCE; Schema: public; Owner: postgres
--

ALTER TABLE public.inventory_productionitems ALTER COLUMN id ADD GENERATED BY DEFAULT AS IDENTITY (
    SEQUENCE NAME public.inventory_productionitems_id_seq
    START WITH 1
    INCREMENT BY 1
    NO MINVALUE
    NO MAXVALUE
    CACHE 1
);


--
-- Name: inventory_productionlogs; Type: TABLE; Schema: public; Owner: postgres
--

CREATE TABLE public.inventory_productionlogs (
    id bigint NOT NULL,
    action character varying(20) NOT NULL,
    quantity double precision NOT NULL,
    total_quantity double precision NOT NULL,
    "timestamp" date NOT NULL,
    description character varying(255),
    product_id bigint NOT NULL,
    user_id bigint
);


ALTER TABLE public.inventory_productionlogs OWNER TO postgres;

--
-- Name: inventory_productionlogs_id_seq; Type: SEQUENCE; Schema: public; Owner: postgres
--

ALTER TABLE public.inventory_productionlogs ALTER COLUMN id ADD GENERATED BY DEFAULT AS IDENTITY (
    SEQUENCE NAME public.inventory_productionlogs_id_seq
    START WITH 1
    INCREMENT BY 1
    NO MINVALUE
    NO MAXVALUE
    CACHE 1
);


--
-- Name: inventory_productionrawmaterials; Type: TABLE; Schema: public; Owner: postgres
--

CREATE TABLE public.inventory_productionrawmaterials (
    id bigint NOT NULL,
    quantity double precision NOT NULL,
    product_id bigint NOT NULL
);


ALTER TABLE public.inventory_productionrawmaterials OWNER TO postgres;

--
-- Name: inventory_productionrawmaterials_id_seq; Type: SEQUENCE; Schema: public; Owner: postgres
--

ALTER TABLE public.inventory_productionrawmaterials ALTER COLUMN id ADD GENERATED BY DEFAULT AS IDENTITY (
    SEQUENCE NAME public.inventory_productionrawmaterials_id_seq
    START WITH 1
    INCREMENT BY 1
    NO MINVALUE
    NO MAXVALUE
    CACHE 1
);


--
-- Name: inventory_purchaseorder; Type: TABLE; Schema: public; Owner: postgres
--

CREATE TABLE public.inventory_purchaseorder (
    id bigint NOT NULL,
    order_number character varying(100) NOT NULL,
    order_date timestamp with time zone NOT NULL,
    delivery_date date,
    total_cost numeric(15,2) NOT NULL,
    status character varying(50) NOT NULL,
    notes text,
    discount numeric(15,2) NOT NULL,
    tax_amount numeric(15,2) NOT NULL,
    handling_amount numeric(15,2) NOT NULL,
    other_amount numeric(15,2) NOT NULL,
    is_partial boolean NOT NULL,
    received boolean NOT NULL,
    supplier_id bigint
);


ALTER TABLE public.inventory_purchaseorder OWNER TO postgres;

--
-- Name: inventory_purchaseorder_id_seq; Type: SEQUENCE; Schema: public; Owner: postgres
--

ALTER TABLE public.inventory_purchaseorder ALTER COLUMN id ADD GENERATED BY DEFAULT AS IDENTITY (
    SEQUENCE NAME public.inventory_purchaseorder_id_seq
    START WITH 1
    INCREMENT BY 1
    NO MINVALUE
    NO MAXVALUE
    CACHE 1
);


--
-- Name: inventory_purchaseorderitem; Type: TABLE; Schema: public; Owner: postgres
--

CREATE TABLE public.inventory_purchaseorderitem (
    id bigint NOT NULL,
    quantity double precision NOT NULL,
    unit_cost numeric(10,2) NOT NULL,
    received_quantity double precision NOT NULL,
    received boolean,
    note character varying(255),
    product_id bigint,
    purchase_order_id bigint NOT NULL
);


ALTER TABLE public.inventory_purchaseorderitem OWNER TO postgres;

--
-- Name: inventory_purchaseorderitem_id_seq; Type: SEQUENCE; Schema: public; Owner: postgres
--

ALTER TABLE public.inventory_purchaseorderitem ALTER COLUMN id ADD GENERATED BY DEFAULT AS IDENTITY (
    SEQUENCE NAME public.inventory_purchaseorderitem_id_seq
    START WITH 1
    INCREMENT BY 1
    NO MINVALUE
    NO MAXVALUE
    CACHE 1
);


--
-- Name: inventory_reorder; Type: TABLE; Schema: public; Owner: postgres
--

CREATE TABLE public.inventory_reorder (
    id bigint NOT NULL,
    ordered boolean NOT NULL,
    approx_days double precision NOT NULL,
    reorder_quantity double precision NOT NULL,
    product_id bigint NOT NULL
);


ALTER TABLE public.inventory_reorder OWNER TO postgres;

--
-- Name: inventory_reorder_id_seq; Type: SEQUENCE; Schema: public; Owner: postgres
--

ALTER TABLE public.inventory_reorder ALTER COLUMN id ADD GENERATED BY DEFAULT AS IDENTITY (
    SEQUENCE NAME public.inventory_reorder_id_seq
    START WITH 1
    INCREMENT BY 1
    NO MINVALUE
    NO MAXVALUE
    CACHE 1
);


--
-- Name: inventory_supplier; Type: TABLE; Schema: public; Owner: postgres
--

CREATE TABLE public.inventory_supplier (
    id bigint NOT NULL,
    name character varying(255) NOT NULL,
    contact_name character varying(255) NOT NULL,
    email character varying(254) NOT NULL,
    phone character varying(20) NOT NULL,
    address text NOT NULL
);


ALTER TABLE public.inventory_supplier OWNER TO postgres;

--
-- Name: inventory_supplier_id_seq; Type: SEQUENCE; Schema: public; Owner: postgres
--

ALTER TABLE public.inventory_supplier ALTER COLUMN id ADD GENERATED BY DEFAULT AS IDENTITY (
    SEQUENCE NAME public.inventory_supplier_id_seq
    START WITH 1
    INCREMENT BY 1
    NO MINVALUE
    NO MAXVALUE
    CACHE 1
);


--
-- Name: inventory_transfer; Type: TABLE; Schema: public; Owner: postgres
--

CREATE TABLE public.inventory_transfer (
    id bigint NOT NULL,
    transfer_number character varying(20) NOT NULL,
    status boolean NOT NULL,
    created_at timestamp with time zone NOT NULL
);


ALTER TABLE public.inventory_transfer OWNER TO postgres;

--
-- Name: inventory_transfer_id_seq; Type: SEQUENCE; Schema: public; Owner: postgres
--

ALTER TABLE public.inventory_transfer ALTER COLUMN id ADD GENERATED BY DEFAULT AS IDENTITY (
    SEQUENCE NAME public.inventory_transfer_id_seq
    START WITH 1
    INCREMENT BY 1
    NO MINVALUE
    NO MAXVALUE
    CACHE 1
);


--
-- Name: inventory_transferitems; Type: TABLE; Schema: public; Owner: postgres
--

CREATE TABLE public.inventory_transferitems (
    id bigint NOT NULL,
    quantity double precision NOT NULL,
    product_id bigint NOT NULL,
    transfer_id bigint NOT NULL
);


ALTER TABLE public.inventory_transferitems OWNER TO postgres;

--
-- Name: inventory_transferitems_id_seq; Type: SEQUENCE; Schema: public; Owner: postgres
--

ALTER TABLE public.inventory_transferitems ALTER COLUMN id ADD GENERATED BY DEFAULT AS IDENTITY (
    SEQUENCE NAME public.inventory_transferitems_id_seq
    START WITH 1
    INCREMENT BY 1
    NO MINVALUE
    NO MAXVALUE
    CACHE 1
);


--
-- Name: inventory_unitofmeasurement; Type: TABLE; Schema: public; Owner: postgres
--

CREATE TABLE public.inventory_unitofmeasurement (
    id bigint NOT NULL,
    unit_name character varying(255) NOT NULL
);


ALTER TABLE public.inventory_unitofmeasurement OWNER TO postgres;

--
-- Name: inventory_unitofmeasurement_id_seq; Type: SEQUENCE; Schema: public; Owner: postgres
--

ALTER TABLE public.inventory_unitofmeasurement ALTER COLUMN id ADD GENERATED BY DEFAULT AS IDENTITY (
    SEQUENCE NAME public.inventory_unitofmeasurement_id_seq
    START WITH 1
    INCREMENT BY 1
    NO MINVALUE
    NO MAXVALUE
    CACHE 1
);


--
-- Name: settings_modules; Type: TABLE; Schema: public; Owner: postgres
--

CREATE TABLE public.settings_modules (
    id bigint NOT NULL,
    name character varying(255) NOT NULL
);


ALTER TABLE public.settings_modules OWNER TO postgres;

--
-- Name: settings_modules_id_seq; Type: SEQUENCE; Schema: public; Owner: postgres
--

ALTER TABLE public.settings_modules ALTER COLUMN id ADD GENERATED BY DEFAULT AS IDENTITY (
    SEQUENCE NAME public.settings_modules_id_seq
    START WITH 1
    INCREMENT BY 1
    NO MINVALUE
    NO MAXVALUE
    CACHE 1
);


--
-- Name: settings_notificationemails; Type: TABLE; Schema: public; Owner: postgres
--

CREATE TABLE public.settings_notificationemails (
    id bigint NOT NULL,
    email character varying(254) NOT NULL,
    module_id bigint NOT NULL
);


ALTER TABLE public.settings_notificationemails OWNER TO postgres;

--
-- Name: settings_notificationemails_id_seq; Type: SEQUENCE; Schema: public; Owner: postgres
--

ALTER TABLE public.settings_notificationemails ALTER COLUMN id ADD GENERATED BY DEFAULT AS IDENTITY (
    SEQUENCE NAME public.settings_notificationemails_id_seq
    START WITH 1
    INCREMENT BY 1
    NO MINVALUE
    NO MAXVALUE
    CACHE 1
);


--
-- Name: settings_printer; Type: TABLE; Schema: public; Owner: postgres
--

CREATE TABLE public.settings_printer (
    id bigint NOT NULL,
    name character varying(255) NOT NULL,
    location character varying(255),
    is_default boolean NOT NULL
);


ALTER TABLE public.settings_printer OWNER TO postgres;

--
-- Name: settings_printer_id_seq; Type: SEQUENCE; Schema: public; Owner: postgres
--

ALTER TABLE public.settings_printer ALTER COLUMN id ADD GENERATED BY DEFAULT AS IDENTITY (
    SEQUENCE NAME public.settings_printer_id_seq
    START WITH 1
    INCREMENT BY 1
    NO MINVALUE
    NO MAXVALUE
    CACHE 1
);


--
-- Name: users_company; Type: TABLE; Schema: public; Owner: postgres
--

CREATE TABLE public.users_company (
    id bigint NOT NULL,
    name character varying(255) NOT NULL,
    address text NOT NULL
);


ALTER TABLE public.users_company OWNER TO postgres;

--
-- Name: users_company_id_seq; Type: SEQUENCE; Schema: public; Owner: postgres
--

ALTER TABLE public.users_company ALTER COLUMN id ADD GENERATED BY DEFAULT AS IDENTITY (
    SEQUENCE NAME public.users_company_id_seq
    START WITH 1
    INCREMENT BY 1
    NO MINVALUE
    NO MAXVALUE
    CACHE 1
);


--
-- Name: users_user; Type: TABLE; Schema: public; Owner: postgres
--

CREATE TABLE public.users_user (
    id bigint NOT NULL,
    password character varying(128) NOT NULL,
    last_login timestamp with time zone,
    is_superuser boolean NOT NULL,
    username character varying(150) NOT NULL,
    first_name character varying(150) NOT NULL,
    last_name character varying(150) NOT NULL,
    email character varying(254) NOT NULL,
    is_staff boolean NOT NULL,
    is_active boolean NOT NULL,
    date_joined timestamp with time zone NOT NULL,
    phonenumber character varying(13) NOT NULL,
    role character varying(50) NOT NULL,
    company_id bigint
);


ALTER TABLE public.users_user OWNER TO postgres;

--
-- Name: users_user_groups; Type: TABLE; Schema: public; Owner: postgres
--

CREATE TABLE public.users_user_groups (
    id bigint NOT NULL,
    user_id bigint NOT NULL,
    group_id integer NOT NULL
);


ALTER TABLE public.users_user_groups OWNER TO postgres;

--
-- Name: users_user_groups_id_seq; Type: SEQUENCE; Schema: public; Owner: postgres
--

ALTER TABLE public.users_user_groups ALTER COLUMN id ADD GENERATED BY DEFAULT AS IDENTITY (
    SEQUENCE NAME public.users_user_groups_id_seq
    START WITH 1
    INCREMENT BY 1
    NO MINVALUE
    NO MAXVALUE
    CACHE 1
);


--
-- Name: users_user_id_seq; Type: SEQUENCE; Schema: public; Owner: postgres
--

ALTER TABLE public.users_user ALTER COLUMN id ADD GENERATED BY DEFAULT AS IDENTITY (
    SEQUENCE NAME public.users_user_id_seq
    START WITH 1
    INCREMENT BY 1
    NO MINVALUE
    NO MAXVALUE
    CACHE 1
);


--
-- Name: users_user_user_permissions; Type: TABLE; Schema: public; Owner: postgres
--

CREATE TABLE public.users_user_user_permissions (
    id bigint NOT NULL,
    user_id bigint NOT NULL,
    permission_id integer NOT NULL
);


ALTER TABLE public.users_user_user_permissions OWNER TO postgres;

--
-- Name: users_user_user_permissions_id_seq; Type: SEQUENCE; Schema: public; Owner: postgres
--

ALTER TABLE public.users_user_user_permissions ALTER COLUMN id ADD GENERATED BY DEFAULT AS IDENTITY (
    SEQUENCE NAME public.users_user_user_permissions_id_seq
    START WITH 1
    INCREMENT BY 1
    NO MINVALUE
    NO MAXVALUE
    CACHE 1
);


--
-- Data for Name: auth_group; Type: TABLE DATA; Schema: public; Owner: postgres
--

COPY public.auth_group (id, name) FROM stdin;
\.


--
-- Data for Name: auth_group_permissions; Type: TABLE DATA; Schema: public; Owner: postgres
--

COPY public.auth_group_permissions (id, group_id, permission_id) FROM stdin;
\.


--
-- Data for Name: auth_permission; Type: TABLE DATA; Schema: public; Owner: postgres
--

COPY public.auth_permission (id, name, content_type_id, codename) FROM stdin;
1	Can add log entry	1	add_logentry
2	Can change log entry	1	change_logentry
3	Can delete log entry	1	delete_logentry
4	Can view log entry	1	view_logentry
5	Can add permission	2	add_permission
6	Can change permission	2	change_permission
7	Can delete permission	2	delete_permission
8	Can view permission	2	view_permission
9	Can add group	3	add_group
10	Can change group	3	change_group
11	Can delete group	3	delete_group
12	Can view group	3	view_group
13	Can add content type	4	add_contenttype
14	Can change content type	4	change_contenttype
15	Can delete content type	4	delete_contenttype
16	Can view content type	4	view_contenttype
17	Can add session	5	add_session
18	Can change session	5	change_session
19	Can delete session	5	delete_session
20	Can view session	5	view_session
21	Can add company	6	add_company
22	Can change company	6	change_company
23	Can delete company	6	delete_company
24	Can view company	6	view_company
25	Can add user	7	add_user
26	Can change user	7	change_user
27	Can delete user	7	delete_user
28	Can view user	7	view_user
29	Can add allocated raw materials	8	add_allocatedrawmaterials
30	Can change allocated raw materials	8	change_allocatedrawmaterials
31	Can delete allocated raw materials	8	delete_allocatedrawmaterials
32	Can view allocated raw materials	8	view_allocatedrawmaterials
33	Can add category	9	add_category
34	Can change category	9	change_category
35	Can delete category	9	delete_category
36	Can view category	9	view_category
37	Can add check list	10	add_checklist
38	Can change check list	10	change_checklist
39	Can delete check list	10	delete_checklist
40	Can view check list	10	view_checklist
41	Can add dish	11	add_dish
42	Can change dish	11	change_dish
43	Can delete dish	11	delete_dish
44	Can view dish	11	view_dish
45	Can add end of day	12	add_endofday
46	Can change end of day	12	change_endofday
47	Can delete end of day	12	delete_endofday
48	Can view end of day	12	view_endofday
49	Can add end of day items	13	add_endofdayitems
50	Can change end of day items	13	change_endofdayitems
51	Can delete end of day items	13	delete_endofdayitems
52	Can view end of day items	13	view_endofdayitems
53	Can add ingredient	14	add_ingredient
54	Can change ingredient	14	change_ingredient
55	Can delete ingredient	14	delete_ingredient
56	Can view ingredient	14	view_ingredient
57	Can add logs	15	add_logs
58	Can change logs	15	change_logs
59	Can delete logs	15	delete_logs
60	Can view logs	15	view_logs
61	Can add meal	16	add_meal
62	Can change meal	16	change_meal
63	Can delete meal	16	delete_meal
64	Can view meal	16	view_meal
65	Can add meal category	17	add_mealcategory
66	Can change meal category	17	change_mealcategory
67	Can delete meal category	17	delete_mealcategory
68	Can view meal category	17	view_mealcategory
69	Can add minor production items	18	add_minorproductionitems
70	Can change minor production items	18	change_minorproductionitems
71	Can delete minor production items	18	delete_minorproductionitems
72	Can view minor production items	18	view_minorproductionitems
73	Can add minor raw materials	19	add_minorrawmaterials
74	Can change minor raw materials	19	change_minorrawmaterials
75	Can delete minor raw materials	19	delete_minorrawmaterials
76	Can view minor raw materials	19	view_minorrawmaterials
77	Can add product	20	add_product
78	Can change product	20	change_product
79	Can delete product	20	delete_product
80	Can view product	20	view_product
81	Can add production	21	add_production
82	Can change production	21	change_production
83	Can delete production	21	delete_production
84	Can view production	21	view_production
85	Can add production inventory	22	add_productioninventory
86	Can change production inventory	22	change_productioninventory
87	Can delete production inventory	22	delete_productioninventory
88	Can view production inventory	22	view_productioninventory
89	Can add production items	23	add_productionitems
90	Can change production items	23	change_productionitems
91	Can delete production items	23	delete_productionitems
92	Can view production items	23	view_productionitems
93	Can add purchase order	24	add_purchaseorder
94	Can change purchase order	24	change_purchaseorder
95	Can delete purchase order	24	delete_purchaseorder
96	Can view purchase order	24	view_purchaseorder
97	Can add supplier	25	add_supplier
98	Can change supplier	25	change_supplier
99	Can delete supplier	25	delete_supplier
100	Can view supplier	25	view_supplier
101	Can add transfer	26	add_transfer
102	Can change transfer	26	change_transfer
103	Can delete transfer	26	delete_transfer
104	Can view transfer	26	view_transfer
105	Can add unit of measurement	27	add_unitofmeasurement
106	Can change unit of measurement	27	change_unitofmeasurement
107	Can delete unit of measurement	27	delete_unitofmeasurement
108	Can view unit of measurement	27	view_unitofmeasurement
109	Can add transfer items	28	add_transferitems
110	Can change transfer items	28	change_transferitems
111	Can delete transfer items	28	delete_transferitems
112	Can view transfer items	28	view_transferitems
113	Can add reorder	29	add_reorder
114	Can change reorder	29	change_reorder
115	Can delete reorder	29	delete_reorder
116	Can view reorder	29	view_reorder
117	Can add purchase order item	30	add_purchaseorderitem
118	Can change purchase order item	30	change_purchaseorderitem
119	Can delete purchase order item	30	delete_purchaseorderitem
120	Can view purchase order item	30	view_purchaseorderitem
121	Can add production raw materials	31	add_productionrawmaterials
122	Can change production raw materials	31	change_productionrawmaterials
123	Can delete production raw materials	31	delete_productionrawmaterials
124	Can view production raw materials	31	view_productionrawmaterials
125	Can add production logs	32	add_productionlogs
126	Can change production logs	32	change_productionlogs
127	Can delete production logs	32	delete_productionlogs
128	Can view production logs	32	view_productionlogs
129	Can add notification	33	add_notification
130	Can change notification	33	change_notification
131	Can delete notification	33	delete_notification
132	Can view notification	33	view_notification
133	Can add cash book	34	add_cashbook
134	Can change cash book	34	change_cashbook
135	Can delete cash book	34	delete_cashbook
136	Can view cash book	34	view_cashbook
137	Can add cash book note	35	add_cashbooknote
138	Can change cash book note	35	change_cashbooknote
139	Can delete cash book note	35	delete_cashbooknote
140	Can view cash book note	35	view_cashbooknote
141	Can add cashier account	36	add_cashieraccount
142	Can change cashier account	36	change_cashieraccount
143	Can delete cashier account	36	delete_cashieraccount
144	Can view cashier account	36	view_cashieraccount
145	Can add cashier payments	37	add_cashierpayments
146	Can change cashier payments	37	change_cashierpayments
147	Can delete cashier payments	37	delete_cashierpayments
148	Can view cashier payments	37	view_cashierpayments
149	Can add cash up	38	add_cashup
150	Can change cash up	38	change_cashup
151	Can delete cash up	38	delete_cashup
152	Can view cash up	38	view_cashup
153	Can add change	39	add_change
154	Can change change	39	change_change
155	Can delete change	39	delete_change
156	Can view change	39	view_change
157	Can add cogs	40	add_cogs
158	Can change cogs	40	change_cogs
159	Can delete cogs	40	delete_cogs
160	Can view cogs	40	view_cogs
161	Can add email notifications	41	add_emailnotifications
162	Can change email notifications	41	change_emailnotifications
163	Can delete email notifications	41	delete_emailnotifications
164	Can view email notifications	41	view_emailnotifications
165	Can add expense	42	add_expense
166	Can change expense	42	change_expense
167	Can delete expense	42	delete_expense
168	Can view expense	42	view_expense
169	Can add expense category	43	add_expensecategory
170	Can change expense category	43	change_expensecategory
171	Can delete expense category	43	delete_expensecategory
172	Can view expense category	43	view_expensecategory
173	Can add sale	44	add_sale
174	Can change sale	44	change_sale
175	Can delete sale	44	delete_sale
176	Can view sale	44	view_sale
177	Can add sale item	45	add_saleitem
178	Can change sale item	45	change_saleitem
179	Can delete sale item	45	delete_saleitem
180	Can view sale item	45	view_saleitem
181	Can add transaction log	46	add_transactionlog
182	Can change transaction log	46	change_transactionlog
183	Can delete transaction log	46	delete_transactionlog
184	Can view transaction log	46	view_transactionlog
185	Can add printer	47	add_printer
186	Can change printer	47	change_printer
187	Can delete printer	47	delete_printer
188	Can view printer	47	view_printer
189	Can add notification emails	48	add_notificationemails
190	Can change notification emails	48	change_notificationemails
191	Can delete notification emails	48	delete_notificationemails
192	Can view notification emails	48	view_notificationemails
193	Can add modules	49	add_modules
194	Can change modules	49	change_modules
195	Can delete modules	49	delete_modules
196	Can view modules	49	view_modules
\.


--
-- Data for Name: django_admin_log; Type: TABLE DATA; Schema: public; Owner: postgres
--

COPY public.django_admin_log (id, action_time, object_id, object_repr, action_flag, change_message, content_type_id, user_id) FROM stdin;
1	2024-11-20 09:10:11.067074+00	38	Eggplants	3		20	4
2	2024-11-23 09:38:11.913265+00	2	PP-4A589	3		21	3
3	2024-11-23 09:38:11.917932+00	1	PP-E5ACF	3		21	3
4	2024-12-07 06:35:41.755409+00	13	5.00	3		34	3
5	2024-12-07 06:35:41.772154+00	12	2.00	3		34	3
6	2024-12-07 06:35:41.772154+00	11	2.00	3		34	3
7	2024-12-07 06:35:41.81191+00	10	2.00	3		34	3
8	2024-12-07 06:35:41.821143+00	9	2.00	3		34	3
9	2024-12-07 06:35:41.837662+00	8	3.00	3		34	3
10	2024-12-07 06:35:41.847706+00	7	2.00	3		34	3
11	2024-12-07 06:35:41.855719+00	6	2.00	3		34	3
12	2024-12-07 06:35:41.855719+00	5	3.00	3		34	3
13	2024-12-07 06:35:41.872284+00	4	2.00	3		34	3
14	2024-12-07 06:35:41.875391+00	3	0.00	3		34	3
15	2024-12-07 06:35:41.878388+00	2	0.50	3		34	3
16	2024-12-07 06:35:41.88229+00	1	0.50	3		34	3
17	2024-12-07 06:36:30.042008+00	4	PP-8B171	3		21	3
18	2024-12-07 06:36:30.042008+00	3	PP-8FEBA	3		21	3
19	2024-12-07 06:38:00.124847+00	2	00002	3		26	3
20	2024-12-07 06:38:00.124847+00	1	00001	3		26	3
21	2024-12-07 06:38:52.032027+00	15	SaleItem object (15)	3		45	3
22	2024-12-07 06:38:52.032027+00	14	SaleItem object (14)	3		45	3
23	2024-12-07 06:38:52.048751+00	13	SaleItem object (13)	3		45	3
24	2024-12-07 06:38:52.048751+00	12	SaleItem object (12)	3		45	3
25	2024-12-07 06:38:52.048751+00	11	SaleItem object (11)	3		45	3
26	2024-12-07 06:38:52.06531+00	10	SaleItem object (10)	3		45	3
27	2024-12-07 06:38:52.06531+00	9	SaleItem object (9)	3		45	3
28	2024-12-07 06:38:52.088167+00	8	SaleItem object (8)	3		45	3
29	2024-12-07 06:38:52.096155+00	7	SaleItem object (7)	3		45	3
30	2024-12-07 06:38:52.098894+00	6	SaleItem object (6)	3		45	3
31	2024-12-07 06:38:52.098894+00	5	SaleItem object (5)	3		45	3
32	2024-12-07 06:38:52.098894+00	4	SaleItem object (4)	3		45	3
33	2024-12-07 06:38:52.115576+00	3	SaleItem object (3)	3		45	3
34	2024-12-07 06:38:52.115576+00	2	SaleItem object (2)	3		45	3
35	2024-12-07 06:38:52.115576+00	1	SaleItem object (1)	3		45	3
36	2024-12-07 06:39:36.823914+00	33	Fresh Milk	3		31	3
37	2024-12-07 06:39:36.830416+00	32	Margarine	3		31	3
38	2024-12-07 06:39:36.845537+00	31	T-bone	3		31	3
39	2024-12-07 06:39:36.845537+00	30	Dovi	3		31	3
40	2024-12-07 06:39:36.861255+00	29	Serviettes	3		31	3
41	2024-12-07 06:39:36.876979+00	28	Kylites #5	3		31	3
42	2024-12-07 06:39:36.881727+00	27	Vinegar sachets	3		31	3
43	2024-12-07 06:39:36.889825+00	26	Tomato Sauce sachets	3		31	3
44	2024-12-07 06:39:36.895735+00	25	Chip spice	3		31	3
45	2024-12-07 06:39:36.901475+00	24	Goat meat	3		31	3
46	2024-12-07 06:39:36.905567+00	23	sweet chilli	3		31	3
47	2024-12-07 06:39:36.913474+00	22	Tomato Sauce	3		31	3
48	2024-12-07 06:39:36.914547+00	21	BBQ Sauce	3		31	3
49	2024-12-07 06:39:36.914547+00	20	Chickens	3		31	3
50	2024-12-07 06:39:36.930277+00	19	Paprika	3		31	3
51	2024-12-07 06:39:36.930277+00	18	Pork chops	3		31	3
52	2024-12-07 06:39:36.930277+00	17	Vegetables	3		31	3
53	2024-12-07 06:39:36.95224+00	16	Spoons / Fork	3		31	3
54	2024-12-07 06:39:36.95824+00	15	rice	3		31	3
55	2024-12-07 06:39:36.963227+00	14	Mealie meal	3		31	3
56	2024-12-07 06:39:36.980557+00	13	Kylites #25	3		31	3
57	2024-12-07 06:39:36.988997+00	12	Baby-marrow	3		31	3
58	2024-12-07 06:39:36.992968+00	11	Pepper	3		31	3
59	2024-12-07 06:39:36.998648+00	10	Carrots	3		31	3
60	2024-12-07 06:39:36.998648+00	9	Green-beans	3		31	3
61	2024-12-07 06:39:37.014399+00	8	Salt sachets	3		31	3
62	2024-12-07 06:39:37.035771+00	7	Beef	3		31	3
63	2024-12-07 06:39:37.048922+00	6	Tomato paste	3		31	3
64	2024-12-07 06:39:37.059836+00	5	Cooking oil	3		31	3
65	2024-12-07 06:39:37.065108+00	4	Potatoes	3		31	3
66	2024-12-07 06:39:37.080734+00	3	Salt	3		31	3
67	2024-12-07 06:39:37.097257+00	2	Onions	3		31	3
68	2024-12-07 06:39:37.10878+00	1	Tomatoes	3		31	3
69	2024-12-06 10:06:31.379996+00	6	PP-2BBDF	3		21	3
70	2024-12-06 10:06:31.385732+00	5	PP-E4AE1	3		21	3
71	2024-12-06 10:10:56.176713+00	58	1/4 chicken	2	[{"changed": {"fields": ["Category"]}}]	11	3
72	2024-12-06 10:11:07.219456+00	54	Fish Roast	2	[{"changed": {"fields": ["Category"]}}]	11	3
73	2024-12-06 10:13:10.638183+00	53	Fish Stew	2	[]	11	3
74	2024-12-06 10:13:19.368492+00	54	Fish Roast	2	[{"changed": {"fields": ["Category"]}}]	11	3
75	2024-12-06 10:14:00.202246+00	52	Crumbed Chickens	2	[{"changed": {"fields": ["Category"]}}]	11	3
76	2024-12-06 10:14:10.999241+00	51	Pork stew	2	[{"changed": {"fields": ["Category"]}}]	11	3
77	2024-12-07 09:02:32.168786+00	51	Pork stew	2	[]	11	3
78	2024-12-07 09:02:38.687277+00	50	Coleslaw Salad	2	[]	11	3
79	2024-12-07 09:43:29.073411+00	50	ProductionLogs object (50)	3		32	3
80	2024-12-07 09:43:29.096442+00	49	ProductionLogs object (49)	3		32	3
81	2024-12-07 09:43:29.102448+00	48	ProductionLogs object (48)	3		32	3
82	2024-12-07 09:43:29.106089+00	47	ProductionLogs object (47)	3		32	3
83	2024-12-07 09:43:29.112858+00	46	ProductionLogs object (46)	3		32	3
84	2024-12-07 09:43:29.116763+00	45	ProductionLogs object (45)	3		32	3
85	2024-12-07 09:43:29.12297+00	44	ProductionLogs object (44)	3		32	3
86	2024-12-07 09:43:29.127563+00	43	ProductionLogs object (43)	3		32	3
87	2024-12-07 09:43:29.139418+00	42	ProductionLogs object (42)	3		32	3
88	2024-12-07 09:43:29.144741+00	41	ProductionLogs object (41)	3		32	3
89	2024-12-07 09:43:29.150359+00	40	ProductionLogs object (40)	3		32	3
90	2024-12-07 09:43:29.207368+00	39	ProductionLogs object (39)	3		32	3
91	2024-12-07 09:43:29.210383+00	38	ProductionLogs object (38)	3		32	3
92	2024-12-07 09:43:29.219012+00	37	ProductionLogs object (37)	3		32	3
93	2024-12-07 09:43:29.226126+00	36	ProductionLogs object (36)	3		32	3
94	2024-12-07 09:43:29.230044+00	35	ProductionLogs object (35)	3		32	3
95	2024-12-07 09:43:29.236476+00	34	ProductionLogs object (34)	3		32	3
96	2024-12-07 09:43:29.243501+00	33	ProductionLogs object (33)	3		32	3
97	2024-12-07 09:43:29.247723+00	32	ProductionLogs object (32)	3		32	3
98	2024-12-07 09:43:29.251601+00	31	ProductionLogs object (31)	3		32	3
99	2024-12-07 09:55:52.425868+00	28	PP-089B5 (Kaylites #25: (0.0))	3		8	3
100	2024-12-07 09:55:52.429793+00	27	PP-089B5 (Green-beans: (0.0))	3		8	3
101	2024-12-07 09:55:52.434787+00	26	PP-089B5 (Fresh Milk: (0.0))	3		8	3
102	2024-12-07 09:55:52.437786+00	25	PP-089B5 (Flour: (0.0))	3		8	3
103	2024-12-07 09:55:52.437786+00	24	PP-089B5 (Fish: (0.0))	3		8	3
104	2024-12-07 09:55:52.437786+00	23	PP-089B5 (Flour: (0.0))	3		8	3
105	2024-12-07 09:55:52.464842+00	22	PP-089B5 (Flour: (0.0))	3		8	3
106	2024-12-07 09:55:52.469681+00	21	PP-089B5 (Fish: (0.0))	3		8	3
107	2024-12-07 09:55:52.473641+00	20	PP-089B5 (Eggs: (0.0))	3		8	3
108	2024-12-07 09:55:52.478639+00	19	PP-089B5 (Cooking oil: (0.0))	3		8	3
109	2024-12-07 09:55:52.481642+00	18	PP-089B5 (Chip spice: (0.0))	3		8	3
110	2024-12-07 09:55:52.485747+00	17	PP-089B5 (Chickens: (0.0))	3		8	3
111	2024-12-07 09:55:52.491643+00	16	PP-089B5 (Carrots: (0.0))	3		8	3
112	2024-12-07 09:55:52.494643+00	15	PP-089B5 (Butternuts: (0.0))	3		8	3
113	2024-12-07 09:55:52.500641+00	14	PP-089B5 (Beef: (0.0))	3		8	3
114	2024-12-07 09:55:52.504389+00	13	PP-089B5 (Baby-marrow: (0.0))	3		8	3
115	2024-12-07 09:59:08.971592+00	7	PP-089B5	2	[{"changed": {"fields": ["Declared"]}}]	21	3
116	2024-12-20 08:02:07.23003+00	73	3.50	3		34	3
117	2024-12-20 08:02:07.234796+00	72	6.50	3		34	3
118	2024-12-20 08:02:07.236612+00	71	5.00	3		34	3
119	2024-12-20 08:02:07.238466+00	70	9.00	3		34	3
120	2024-12-20 08:02:07.240401+00	69	1.00	3		34	3
121	2024-12-20 08:02:07.242336+00	68	2.00	3		34	3
122	2024-12-20 08:02:07.244302+00	67	3.50	3		34	3
123	2024-12-20 08:02:07.246146+00	66	3.00	3		34	3
124	2024-12-20 08:02:07.247983+00	65	3.00	3		34	3
125	2024-12-20 08:02:07.24981+00	64	6.50	3		34	3
126	2024-12-20 08:02:07.251515+00	63	3.00	3		34	3
127	2024-12-20 08:02:07.253202+00	62	4.00	3		34	3
128	2024-12-20 08:02:07.25487+00	61	2.00	3		34	3
129	2024-12-20 08:02:07.256551+00	60	2.50	3		34	3
130	2024-12-20 08:02:07.258303+00	59	2.00	3		34	3
131	2024-12-20 08:02:07.260102+00	58	2.00	3		34	3
132	2024-12-20 08:02:07.261876+00	57	2.00	3		34	3
133	2024-12-20 08:02:07.26363+00	56	3.50	3		34	3
134	2024-12-20 08:02:07.265836+00	55	0.50	3		34	3
135	2024-12-20 08:02:07.267993+00	54	12.00	3		34	3
136	2024-12-20 08:02:07.269672+00	53	120.00	3		34	3
137	2024-12-20 08:02:07.271329+00	52	120.00	3		34	3
138	2024-12-20 08:02:07.272949+00	51	3.00	3		34	3
139	2024-12-20 08:02:07.274637+00	50	3.00	3		34	3
140	2024-12-20 08:02:07.276477+00	49	0.50	3		34	3
141	2024-12-20 08:02:07.278164+00	48	0.50	3		34	3
142	2024-12-20 08:02:07.279862+00	47	0.50	3		34	3
143	2024-12-20 08:02:07.281541+00	46	3.00	3		34	3
144	2024-12-20 08:02:07.283422+00	45	24.00	3		34	3
145	2024-12-20 08:02:07.28549+00	44	2.00	3		34	3
146	2024-12-20 08:02:07.287313+00	43	3.00	3		34	3
147	2024-12-20 08:02:07.289194+00	42	2.00	3		34	3
148	2024-12-20 08:02:07.291091+00	41	2.00	3		34	3
149	2024-12-20 08:02:07.292797+00	40	1.00	3		34	3
150	2024-12-20 08:02:07.294486+00	39	1.00	3		34	3
151	2024-12-20 08:02:07.296198+00	38	2.00	3		34	3
152	2024-12-20 08:02:07.297812+00	37	1.50	3		34	3
153	2024-12-20 08:02:07.299619+00	36	1.00	3		34	3
154	2024-12-20 08:02:07.301373+00	35	4.00	3		34	3
155	2024-12-20 08:02:07.303059+00	34	2.00	3		34	3
156	2024-12-20 08:02:07.304699+00	33	7.00	3		34	3
157	2024-12-20 08:02:07.306382+00	32	2.50	3		34	3
158	2024-12-20 08:02:07.308033+00	31	2.50	3		34	3
159	2024-12-20 08:02:07.309895+00	30	2.50	3		34	3
160	2024-12-20 08:02:07.311799+00	29	4.50	3		34	3
161	2024-12-20 08:02:07.313547+00	28	5.00	3		34	3
162	2024-12-20 08:02:07.315396+00	27	1.00	3		34	3
163	2024-12-20 08:02:07.317107+00	26	1.00	3		34	3
164	2024-12-20 08:02:07.318833+00	25	1.00	3		34	3
165	2024-12-20 08:02:07.320468+00	24	1.00	3		34	3
166	2024-12-20 08:02:07.322746+00	23	1.50	3		34	3
167	2024-12-20 08:02:07.324758+00	22	2.00	3		34	3
168	2024-12-20 08:02:07.326792+00	21	2.00	3		34	3
169	2024-12-20 08:02:07.328806+00	20	4.00	3		34	3
170	2024-12-20 08:02:07.330811+00	19	3.00	3		34	3
171	2024-12-20 08:02:07.332849+00	18	3.00	3		34	3
172	2024-12-20 08:02:07.334838+00	17	1.50	3		34	3
173	2024-12-20 08:02:07.336842+00	16	1.00	3		34	3
174	2024-12-20 08:02:07.338789+00	15	3.00	3		34	3
175	2024-12-20 08:02:07.340761+00	14	2.00	3		34	3
176	2024-12-20 08:02:16.869067+00	8	COGS object (8)	3		40	3
177	2024-12-20 08:02:16.871653+00	7	COGS object (7)	3		40	3
178	2024-12-20 08:02:16.873363+00	6	COGS object (6)	3		40	3
179	2024-12-20 08:02:32.186654+00	113	SaleItem object (113)	3		45	3
180	2024-12-20 08:02:32.189381+00	112	SaleItem object (112)	3		45	3
181	2024-12-20 08:02:32.191075+00	111	SaleItem object (111)	3		45	3
182	2024-12-20 08:02:32.192733+00	110	SaleItem object (110)	3		45	3
183	2024-12-20 08:02:32.194441+00	109	SaleItem object (109)	3		45	3
184	2024-12-20 08:02:32.196206+00	108	SaleItem object (108)	3		45	3
185	2024-12-20 08:02:32.198474+00	107	SaleItem object (107)	3		45	3
186	2024-12-20 08:02:32.20053+00	106	SaleItem object (106)	3		45	3
187	2024-12-20 08:02:32.202201+00	105	SaleItem object (105)	3		45	3
188	2024-12-20 08:02:32.203875+00	104	SaleItem object (104)	3		45	3
189	2024-12-20 08:02:32.20553+00	103	SaleItem object (103)	3		45	3
190	2024-12-20 08:02:32.207575+00	102	SaleItem object (102)	3		45	3
191	2024-12-20 08:02:32.209307+00	101	SaleItem object (101)	3		45	3
192	2024-12-20 08:02:32.211101+00	100	SaleItem object (100)	3		45	3
193	2024-12-20 08:02:32.212901+00	99	SaleItem object (99)	3		45	3
194	2024-12-20 08:02:32.21462+00	98	SaleItem object (98)	3		45	3
195	2024-12-20 08:02:32.216387+00	97	SaleItem object (97)	3		45	3
196	2024-12-20 08:02:32.218253+00	96	SaleItem object (96)	3		45	3
197	2024-12-20 08:02:32.220128+00	95	SaleItem object (95)	3		45	3
198	2024-12-20 08:02:32.22232+00	94	SaleItem object (94)	3		45	3
199	2024-12-20 08:02:32.224129+00	93	SaleItem object (93)	3		45	3
200	2024-12-20 08:02:32.225888+00	92	SaleItem object (92)	3		45	3
201	2024-12-20 08:02:32.227622+00	91	SaleItem object (91)	3		45	3
202	2024-12-20 08:02:32.229491+00	90	SaleItem object (90)	3		45	3
203	2024-12-20 08:02:32.231293+00	89	SaleItem object (89)	3		45	3
204	2024-12-20 08:02:32.232995+00	88	SaleItem object (88)	3		45	3
205	2024-12-20 08:02:32.235148+00	87	SaleItem object (87)	3		45	3
206	2024-12-20 08:02:32.237053+00	85	SaleItem object (85)	3		45	3
207	2024-12-20 08:02:32.238904+00	84	SaleItem object (84)	3		45	3
208	2024-12-20 08:02:32.240699+00	82	SaleItem object (82)	3		45	3
209	2024-12-20 08:02:32.242588+00	79	SaleItem object (79)	3		45	3
210	2024-12-20 08:02:32.244502+00	78	SaleItem object (78)	3		45	3
211	2024-12-20 08:02:32.246457+00	77	SaleItem object (77)	3		45	3
212	2024-12-20 08:02:32.248411+00	76	SaleItem object (76)	3		45	3
213	2024-12-20 08:02:32.250326+00	75	SaleItem object (75)	3		45	3
214	2024-12-20 08:02:32.252246+00	74	SaleItem object (74)	3		45	3
215	2024-12-20 08:02:32.254033+00	73	SaleItem object (73)	3		45	3
216	2024-12-20 08:02:32.255944+00	71	SaleItem object (71)	3		45	3
217	2024-12-20 08:02:32.257667+00	70	SaleItem object (70)	3		45	3
218	2024-12-20 08:02:32.259334+00	69	SaleItem object (69)	3		45	3
219	2024-12-20 08:02:32.261033+00	66	SaleItem object (66)	3		45	3
220	2024-12-20 08:02:32.262761+00	65	SaleItem object (65)	3		45	3
221	2024-12-20 08:02:32.264667+00	61	SaleItem object (61)	3		45	3
222	2024-12-20 08:02:32.266401+00	56	SaleItem object (56)	3		45	3
223	2024-12-20 08:02:32.268088+00	55	SaleItem object (55)	3		45	3
224	2024-12-20 08:02:32.270064+00	54	SaleItem object (54)	3		45	3
225	2024-12-20 08:02:32.271829+00	53	SaleItem object (53)	3		45	3
226	2024-12-20 08:02:32.273625+00	52	SaleItem object (52)	3		45	3
227	2024-12-20 08:02:32.275357+00	51	SaleItem object (51)	3		45	3
228	2024-12-20 08:02:32.277039+00	50	SaleItem object (50)	3		45	3
229	2024-12-20 08:02:32.27891+00	49	SaleItem object (49)	3		45	3
230	2024-12-20 08:02:32.280854+00	48	SaleItem object (48)	3		45	3
231	2024-12-20 08:02:32.28255+00	47	SaleItem object (47)	3		45	3
232	2024-12-20 08:02:32.284406+00	46	SaleItem object (46)	3		45	3
233	2024-12-20 08:02:32.28638+00	45	SaleItem object (45)	3		45	3
234	2024-12-20 08:02:32.288331+00	44	SaleItem object (44)	3		45	3
235	2024-12-20 08:02:32.290306+00	43	SaleItem object (43)	3		45	3
236	2024-12-20 08:02:32.292243+00	42	SaleItem object (42)	3		45	3
237	2024-12-20 08:02:32.293986+00	41	SaleItem object (41)	3		45	3
238	2024-12-20 08:02:32.295622+00	40	SaleItem object (40)	3		45	3
239	2024-12-20 08:02:32.297314+00	39	SaleItem object (39)	3		45	3
240	2024-12-20 08:02:32.299025+00	38	SaleItem object (38)	3		45	3
241	2024-12-20 08:02:32.30096+00	37	SaleItem object (37)	3		45	3
242	2024-12-20 08:02:32.302721+00	36	SaleItem object (36)	3		45	3
243	2024-12-20 08:02:32.30454+00	35	SaleItem object (35)	3		45	3
244	2024-12-20 08:02:32.306605+00	34	SaleItem object (34)	3		45	3
245	2024-12-20 08:02:32.308414+00	32	SaleItem object (32)	3		45	3
246	2024-12-20 08:02:32.310343+00	31	SaleItem object (31)	3		45	3
247	2024-12-20 08:02:32.31239+00	30	SaleItem object (30)	3		45	3
248	2024-12-20 08:02:32.314422+00	27	SaleItem object (27)	3		45	3
249	2024-12-20 08:02:32.316329+00	19	SaleItem object (19)	3		45	3
250	2024-12-20 08:02:32.318305+00	18	SaleItem object (18)	3		45	3
251	2024-12-20 08:02:32.320295+00	17	SaleItem object (17)	3		45	3
252	2024-12-20 08:02:32.322641+00	16	SaleItem object (16)	3		45	3
253	2024-12-20 08:02:43.229399+00	132	admin -> (3.50)	3		44	3
254	2024-12-20 08:02:43.232353+00	131	admin -> (6.50)	3		44	3
255	2024-12-20 08:02:43.234132+00	130	admin -> (5.00)	3		44	3
256	2024-12-20 08:02:43.236035+00	129	admin -> (9.00)	3		44	3
257	2024-12-20 08:02:43.237845+00	128	admin -> (1.00)	3		44	3
258	2024-12-20 08:02:43.239651+00	127	admin -> (2.00)	3		44	3
259	2024-12-20 08:02:43.241627+00	126	michy@techcity.co.zw -> (3.50)	3		44	3
260	2024-12-20 08:02:43.24337+00	125	michy@techcity.co.zw -> (3.00)	3		44	3
261	2024-12-20 08:02:43.245066+00	124	michy@techcity.co.zw -> (3.00)	3		44	3
262	2024-12-20 08:02:43.246757+00	123	michy@techcity.co.zw -> (6.50)	3		44	3
263	2024-12-20 08:02:43.248582+00	122	admin -> (3.00)	3		44	3
264	2024-12-20 08:02:43.25027+00	121	admin -> (4.00)	3		44	3
265	2024-12-20 08:02:43.251958+00	120	admin -> (2.00)	3		44	3
266	2024-12-20 08:02:43.253668+00	119	admin -> (2.50)	3		44	3
267	2024-12-20 08:02:43.255578+00	118	admin -> (2.00)	3		44	3
268	2024-12-20 08:02:43.257417+00	117	admin -> (2.00)	3		44	3
269	2024-12-20 08:02:43.259151+00	116	admin -> (2.00)	3		44	3
270	2024-12-20 08:02:43.261038+00	115	admin -> (3.50)	3		44	3
271	2024-12-20 08:02:43.26285+00	114	admin -> (0.50)	3		44	3
272	2024-12-20 08:02:43.264625+00	113	admin -> (3.00)	3		44	3
273	2024-12-20 08:02:43.266562+00	111	admin -> (3.00)	3		44	3
274	2024-12-20 08:02:43.268419+00	110	admin -> (0.50)	3		44	3
275	2024-12-20 08:02:43.270209+00	108	admin -> (0.50)	3		44	3
276	2024-12-20 08:02:43.271986+00	105	admin -> (0.50)	3		44	3
277	2024-12-20 08:02:43.273863+00	104	admin -> (3.00)	3		44	3
278	2024-12-20 08:02:43.275686+00	103	admin -> (24.00)	3		44	3
279	2024-12-20 08:02:43.277614+00	102	admin -> (2.00)	3		44	3
280	2024-12-20 08:02:43.2794+00	101	admin -> (3.00)	3		44	3
281	2024-12-20 08:02:43.281192+00	100	admin -> (2.00)	3		44	3
282	2024-12-20 08:02:43.282969+00	99	admin -> (2.00)	3		44	3
283	2024-12-20 08:02:43.284888+00	97	admin -> (1.00)	3		44	3
284	2024-12-20 08:02:43.2867+00	96	admin -> (1.00)	3		44	3
285	2024-12-20 08:02:43.288522+00	95	admin -> (2.00)	3		44	3
286	2024-12-20 08:02:43.290413+00	92	admin -> (1.50)	3		44	3
287	2024-12-20 08:02:43.29226+00	91	admin -> (1.00)	3		44	3
288	2024-12-20 08:02:43.294143+00	87	admin -> (4.00)	3		44	3
289	2024-12-20 08:02:43.296502+00	82	admin -> (2.00)	3		44	3
290	2024-12-20 08:02:43.298446+00	72	admin -> (7.00)	3		44	3
291	2024-12-20 08:02:43.300328+00	71	admin -> (2.50)	3		44	3
292	2024-12-20 08:02:43.30227+00	70	admin -> (2.50)	3		44	3
293	2024-12-20 08:02:43.304154+00	69	admin -> (2.50)	3		44	3
294	2024-12-20 08:02:43.306089+00	68	admin -> (4.50)	3		44	3
295	2024-12-20 08:02:43.307965+00	67	admin -> (5.00)	3		44	3
296	2024-12-20 08:02:43.309912+00	66	admin -> (1.00)	3		44	3
297	2024-12-20 08:02:43.311899+00	65	admin -> (1.00)	3		44	3
298	2024-12-20 08:02:43.313854+00	64	admin -> (1.00)	3		44	3
299	2024-12-20 08:02:43.315796+00	63	admin -> (1.00)	3		44	3
300	2024-12-20 08:02:43.317764+00	62	admin -> (1.50)	3		44	3
301	2024-12-20 08:02:43.319851+00	61	admin -> (2.00)	3		44	3
302	2024-12-20 08:02:43.321844+00	60	admin -> (2.00)	3		44	3
303	2024-12-20 08:02:43.324376+00	59	admin -> (2.00)	3		44	3
304	2024-12-20 08:02:43.326429+00	57	admin -> (2.00)	3		44	3
305	2024-12-20 08:02:43.328459+00	56	admin -> (2.00)	3		44	3
306	2024-12-20 08:02:43.330496+00	55	admin -> (2.00)	3		44	3
307	2024-12-20 08:02:43.332534+00	54	admin -> (2.00)	3		44	3
308	2024-12-20 08:02:43.334559+00	53	admin -> (2.00)	3		44	3
309	2024-12-20 08:02:43.336556+00	52	admin -> (2.00)	3		44	3
310	2024-12-20 08:02:43.338548+00	51	admin -> (2.00)	3		44	3
311	2024-12-20 08:02:43.340534+00	50	admin -> (2.00)	3		44	3
312	2024-12-20 08:02:43.34252+00	49	admin -> (2.00)	3		44	3
313	2024-12-20 08:02:43.344516+00	48	michy@techcity.co.zw -> (2.00)	3		44	3
314	2024-12-20 08:02:43.346512+00	47	michy@techcity.co.zw -> (4.00)	3		44	3
315	2024-12-20 08:02:43.348502+00	46	michy@techcity.co.zw -> (3.00)	3		44	3
316	2024-12-20 08:02:43.350522+00	43	michy@techcity.co.zw -> (3.00)	3		44	3
317	2024-12-20 08:02:43.352512+00	35	michy@techcity.co.zw -> (1.50)	3		44	3
318	2024-12-20 08:02:43.354511+00	34	michy@techcity.co.zw -> (1.00)	3		44	3
319	2024-12-20 08:02:43.356535+00	33	michy@techcity.co.zw -> (3.00)	3		44	3
320	2024-12-20 08:02:43.358516+00	32	admin -> (2.00)	3		44	3
321	2024-12-20 08:02:43.360503+00	31	admin -> (2.00)	3		44	3
322	2024-12-20 08:02:43.362538+00	30	admin -> (2.00)	3		44	3
323	2024-12-20 08:02:43.36452+00	29	casy -> (1.50)	3		44	3
324	2024-12-20 08:02:43.366503+00	28	casy -> (1.50)	3		44	3
325	2024-12-20 08:02:43.368504+00	27	casy -> (2.00)	3		44	3
326	2024-12-20 08:02:43.370491+00	26	casy -> (2.00)	3		44	3
327	2024-12-20 08:02:43.372479+00	25	casy -> (1.50)	3		44	3
328	2024-12-20 08:02:43.374475+00	24	casy -> (1.50)	3		44	3
329	2024-12-20 08:02:43.376456+00	23	casy -> (1.50)	3		44	3
330	2024-12-20 08:02:43.37844+00	22	casy -> (1.50)	3		44	3
331	2024-12-20 08:02:43.380438+00	21	casy -> (1.50)	3		44	3
332	2024-12-20 08:02:43.382441+00	20	admin -> (5.00)	3		44	3
333	2024-12-20 08:02:43.384435+00	19	admin -> (2.00)	3		44	3
334	2024-12-20 08:02:43.386478+00	18	admin -> (2.00)	3		44	3
335	2024-12-20 08:02:43.388474+00	17	admin -> (2.00)	3		44	3
336	2024-12-20 08:02:43.390468+00	16	admin -> (2.00)	3		44	3
337	2024-12-20 08:02:43.392463+00	15	admin -> (3.00)	3		44	3
338	2024-12-20 08:02:43.394457+00	14	admin -> (2.00)	3		44	3
339	2024-12-20 08:02:43.396436+00	13	admin -> (2.00)	3		44	3
340	2024-12-20 08:02:43.398878+00	12	admin -> (3.00)	3		44	3
341	2024-12-20 08:02:43.400874+00	11	admin -> (2.00)	3		44	3
342	2024-12-20 08:02:43.402865+00	10	admin -> (0.00)	3		44	3
343	2024-12-20 08:02:43.404851+00	9	admin -> (0.50)	3		44	3
344	2024-12-20 08:02:43.406813+00	8	admin -> (0.50)	3		44	3
345	2024-12-20 08:02:43.408799+00	6	admin -> (0.50)	3		44	3
346	2024-12-20 08:02:43.410819+00	5	admin -> (0.50)	3		44	3
347	2024-12-20 08:02:43.412849+00	4	admin -> (0.50)	3		44	3
348	2024-12-20 08:02:43.414882+00	3	admin -> (0.50)	3		44	3
349	2024-12-20 08:02:43.416878+00	2	admin -> (1.50)	3		44	3
350	2024-12-20 08:02:43.418895+00	1	admin -> (1.50)	3		44	3
351	2024-12-20 08:02:56.017844+00	64	PP-089B5 (Flour: (0.0))	3		8	3
352	2024-12-20 08:02:56.021045+00	63	PP-089B5 (Fish: (0.0))	3		8	3
353	2024-12-20 08:02:56.023063+00	62	PP-089B5 (Eggs: (0.0))	3		8	3
354	2024-12-20 08:02:56.02494+00	61	PP-089B5 (Cooking oil: (0.0))	3		8	3
355	2024-12-20 08:02:56.026747+00	60	PP-089B5 (Chip spice: (0.0))	3		8	3
356	2024-12-20 08:02:56.028683+00	59	PP-089B5 (Chickens: (0.0))	3		8	3
357	2024-12-20 08:02:56.030633+00	58	PP-089B5 (Carrots: (0.0))	3		8	3
358	2024-12-20 08:02:56.032507+00	57	PP-089B5 (Butternuts: (0.0))	3		8	3
359	2024-12-20 08:02:56.034344+00	56	PP-089B5 (Beef: (0.0))	3		8	3
360	2024-12-20 08:02:56.036031+00	55	PP-089B5 (Baby-marrow: (0.0))	3		8	3
361	2024-12-20 08:02:56.037763+00	54	PP-089B5 (Vinegar sachets: (180.0))	3		8	3
362	2024-12-20 08:02:56.039591+00	53	PP-089B5 (Tomatoes: (5.04))	3		8	3
363	2024-12-20 08:02:56.041385+00	52	PP-089B5 (Tomato Sauce sachets: (180.0))	3		8	3
364	2024-12-20 08:02:56.043173+00	51	PP-089B5 (Tomato paste: (0.58))	3		8	3
365	2024-12-20 08:02:56.045316+00	50	PP-089B5 (T-bone: (2.5))	3		8	3
366	2024-12-20 08:02:56.047559+00	49	PP-089B5 (Sugar: (0.05))	3		8	3
367	2024-12-20 08:02:56.04944+00	48	PP-089B5 (Spoons / Fork: (304.0))	3		8	3
368	2024-12-20 08:02:56.051296+00	47	PP-089B5 (Spaghetti: (1.2))	3		8	3
369	2024-12-20 08:02:56.053129+00	46	PP-089B5 (Serviettes: (180.0))	3		8	3
370	2024-12-20 08:02:56.055032+00	45	PP-089B5 (Salt sachets: (240.0))	3		8	3
371	2024-12-20 08:02:56.056885+00	44	PP-089B5 (Salt: (1.54))	3		8	3
372	2024-12-20 08:02:56.058817+00	43	PP-089B5 (Russians: (1.0))	3		8	3
373	2024-12-20 08:02:56.060694+00	42	PP-089B5 (rice: (16.0))	3		8	3
374	2024-12-20 08:02:56.062867+00	41	PP-089B5 (Potatoes: (92.64))	3		8	3
375	2024-12-20 08:02:56.065037+00	40	PP-089B5 (Pork head: (4.13))	3		8	3
376	2024-12-20 08:02:56.06721+00	39	PP-089B5 (Pork chops: (1.8))	3		8	3
377	2024-12-20 08:02:56.069174+00	38	PP-089B5 (Pepper: (0.4))	3		8	3
378	2024-12-20 08:02:56.071114+00	37	PP-089B5 (Paprika: (0.35))	3		8	3
379	2024-12-20 08:02:56.073387+00	36	PP-089B5 (Onions: (1.83))	3		8	3
380	2024-12-20 08:02:56.07539+00	35	PP-089B5 (Mealie meal: (5.71))	3		8	3
381	2024-12-20 08:02:56.077761+00	34	PP-089B5 (Margarine: (0.2))	3		8	3
382	2024-12-20 08:02:56.079715+00	33	PP-089B5 (Macaroni: (2.0))	3		8	3
383	2024-12-20 08:02:56.081673+00	32	PP-089B5 (Kylites #5: (8.0))	3		8	3
384	2024-12-20 08:02:56.083691+00	31	PP-089B5 (Kylites #25: (0.0))	3		8	3
385	2024-12-20 08:02:56.08561+00	30	PP-089B5 (Green-beans: (0.32))	3		8	3
386	2024-12-20 08:02:56.087575+00	29	PP-089B5 (Fresh Milk: (0.5))	3		8	3
387	2024-12-20 08:03:08.448191+00	300	Brothers drink	3		10	3
388	2024-12-20 08:03:08.451701+00	299	King size sprite	3		10	3
389	2024-12-20 08:03:08.453871+00	298	King size fanta	3		10	3
390	2024-12-20 08:03:08.455989+00	297	Mirinda pineapple	3		10	3
391	2024-12-20 08:03:08.457781+00	296	Mirinda orange	3		10	3
392	2024-12-20 08:03:08.460084+00	295	Pepsi coke	3		10	3
393	2024-12-20 08:03:08.462434+00	294	Pet pine nut	3		10	3
394	2024-12-20 08:03:08.464167+00	293	Pet Fanta	3		10	3
395	2024-12-20 08:03:08.46588+00	292	Pet coke	3		10	3
396	2024-12-20 08:03:08.46756+00	291	Pet Cherry	3		10	3
397	2024-12-20 08:03:08.469209+00	290	Mirinda green apple	3		10	3
398	2024-12-20 08:03:08.471252+00	289	Mirinda grape	3		10	3
399	2024-12-20 08:03:08.472973+00	288	Kingsize coke	3		10	3
400	2024-12-20 08:03:08.474726+00	287	Pet drinks	3		10	3
401	2024-12-20 08:03:08.476485+00	286	Fruitcana	3		10	3
402	2024-12-20 08:03:08.4786+00	285	King size coke	3		10	3
403	2024-12-20 08:03:08.480733+00	284	Pepsi drinks	3		10	3
404	2024-12-20 08:03:08.482849+00	283	Water	3		10	3
405	2024-12-20 08:03:08.484841+00	282	Brothers drink	3		10	3
406	2024-12-20 08:03:08.486552+00	281	King size sprite	3		10	3
407	2024-12-20 08:03:08.488345+00	280	King size fanta	3		10	3
408	2024-12-20 08:03:08.490578+00	279	Mirinda pineapple	3		10	3
409	2024-12-20 08:03:08.493157+00	278	Mirinda orange	3		10	3
410	2024-12-20 08:03:08.49491+00	277	Pepsi coke	3		10	3
411	2024-12-20 08:03:08.496732+00	276	Pet pine nut	3		10	3
412	2024-12-20 08:03:08.498533+00	275	Pet Fanta	3		10	3
413	2024-12-20 08:03:08.500356+00	274	Pet coke	3		10	3
414	2024-12-20 08:03:08.502193+00	273	Pet Cherry	3		10	3
415	2024-12-20 08:03:08.503987+00	272	Mirinda green apple	3		10	3
416	2024-12-20 08:03:08.505801+00	271	Mirinda grape	3		10	3
417	2024-12-20 08:03:08.507653+00	270	Kingsize coke	3		10	3
418	2024-12-20 08:03:08.509507+00	269	Pet drinks	3		10	3
419	2024-12-20 08:03:08.511422+00	268	Fruitcana	3		10	3
420	2024-12-20 08:03:08.513676+00	267	King size coke	3		10	3
421	2024-12-20 08:03:08.51555+00	266	Pepsi drinks	3		10	3
422	2024-12-20 08:03:08.517413+00	265	Water	3		10	3
423	2024-12-20 08:03:08.519274+00	264	Brothers drink	3		10	3
424	2024-12-20 08:03:08.521089+00	263	King size sprite	3		10	3
425	2024-12-20 08:03:08.522894+00	262	King size fanta	3		10	3
426	2024-12-20 08:03:08.524752+00	261	Mirinda pineapple	3		10	3
427	2024-12-20 08:03:08.526657+00	260	Mirinda orange	3		10	3
428	2024-12-20 08:03:08.528592+00	259	Pepsi coke	3		10	3
429	2024-12-20 08:03:08.530544+00	258	Pet pine nut	3		10	3
430	2024-12-20 08:03:08.532523+00	257	Pet Fanta	3		10	3
431	2024-12-20 08:03:08.534492+00	256	Pet coke	3		10	3
432	2024-12-20 08:03:08.536484+00	255	Pet Cherry	3		10	3
433	2024-12-20 08:03:08.53844+00	254	Mirinda green apple	3		10	3
434	2024-12-20 08:03:08.540386+00	253	Mirinda grape	3		10	3
435	2024-12-20 08:03:08.5423+00	252	Kingsize coke	3		10	3
436	2024-12-20 08:03:08.544195+00	251	Pet drinks	3		10	3
437	2024-12-20 08:03:08.546182+00	250	Fruitcana	3		10	3
438	2024-12-20 08:03:08.548151+00	249	King size coke	3		10	3
439	2024-12-20 08:03:08.550118+00	248	Pepsi drinks	3		10	3
440	2024-12-20 08:03:08.55208+00	247	Water	3		10	3
441	2024-12-20 08:03:08.554213+00	246	Pet pine nut	3		10	3
442	2024-12-20 08:03:08.55628+00	245	Mirinda pineapple	3		10	3
443	2024-12-20 08:03:08.558275+00	244	Mirinda green apple	3		10	3
444	2024-12-20 08:03:08.560267+00	243	Mirinda orange	3		10	3
445	2024-12-20 08:03:08.562249+00	242	Mirinda grape	3		10	3
446	2024-12-20 08:03:08.564271+00	241	Pepsi coke	3		10	3
447	2024-12-20 08:03:08.566306+00	240	King size sprite	3		10	3
448	2024-12-20 08:03:08.56831+00	239	King size fanta	3		10	3
449	2024-12-20 08:03:08.570323+00	238	Kingsize coke	3		10	3
450	2024-12-20 08:03:08.572325+00	237	Pet Cherry	3		10	3
451	2024-12-20 08:03:08.574756+00	236	Pet Fanta	3		10	3
452	2024-12-20 08:03:08.576748+00	235	Pet coke	3		10	3
453	2024-12-20 08:03:08.578752+00	234	Fruitcana	3		10	3
454	2024-12-20 08:03:08.580753+00	233	King size coke	3		10	3
455	2024-12-20 08:03:08.582757+00	232	Pet drinks	3		10	3
456	2024-12-20 08:03:08.584766+00	231	Pepsi drinks	3		10	3
457	2024-12-20 08:03:08.586728+00	230	Water	3		10	3
458	2024-12-20 08:03:08.588735+00	229	Lemon and herb	3		10	3
459	2024-12-20 08:03:08.59075+00	228	Porkers	3		10	3
460	2024-12-20 08:03:08.592758+00	227	Serviettes	3		10	3
461	2024-12-20 08:03:08.594823+00	226	Spoons / Fork	3		10	3
462	2024-12-20 08:03:08.596811+00	225	Kylites #25	3		10	3
463	2024-12-20 08:03:08.59879+00	224	Kylites #5	3		10	3
464	2024-12-20 08:03:08.60075+00	223	Salt sachets	3		10	3
465	2024-12-20 08:03:08.602769+00	222	Green-beans	3		10	3
466	2024-12-20 08:03:08.60476+00	221	Butternuts	3		10	3
467	2024-12-20 08:03:08.606756+00	220	Baby-marrow	3		10	3
468	2024-12-20 08:03:08.608754+00	219	Pepper	3		10	3
469	2024-12-20 08:03:08.610756+00	218	Carrots	3		10	3
470	2024-12-20 08:03:08.612755+00	217	Onions	3		10	3
471	2024-12-20 08:03:08.614768+00	216	Tomatoes	3		10	3
472	2024-12-20 08:03:08.616779+00	215	Vegetables	3		10	3
473	2024-12-20 08:03:08.618783+00	214	Fresh Milk	3		10	3
474	2024-12-20 08:03:08.620789+00	213	Sugar	3		10	3
475	2024-12-20 08:03:08.622788+00	212	Beef	3		10	3
476	2024-12-20 08:03:08.62479+00	211	Fish	3		10	3
477	2024-12-20 08:03:08.626793+00	210	Chickens	3		10	3
478	2024-12-20 08:03:08.628795+00	209	Eggs	3		10	3
479	2024-12-20 08:03:08.630754+00	208	Margarine	3		10	3
480	2024-12-20 08:03:08.632723+00	207	Dovi	3		10	3
481	2024-12-20 08:03:08.63469+00	206	Potatoes	3		10	3
482	2024-12-20 08:03:08.636662+00	205	Paprika	3		10	3
483	2024-12-20 08:03:08.638673+00	204	Cooking oil	3		10	3
484	2024-12-20 08:03:08.64063+00	203	Salt	3		10	3
485	2024-12-20 08:03:08.642639+00	202	Tomato paste	3		10	3
486	2024-12-20 08:03:08.644574+00	201	Spaghetti	3		10	3
487	2024-12-20 08:03:51.097012+00	81	ProductionItems object (81)	3		23	3
488	2024-12-20 08:03:51.100329+00	80	ProductionItems object (80)	3		23	3
489	2024-12-20 08:03:51.102106+00	79	ProductionItems object (79)	3		23	3
490	2024-12-20 08:03:51.10394+00	78	ProductionItems object (78)	3		23	3
491	2024-12-20 08:03:51.105893+00	77	ProductionItems object (77)	3		23	3
492	2024-12-20 08:03:51.107835+00	76	ProductionItems object (76)	3		23	3
493	2024-12-20 08:03:51.109944+00	75	ProductionItems object (75)	3		23	3
494	2024-12-20 08:03:51.1117+00	74	ProductionItems object (74)	3		23	3
495	2024-12-20 08:03:51.11348+00	73	ProductionItems object (73)	3		23	3
496	2024-12-20 08:03:51.115427+00	72	ProductionItems object (72)	3		23	3
497	2024-12-20 08:03:51.117342+00	71	ProductionItems object (71)	3		23	3
498	2024-12-20 08:03:51.119162+00	70	ProductionItems object (70)	3		23	3
499	2024-12-20 08:03:51.120986+00	69	ProductionItems object (69)	3		23	3
500	2024-12-20 08:03:51.122804+00	68	ProductionItems object (68)	3		23	3
501	2024-12-20 08:03:51.124689+00	67	ProductionItems object (67)	3		23	3
502	2024-12-20 08:03:51.126501+00	66	ProductionItems object (66)	3		23	3
503	2024-12-20 08:03:51.128316+00	65	ProductionItems object (65)	3		23	3
504	2024-12-20 08:03:51.1301+00	64	ProductionItems object (64)	3		23	3
505	2024-12-20 08:03:51.131948+00	63	ProductionItems object (63)	3		23	3
506	2024-12-20 08:03:51.133807+00	62	ProductionItems object (62)	3		23	3
507	2024-12-20 08:03:51.13571+00	61	ProductionItems object (61)	3		23	3
508	2024-12-20 08:03:51.13757+00	60	ProductionItems object (60)	3		23	3
509	2024-12-20 08:03:51.139495+00	59	ProductionItems object (59)	3		23	3
510	2024-12-20 08:03:51.141327+00	58	ProductionItems object (58)	3		23	3
511	2024-12-20 08:03:51.143193+00	57	ProductionItems object (57)	3		23	3
512	2024-12-20 08:03:51.145115+00	56	ProductionItems object (56)	3		23	3
513	2024-12-20 08:03:51.147035+00	54	ProductionItems object (54)	3		23	3
514	2024-12-20 08:03:51.148937+00	53	ProductionItems object (53)	3		23	3
515	2024-12-20 08:03:51.150878+00	52	ProductionItems object (52)	3		23	3
516	2024-12-20 08:03:51.152753+00	51	ProductionItems object (51)	3		23	3
517	2024-12-20 08:03:51.154676+00	50	ProductionItems object (50)	3		23	3
518	2024-12-20 08:03:51.156664+00	49	ProductionItems object (49)	3		23	3
519	2024-12-20 08:03:51.15859+00	48	ProductionItems object (48)	3		23	3
520	2024-12-20 08:03:51.16057+00	47	ProductionItems object (47)	3		23	3
521	2024-12-20 08:03:51.162493+00	46	ProductionItems object (46)	3		23	3
522	2024-12-20 08:03:51.164474+00	45	ProductionItems object (45)	3		23	3
523	2024-12-20 08:03:51.166466+00	44	ProductionItems object (44)	3		23	3
524	2024-12-20 08:03:51.168436+00	43	ProductionItems object (43)	3		23	3
525	2024-12-20 08:03:51.170368+00	42	ProductionItems object (42)	3		23	3
526	2024-12-20 08:03:51.172343+00	41	ProductionItems object (41)	3		23	3
527	2024-12-20 08:03:51.17431+00	40	ProductionItems object (40)	3		23	3
528	2024-12-20 08:03:51.176282+00	39	ProductionItems object (39)	3		23	3
529	2024-12-20 08:04:11.439274+00	5	00003	3		26	3
530	2024-12-20 08:04:11.44195+00	4	00002	3		26	3
531	2024-12-20 08:04:11.443681+00	3	00001	3		26	3
532	2024-12-21 06:40:35.496465+00	93	3.00	3		34	3
533	2024-12-21 06:40:35.500695+00	92	3.50	3		34	3
534	2024-12-21 06:40:35.502257+00	91	2.00	3		34	3
535	2024-12-21 06:40:35.503784+00	90	2.00	3		34	3
536	2024-12-21 06:40:35.505295+00	89	2.00	3		34	3
537	2024-12-21 06:40:35.506834+00	88	3.00	3		34	3
538	2024-12-21 06:40:35.508389+00	87	2.00	3		34	3
539	2024-12-21 06:40:35.509916+00	86	3.00	3		34	3
540	2024-12-21 06:40:35.511478+00	85	2.00	3		34	3
541	2024-12-21 06:40:35.512936+00	84	3.00	3		34	3
542	2024-12-21 06:40:35.514481+00	83	3.50	3		34	3
543	2024-12-21 06:40:35.515846+00	82	3.00	3		34	3
544	2024-12-21 06:40:35.517307+00	81	2.50	3		34	3
545	2024-12-21 06:40:35.518901+00	80	3.00	3		34	3
546	2024-12-21 06:40:35.520336+00	79	3.00	3		34	3
547	2024-12-21 06:40:35.521847+00	78	3.00	3		34	3
548	2024-12-21 06:40:35.523638+00	77	3.00	3		34	3
549	2024-12-21 06:40:35.525356+00	76	2.00	3		34	3
550	2024-12-21 06:40:35.527066+00	75	1.00	3		34	3
551	2024-12-21 06:40:35.528718+00	74	1.00	3		34	3
552	2024-12-21 06:40:49.136957+00	133	SaleItem object (133)	3		45	3
553	2024-12-21 06:40:49.139446+00	132	SaleItem object (132)	3		45	3
554	2024-12-21 06:40:49.141025+00	131	SaleItem object (131)	3		45	3
555	2024-12-21 06:40:49.142513+00	130	SaleItem object (130)	3		45	3
556	2024-12-21 06:40:49.14416+00	129	SaleItem object (129)	3		45	3
557	2024-12-21 06:40:49.145819+00	128	SaleItem object (128)	3		45	3
558	2024-12-21 06:40:49.147386+00	127	SaleItem object (127)	3		45	3
559	2024-12-21 06:40:49.148916+00	126	SaleItem object (126)	3		45	3
560	2024-12-21 06:40:49.150434+00	125	SaleItem object (125)	3		45	3
561	2024-12-21 06:40:49.152209+00	124	SaleItem object (124)	3		45	3
562	2024-12-21 06:40:49.153822+00	123	SaleItem object (123)	3		45	3
563	2024-12-21 06:40:49.155476+00	122	SaleItem object (122)	3		45	3
564	2024-12-21 06:40:49.157133+00	121	SaleItem object (121)	3		45	3
565	2024-12-21 06:40:49.158797+00	120	SaleItem object (120)	3		45	3
566	2024-12-21 06:40:49.160498+00	119	SaleItem object (119)	3		45	3
567	2024-12-21 06:40:49.162252+00	118	SaleItem object (118)	3		45	3
568	2024-12-21 06:40:49.163975+00	117	SaleItem object (117)	3		45	3
569	2024-12-21 06:40:49.166306+00	116	SaleItem object (116)	3		45	3
570	2024-12-21 06:40:49.168269+00	115	SaleItem object (115)	3		45	3
571	2024-12-21 06:40:49.170282+00	114	SaleItem object (114)	3		45	3
572	2024-12-21 06:40:58.986586+00	152	admin -> (3.00)	3		44	3
573	2024-12-21 06:40:58.989572+00	151	casy -> (3.50)	3		44	3
574	2024-12-21 06:40:58.991349+00	150	casy -> (2.00)	3		44	3
575	2024-12-21 06:40:58.993122+00	149	casy -> (2.00)	3		44	3
576	2024-12-21 06:40:58.99504+00	148	admin -> (2.00)	3		44	3
577	2024-12-21 06:40:58.996841+00	147	admin -> (3.00)	3		44	3
578	2024-12-21 06:40:58.998689+00	146	casy -> (2.00)	3		44	3
579	2024-12-21 06:40:59.000329+00	145	casy -> (3.00)	3		44	3
580	2024-12-21 06:40:59.002004+00	144	admin -> (2.00)	3		44	3
581	2024-12-21 06:40:59.003625+00	143	admin -> (3.00)	3		44	3
582	2024-12-21 06:40:59.005254+00	142	admin -> (3.50)	3		44	3
583	2024-12-21 06:40:59.007036+00	141	admin -> (3.00)	3		44	3
584	2024-12-21 06:40:59.008812+00	140	admin -> (2.50)	3		44	3
585	2024-12-21 06:40:59.01049+00	139	casy -> (3.00)	3		44	3
586	2024-12-21 06:40:59.012216+00	138	casy -> (3.00)	3		44	3
587	2024-12-21 06:40:59.01392+00	137	casy -> (3.00)	3		44	3
588	2024-12-21 06:40:59.015649+00	136	casy -> (3.00)	3		44	3
589	2024-12-21 06:40:59.017811+00	135	casy -> (2.00)	3		44	3
590	2024-12-21 06:40:59.019541+00	134	casy -> (1.00)	3		44	3
591	2024-12-21 06:40:59.021365+00	133	casy -> (1.00)	3		44	3
592	2024-12-21 06:43:02.958135+00	273	ProductionLogs object (273)	3		32	3
593	2024-12-21 06:43:02.961232+00	272	ProductionLogs object (272)	3		32	3
594	2024-12-21 06:43:02.963457+00	271	ProductionLogs object (271)	3		32	3
595	2024-12-21 06:43:02.965199+00	270	ProductionLogs object (270)	3		32	3
596	2024-12-21 06:43:02.966936+00	269	ProductionLogs object (269)	3		32	3
597	2024-12-21 06:43:02.968623+00	268	ProductionLogs object (268)	3		32	3
598	2024-12-21 06:43:02.9711+00	267	ProductionLogs object (267)	3		32	3
599	2024-12-21 06:43:02.973357+00	266	ProductionLogs object (266)	3		32	3
600	2024-12-21 06:43:02.975381+00	265	ProductionLogs object (265)	3		32	3
601	2024-12-21 06:43:02.977284+00	264	ProductionLogs object (264)	3		32	3
602	2024-12-21 06:43:02.979217+00	263	ProductionLogs object (263)	3		32	3
603	2024-12-21 06:43:02.98165+00	262	ProductionLogs object (262)	3		32	3
604	2024-12-21 06:43:02.983464+00	261	ProductionLogs object (261)	3		32	3
605	2024-12-21 06:43:02.985175+00	260	ProductionLogs object (260)	3		32	3
606	2024-12-21 06:43:02.98711+00	259	ProductionLogs object (259)	3		32	3
607	2024-12-21 06:43:02.989064+00	258	ProductionLogs object (258)	3		32	3
608	2024-12-21 06:43:02.990949+00	257	ProductionLogs object (257)	3		32	3
609	2024-12-21 06:43:02.992781+00	256	ProductionLogs object (256)	3		32	3
610	2024-12-21 06:43:02.994581+00	255	ProductionLogs object (255)	3		32	3
611	2024-12-21 06:43:02.9965+00	254	ProductionLogs object (254)	3		32	3
612	2024-12-21 06:43:02.998472+00	253	ProductionLogs object (253)	3		32	3
613	2024-12-21 06:43:03.000346+00	252	ProductionLogs object (252)	3		32	3
614	2024-12-21 06:43:03.002204+00	251	ProductionLogs object (251)	3		32	3
615	2024-12-21 06:43:03.004457+00	250	ProductionLogs object (250)	3		32	3
616	2024-12-21 06:43:03.006379+00	249	ProductionLogs object (249)	3		32	3
617	2024-12-21 06:43:03.008269+00	248	ProductionLogs object (248)	3		32	3
618	2024-12-21 06:43:03.010188+00	247	ProductionLogs object (247)	3		32	3
619	2024-12-21 06:43:03.012159+00	246	ProductionLogs object (246)	3		32	3
620	2024-12-21 06:43:03.014115+00	245	ProductionLogs object (245)	3		32	3
621	2024-12-21 06:43:03.015987+00	244	ProductionLogs object (244)	3		32	3
622	2024-12-21 06:43:03.017905+00	243	ProductionLogs object (243)	3		32	3
623	2024-12-21 06:43:03.01978+00	242	ProductionLogs object (242)	3		32	3
624	2024-12-21 06:43:03.021712+00	241	ProductionLogs object (241)	3		32	3
625	2024-12-21 06:43:03.023642+00	240	ProductionLogs object (240)	3		32	3
626	2024-12-21 06:43:03.025534+00	239	ProductionLogs object (239)	3		32	3
627	2024-12-21 06:43:03.027503+00	238	ProductionLogs object (238)	3		32	3
628	2024-12-21 06:43:03.029429+00	237	ProductionLogs object (237)	3		32	3
629	2024-12-21 06:43:03.031412+00	236	ProductionLogs object (236)	3		32	3
630	2024-12-21 06:43:03.03341+00	235	ProductionLogs object (235)	3		32	3
631	2024-12-21 06:43:03.035347+00	234	ProductionLogs object (234)	3		32	3
632	2024-12-21 06:43:03.037312+00	233	ProductionLogs object (233)	3		32	3
633	2024-12-21 06:43:03.039275+00	232	ProductionLogs object (232)	3		32	3
634	2024-12-21 06:43:03.041251+00	231	ProductionLogs object (231)	3		32	3
635	2024-12-21 06:43:03.043684+00	228	ProductionLogs object (228)	3		32	3
636	2024-12-21 06:43:03.045667+00	227	ProductionLogs object (227)	3		32	3
637	2024-12-21 06:43:03.047652+00	226	ProductionLogs object (226)	3		32	3
638	2024-12-21 06:43:03.049622+00	224	ProductionLogs object (224)	3		32	3
639	2024-12-21 06:43:03.051589+00	223	ProductionLogs object (223)	3		32	3
640	2024-12-21 06:43:03.053556+00	218	ProductionLogs object (218)	3		32	3
641	2024-12-21 06:43:03.055534+00	217	ProductionLogs object (217)	3		32	3
642	2024-12-21 06:43:03.057527+00	216	ProductionLogs object (216)	3		32	3
643	2024-12-21 06:43:03.059401+00	215	ProductionLogs object (215)	3		32	3
644	2024-12-21 06:43:03.061363+00	214	ProductionLogs object (214)	3		32	3
645	2024-12-21 06:43:03.063583+00	213	ProductionLogs object (213)	3		32	3
646	2024-12-21 06:43:03.065888+00	212	ProductionLogs object (212)	3		32	3
647	2024-12-21 06:43:03.067881+00	211	ProductionLogs object (211)	3		32	3
648	2024-12-21 06:43:03.069853+00	210	ProductionLogs object (210)	3		32	3
649	2024-12-21 06:43:03.071909+00	209	ProductionLogs object (209)	3		32	3
650	2024-12-21 06:43:03.07389+00	208	ProductionLogs object (208)	3		32	3
651	2024-12-21 06:43:03.075846+00	205	ProductionLogs object (205)	3		32	3
652	2024-12-21 06:43:03.077828+00	204	ProductionLogs object (204)	3		32	3
653	2024-12-21 06:43:03.080081+00	203	ProductionLogs object (203)	3		32	3
654	2024-12-21 06:43:03.082485+00	202	ProductionLogs object (202)	3		32	3
655	2024-12-21 06:43:03.084718+00	201	ProductionLogs object (201)	3		32	3
656	2024-12-21 06:43:03.086705+00	196	ProductionLogs object (196)	3		32	3
657	2024-12-21 06:43:03.088662+00	195	ProductionLogs object (195)	3		32	3
658	2024-12-21 06:43:03.090677+00	194	ProductionLogs object (194)	3		32	3
659	2024-12-21 06:43:03.092692+00	193	ProductionLogs object (193)	3		32	3
660	2024-12-21 06:43:03.094688+00	186	ProductionLogs object (186)	3		32	3
661	2024-12-21 06:43:03.096657+00	185	ProductionLogs object (185)	3		32	3
662	2024-12-21 06:43:03.098627+00	176	ProductionLogs object (176)	3		32	3
663	2024-12-21 06:43:03.100636+00	175	ProductionLogs object (175)	3		32	3
664	2024-12-21 06:43:03.102647+00	174	ProductionLogs object (174)	3		32	3
665	2024-12-21 06:43:03.104621+00	173	ProductionLogs object (173)	3		32	3
666	2024-12-21 06:43:03.106581+00	172	ProductionLogs object (172)	3		32	3
667	2024-12-21 06:43:03.108533+00	171	ProductionLogs object (171)	3		32	3
668	2024-12-21 06:43:03.110506+00	170	ProductionLogs object (170)	3		32	3
669	2024-12-21 06:43:03.112502+00	169	ProductionLogs object (169)	3		32	3
670	2024-12-21 06:43:03.114492+00	168	ProductionLogs object (168)	3		32	3
671	2024-12-21 06:43:03.116499+00	167	ProductionLogs object (167)	3		32	3
672	2024-12-21 06:43:03.11855+00	166	ProductionLogs object (166)	3		32	3
673	2024-12-21 06:43:03.120521+00	165	ProductionLogs object (165)	3		32	3
674	2024-12-21 06:43:03.122465+00	164	ProductionLogs object (164)	3		32	3
675	2024-12-21 06:43:03.124495+00	163	ProductionLogs object (163)	3		32	3
676	2024-12-21 06:43:03.126519+00	162	ProductionLogs object (162)	3		32	3
677	2024-12-21 06:43:03.128524+00	161	ProductionLogs object (161)	3		32	3
678	2024-12-21 06:43:03.131171+00	160	ProductionLogs object (160)	3		32	3
679	2024-12-21 06:43:03.133208+00	159	ProductionLogs object (159)	3		32	3
680	2024-12-21 06:43:03.135224+00	158	ProductionLogs object (158)	3		32	3
681	2024-12-21 06:43:03.137287+00	157	ProductionLogs object (157)	3		32	3
682	2024-12-21 06:43:03.139299+00	154	ProductionLogs object (154)	3		32	3
683	2024-12-21 06:43:03.141258+00	153	ProductionLogs object (153)	3		32	3
684	2024-12-21 06:43:03.143254+00	142	ProductionLogs object (142)	3		32	3
685	2024-12-21 06:43:03.145222+00	141	ProductionLogs object (141)	3		32	3
686	2024-12-21 06:43:03.147197+00	140	ProductionLogs object (140)	3		32	3
687	2024-12-21 06:43:03.14917+00	139	ProductionLogs object (139)	3		32	3
688	2024-12-21 06:43:03.151145+00	138	ProductionLogs object (138)	3		32	3
689	2024-12-21 06:43:03.153114+00	137	ProductionLogs object (137)	3		32	3
690	2024-12-21 06:43:03.15509+00	136	ProductionLogs object (136)	3		32	3
691	2024-12-21 06:43:03.157094+00	135	ProductionLogs object (135)	3		32	3
692	2024-12-21 06:43:13.643419+00	134	ProductionLogs object (134)	3		32	3
693	2024-12-21 06:43:13.646146+00	133	ProductionLogs object (133)	3		32	3
694	2024-12-21 06:43:13.647746+00	132	ProductionLogs object (132)	3		32	3
695	2024-12-21 06:43:13.649349+00	131	ProductionLogs object (131)	3		32	3
696	2024-12-21 06:43:13.650993+00	130	ProductionLogs object (130)	3		32	3
697	2024-12-21 06:43:13.652556+00	129	ProductionLogs object (129)	3		32	3
698	2024-12-21 06:43:13.654208+00	128	ProductionLogs object (128)	3		32	3
699	2024-12-21 06:43:13.655611+00	127	ProductionLogs object (127)	3		32	3
700	2024-12-21 06:43:13.65716+00	126	ProductionLogs object (126)	3		32	3
701	2024-12-21 06:43:13.658956+00	125	ProductionLogs object (125)	3		32	3
702	2024-12-21 06:43:13.660642+00	124	ProductionLogs object (124)	3		32	3
703	2024-12-21 06:43:13.662339+00	123	ProductionLogs object (123)	3		32	3
704	2024-12-21 06:43:13.6641+00	122	ProductionLogs object (122)	3		32	3
705	2024-12-21 06:43:13.665815+00	121	ProductionLogs object (121)	3		32	3
706	2024-12-21 06:43:13.667495+00	120	ProductionLogs object (120)	3		32	3
707	2024-12-21 06:43:13.669818+00	119	ProductionLogs object (119)	3		32	3
708	2024-12-21 06:43:13.671803+00	118	ProductionLogs object (118)	3		32	3
709	2024-12-21 06:43:13.673768+00	117	ProductionLogs object (117)	3		32	3
710	2024-12-21 06:43:13.675914+00	116	ProductionLogs object (116)	3		32	3
711	2024-12-21 06:43:13.677723+00	115	ProductionLogs object (115)	3		32	3
712	2024-12-21 06:43:13.679758+00	114	ProductionLogs object (114)	3		32	3
713	2024-12-21 06:43:13.681489+00	113	ProductionLogs object (113)	3		32	3
714	2024-12-21 06:43:13.683258+00	112	ProductionLogs object (112)	3		32	3
715	2024-12-21 06:43:13.685386+00	111	ProductionLogs object (111)	3		32	3
716	2024-12-21 06:43:13.687617+00	110	ProductionLogs object (110)	3		32	3
717	2024-12-21 06:43:13.689481+00	109	ProductionLogs object (109)	3		32	3
718	2024-12-21 06:43:13.69129+00	108	ProductionLogs object (108)	3		32	3
719	2024-12-21 06:43:13.69332+00	107	ProductionLogs object (107)	3		32	3
720	2024-12-21 06:43:13.69559+00	106	ProductionLogs object (106)	3		32	3
721	2024-12-21 06:43:13.69788+00	105	ProductionLogs object (105)	3		32	3
722	2024-12-21 06:43:13.700174+00	104	ProductionLogs object (104)	3		32	3
723	2024-12-21 06:43:13.702143+00	103	ProductionLogs object (103)	3		32	3
724	2024-12-21 06:43:13.704129+00	102	ProductionLogs object (102)	3		32	3
725	2024-12-21 06:43:13.706061+00	101	ProductionLogs object (101)	3		32	3
726	2024-12-21 06:43:13.708001+00	100	ProductionLogs object (100)	3		32	3
727	2024-12-21 06:43:13.709888+00	99	ProductionLogs object (99)	3		32	3
728	2024-12-21 06:43:13.711768+00	98	ProductionLogs object (98)	3		32	3
729	2024-12-21 06:43:13.713633+00	97	ProductionLogs object (97)	3		32	3
730	2024-12-21 06:43:13.715622+00	96	ProductionLogs object (96)	3		32	3
731	2024-12-21 06:43:13.717581+00	95	ProductionLogs object (95)	3		32	3
732	2024-12-21 06:43:13.719918+00	94	ProductionLogs object (94)	3		32	3
733	2024-12-21 06:43:13.721918+00	93	ProductionLogs object (93)	3		32	3
734	2024-12-21 06:43:13.723838+00	92	ProductionLogs object (92)	3		32	3
735	2024-12-21 06:43:13.725784+00	91	ProductionLogs object (91)	3		32	3
736	2024-12-21 06:43:13.727746+00	90	ProductionLogs object (90)	3		32	3
737	2024-12-21 06:43:13.729733+00	89	ProductionLogs object (89)	3		32	3
738	2024-12-21 06:43:13.73173+00	88	ProductionLogs object (88)	3		32	3
739	2024-12-21 06:43:13.733669+00	87	ProductionLogs object (87)	3		32	3
740	2024-12-21 06:43:13.735641+00	86	ProductionLogs object (86)	3		32	3
741	2024-12-21 06:43:13.737626+00	85	ProductionLogs object (85)	3		32	3
742	2024-12-21 06:43:13.739603+00	84	ProductionLogs object (84)	3		32	3
743	2024-12-21 06:43:13.741653+00	83	ProductionLogs object (83)	3		32	3
744	2024-12-21 06:43:13.743651+00	82	ProductionLogs object (82)	3		32	3
745	2024-12-21 06:43:13.745635+00	81	ProductionLogs object (81)	3		32	3
746	2024-12-21 06:43:13.747614+00	80	ProductionLogs object (80)	3		32	3
747	2024-12-21 06:43:13.7496+00	79	ProductionLogs object (79)	3		32	3
748	2024-12-21 06:43:13.751636+00	78	ProductionLogs object (78)	3		32	3
749	2024-12-21 06:43:13.753668+00	77	ProductionLogs object (77)	3		32	3
750	2024-12-21 06:43:13.755661+00	76	ProductionLogs object (76)	3		32	3
751	2024-12-21 06:43:13.757665+00	75	ProductionLogs object (75)	3		32	3
752	2024-12-21 06:43:13.759641+00	74	ProductionLogs object (74)	3		32	3
753	2024-12-21 06:43:13.761671+00	73	ProductionLogs object (73)	3		32	3
754	2024-12-21 06:43:13.7637+00	72	ProductionLogs object (72)	3		32	3
755	2024-12-21 06:43:13.765715+00	71	ProductionLogs object (71)	3		32	3
756	2024-12-21 06:43:13.767739+00	70	ProductionLogs object (70)	3		32	3
757	2024-12-21 06:43:13.769725+00	69	ProductionLogs object (69)	3		32	3
758	2024-12-21 06:43:13.771696+00	68	ProductionLogs object (68)	3		32	3
759	2024-12-21 06:43:13.773727+00	67	ProductionLogs object (67)	3		32	3
760	2024-12-21 06:43:13.775772+00	66	ProductionLogs object (66)	3		32	3
761	2024-12-21 06:43:13.777848+00	65	ProductionLogs object (65)	3		32	3
762	2024-12-21 06:43:13.779886+00	64	ProductionLogs object (64)	3		32	3
763	2024-12-21 06:43:13.782178+00	63	ProductionLogs object (63)	3		32	3
764	2024-12-21 06:43:13.784227+00	62	ProductionLogs object (62)	3		32	3
765	2024-12-21 06:43:13.786275+00	61	ProductionLogs object (61)	3		32	3
766	2024-12-21 06:43:13.788424+00	60	ProductionLogs object (60)	3		32	3
767	2024-12-21 06:43:13.790431+00	59	ProductionLogs object (59)	3		32	3
768	2024-12-21 06:43:13.792453+00	58	ProductionLogs object (58)	3		32	3
769	2024-12-21 06:43:13.794961+00	57	ProductionLogs object (57)	3		32	3
770	2024-12-21 06:43:13.796994+00	56	ProductionLogs object (56)	3		32	3
771	2024-12-21 06:43:13.79904+00	55	ProductionLogs object (55)	3		32	3
772	2024-12-21 06:43:13.801065+00	54	ProductionLogs object (54)	3		32	3
773	2024-12-21 06:43:13.803078+00	53	ProductionLogs object (53)	3		32	3
774	2024-12-21 06:43:13.805075+00	52	ProductionLogs object (52)	3		32	3
775	2024-12-21 06:43:13.807362+00	51	ProductionLogs object (51)	3		32	3
776	2024-12-21 06:43:24.866421+00	9	PP-50FA7	3		21	3
777	2024-12-21 06:43:24.868768+00	8	PP-3CB89	3		21	3
778	2024-12-21 06:43:24.870316+00	7	PP-089B5	3		21	3
779	2024-12-21 07:43:52.580973+00	110	Spaghetti and Bolognees	2	[{"changed": {"fields": ["Name", "Dish"]}}]	16	3
780	2024-12-21 08:02:05.632712+00	174	casy -> (10.00)	3		44	3
781	2024-12-21 08:02:05.63651+00	173	casy -> (2.00)	3		44	3
782	2024-12-21 08:02:05.638462+00	172	admin -> (2.00)	3		44	3
783	2024-12-21 08:02:05.640244+00	171	admin -> (2.00)	3		44	3
784	2024-12-21 08:02:05.642206+00	170	admin -> (1.00)	3		44	3
785	2024-12-21 08:02:05.644135+00	169	admin -> (3.50)	3		44	3
786	2024-12-21 08:02:05.646173+00	168	admin -> (3.50)	3		44	3
787	2024-12-21 08:02:05.64794+00	167	admin -> (3.50)	3		44	3
788	2024-12-21 08:02:05.6498+00	166	admin -> (1.00)	3		44	3
789	2024-12-21 08:02:05.651797+00	165	casy -> (1.00)	3		44	3
790	2024-12-21 08:02:05.653644+00	164	casy -> (1.00)	3		44	3
791	2024-12-21 08:02:05.655501+00	163	casy -> (1.00)	3		44	3
792	2024-12-21 08:02:05.65729+00	162	casy -> (1.00)	3		44	3
793	2024-12-21 08:02:05.659058+00	161	admin -> (1.00)	3		44	3
794	2024-12-21 08:02:05.661449+00	160	casy -> (3.50)	3		44	3
795	2024-12-21 08:02:05.663894+00	159	admin -> (1.00)	3		44	3
796	2024-12-21 08:02:05.665907+00	158	admin -> (1.00)	3		44	3
797	2024-12-21 08:02:05.667736+00	157	casy -> (3.50)	3		44	3
798	2024-12-21 08:02:05.66955+00	156	casy -> (3.50)	3		44	3
799	2024-12-21 08:02:05.671707+00	155	faith@techcity.co.zw -> (1.00)	3		44	3
800	2024-12-21 08:02:05.673648+00	154	faith@techcity.co.zw -> (2.00)	3		44	3
801	2024-12-21 08:02:05.675512+00	153	faith@techcity.co.zw -> (2.00)	3		44	3
802	2024-12-21 09:11:10.83992+00	41	Rice	2	[{"changed": {"fields": ["Category"]}}]	11	3
803	2024-12-21 09:11:36.617942+00	42	Rice nedovi	2	[{"changed": {"fields": ["Category"]}}]	11	3
804	2024-12-21 10:18:35.985991+00	213	casy -> (2.00)	3		44	3
805	2024-12-21 16:48:06.473832+00	378	admin -> (3.50)	3		44	3
806	2024-12-21 16:48:06.473832+00	376	admin -> (3.50)	3		44	3
807	2024-12-21 16:48:06.489543+00	375	admin -> (3.50)	3		44	3
808	2024-12-21 16:48:06.490511+00	373	admin -> (3.50)	3		44	3
809	2024-12-21 16:48:06.490511+00	370	admin -> (2.00)	3		44	3
810	2024-12-21 16:54:26.144834+00	385	casy -> (2.00)	3		44	3
811	2024-12-21 16:54:26.147871+00	384	casy -> (2.00)	3		44	3
\.


--
-- Data for Name: django_content_type; Type: TABLE DATA; Schema: public; Owner: postgres
--

COPY public.django_content_type (id, app_label, model) FROM stdin;
1	admin	logentry
2	auth	permission
3	auth	group
4	contenttypes	contenttype
5	sessions	session
6	users	company
7	users	user
8	inventory	allocatedrawmaterials
9	inventory	category
10	inventory	checklist
11	inventory	dish
12	inventory	endofday
13	inventory	endofdayitems
14	inventory	ingredient
15	inventory	logs
16	inventory	meal
17	inventory	mealcategory
18	inventory	minorproductionitems
19	inventory	minorrawmaterials
20	inventory	product
21	inventory	production
22	inventory	productioninventory
23	inventory	productionitems
24	inventory	purchaseorder
25	inventory	supplier
26	inventory	transfer
27	inventory	unitofmeasurement
28	inventory	transferitems
29	inventory	reorder
30	inventory	purchaseorderitem
31	inventory	productionrawmaterials
32	inventory	productionlogs
33	inventory	notification
34	finance	cashbook
35	finance	cashbooknote
36	finance	cashieraccount
37	finance	cashierpayments
38	finance	cashup
39	finance	change
40	finance	cogs
41	finance	emailnotifications
42	finance	expense
43	finance	expensecategory
44	finance	sale
45	finance	saleitem
46	finance	transactionlog
47	settings	printer
48	settings	notificationemails
49	settings	modules
\.


--
-- Data for Name: django_migrations; Type: TABLE DATA; Schema: public; Owner: postgres
--

COPY public.django_migrations (id, app, name, applied) FROM stdin;
1	contenttypes	0001_initial	2024-11-18 09:01:44.499215+00
2	contenttypes	0002_remove_content_type_name	2024-11-18 09:01:44.818255+00
3	auth	0001_initial	2024-11-18 09:01:45.944351+00
4	auth	0002_alter_permission_name_max_length	2024-11-18 09:01:46.134498+00
5	auth	0003_alter_user_email_max_length	2024-11-18 09:01:46.354482+00
6	auth	0004_alter_user_username_opts	2024-11-18 09:01:46.668321+00
7	auth	0005_alter_user_last_login_null	2024-11-18 09:01:46.915593+00
8	auth	0006_require_contenttypes_0002	2024-11-18 09:01:47.25181+00
9	auth	0007_alter_validators_add_error_messages	2024-11-18 09:01:47.568853+00
10	auth	0008_alter_user_username_max_length	2024-11-18 09:01:47.768325+00
11	auth	0009_alter_user_last_name_max_length	2024-11-18 09:01:47.90826+00
12	auth	0010_alter_group_name_max_length	2024-11-18 09:01:48.189089+00
13	auth	0011_update_proxy_permissions	2024-11-18 09:01:48.340191+00
14	auth	0012_alter_user_first_name_max_length	2024-11-18 09:01:48.738939+00
15	users	0001_initial	2024-11-18 09:01:49.427602+00
16	admin	0001_initial	2024-11-18 09:01:49.690589+00
17	admin	0002_logentry_remove_auto_add	2024-11-18 09:01:49.720771+00
18	admin	0003_logentry_add_action_flag_choices	2024-11-18 09:01:49.779116+00
19	settings	0001_initial	2024-11-18 09:01:49.940161+00
20	settings	0002_modules	2024-11-18 09:01:50.038512+00
21	settings	0003_remove_notificationemails_name_and_more	2024-11-18 09:01:50.205403+00
22	settings	0004_stockevaluation	2024-11-18 09:01:50.280995+00
23	inventory	0001_initial	2024-11-18 09:01:52.219792+00
24	finance	0001_initial	2024-11-18 09:01:52.921718+00
25	finance	0002_initial	2024-11-18 09:01:53.230317+00
26	finance	0003_initial	2024-11-18 09:01:54.631451+00
27	inventory	0002_initial	2024-11-18 09:01:57.502968+00
28	inventory	0003_alter_product_category	2024-11-18 09:01:57.86925+00
29	inventory	0004_product_stock_evaluation_method	2024-11-18 09:01:58.374868+00
30	inventory	0005_product_expiry_date	2024-11-18 09:01:58.579522+00
31	inventory	0006_productcost	2024-11-18 09:01:59.066777+00
32	inventory	0007_productcost_units	2024-11-18 09:01:59.239851+00
33	inventory	0008_rename_productcost_producttrack	2024-11-18 09:01:59.601472+00
34	inventory	0009_otherexpenses	2024-11-18 09:02:00.213845+00
35	inventory	0010_rename_producttrack_stock_and_more	2024-11-18 09:02:00.791178+00
36	inventory	0011_stock_out_of_stock	2024-11-18 09:02:01.043673+00
37	inventory	0012_delete_notification	2024-11-18 09:02:01.484446+00
38	finance	0004_cogs_details	2024-11-18 09:02:01.940803+00
39	finance	0005_remove_cogs_details	2024-11-18 09:02:02.066923+00
40	inventory	0013_notification_remove_stock_product_and_more	2024-11-18 09:02:03.30642+00
41	inventory	0014_alter_product_tax_type	2024-11-18 09:02:03.370764+00
42	inventory	0015_productionitems_allocated_quantity	2024-11-18 09:02:03.669897+00
43	inventory	0016_remove_productionitems_allocated_quantity_and_more	2024-11-18 09:02:03.917227+00
44	inventory	0017_rename_selling_price_per_portion_dish_price	2024-11-18 09:02:04.094009+00
45	finance	0006_logs	2024-11-18 09:02:04.485428+00
46	finance	0007_delete_logs	2024-11-18 09:02:04.611211+00
47	finance	0008_change_sale	2024-11-18 09:02:05.130997+00
48	finance	0009_sale_change_alter_change_sale	2024-11-18 09:02:05.335072+00
49	finance	0010_sale_amount_paid	2024-11-18 09:02:05.585855+00
50	inventory	0018_logs_sale_alter_logs_product	2024-11-18 09:02:06.354231+00
51	inventory	0019_alter_logs_timestamp	2024-11-18 09:02:06.562958+00
52	sessions	0001_initial	2024-11-18 09:02:06.813768+00
53	settings	0005_permission	2024-11-18 09:02:07.049193+00
54	settings	0006_remove_permission_user_delete_stockevaluation_and_more	2024-11-18 09:02:07.253253+00
55	inventory	0002_alter_product_price	2024-11-20 09:23:33.525407+00
56	inventory	0003_alter_product_cost	2024-11-20 09:30:45.411788+00
57	users	0002_user_session_key	2024-11-22 15:04:45.412444+00
58	users	0003_rename_session_key_user_sessio_key	2024-12-05 13:37:49.067109+00
59	users	0004_remove_user_sessio_key	2024-12-05 13:38:13.222055+00
60	finance	0004_saleitem_meal	2024-12-07 10:41:01.354839+00
61	finance	0005_remove_saleitem_dish	2024-12-07 10:41:01.395908+00
62	finance	0006_saleitem_dish	2024-12-07 10:41:01.429986+00
63	finance	0007_remove_saleitem_dish	2024-12-07 10:42:09.281701+00
64	finance	0008_saleitem_dish	2024-12-07 10:42:55.227908+00
65	finance	0009_remove_saleitem_dish	2024-12-09 16:25:48.409319+00
66	finance	0010_saleitem_dish	2024-12-09 16:25:48.491396+00
67	finance	0011_sale_void	2024-12-09 16:25:48.533405+00
68	finance	0012_remove_sale_void	2024-12-11 11:13:19.719761+00
69	finance	0013_sale_voi	2024-12-11 11:19:41.970406+00
70	finance	0014_rename_voi_sale_void	2024-12-11 11:20:04.324626+00
71	inventory	0003_dish_dish_meal_meal	2024-12-21 10:10:56.140366+00
\.


--
-- Data for Name: django_session; Type: TABLE DATA; Schema: public; Owner: postgres
--

COPY public.django_session (session_key, session_data, expire_date) FROM stdin;
lonmgmqrafj5pb1o06bwg1ebicemdpt2	.eJxVjDEOwjAMRe-SGUWK4zSYkZ0zVE7skAJqpaadKu4OlTrA-t97fzM9r0vt16ZzP4i5GGdOv1vi_NRxB_Lg8T7ZPI3LPCS7K_agzd4m0df1cP8OKrf6raM4AVX0HRUvGLhIp4QBoAM9M2RyhZKoIAQODjN5RohUCmGklMz7A-4EOB0:1tCxqD:IoGFwEy1JVbQXFTbLGcjvlwL_2-Uw93cD57p_rPTgI0	2024-12-02 09:14:41.19373+00
s9xa8rut3he59xn4fwdk0mo8qrtln2vh	.eJxVjDsOgzAQBe_iOrL8WcCkTM8ZrLV3NyaJQMJQRbl7QKJI2pl5760ibmuJW-UljqSuyqnLL0uYnzwdgh443Wed52ldxqSPRJ-26mEmft3O9u-gYC37WqxYaH0QMOI7Bw4Jfe531qYG2bEAIHQSbONAjDeeA9neNYmY22zU5wvSqDeY:1tCyCC:tcw5_Pf4RSd1277D5parmEEz39nAbyaie_9pcwtdmhU	2024-12-02 09:37:24.916515+00
i2xujcjdpo1vstzzl1uwxnpwdpd76upm	.eJxVjDEOwjAMRe-SGUWK4zSYkZ0zVE7skAJqpaadKu4OlTrA-t97fzM9r0vt16ZzP4i5GGdOv1vi_NRxB_Lg8T7ZPI3LPCS7K_agzd4m0df1cP8OKrf6raM4AVX0HRUvGLhIp4QBoAM9M2RyhZKoIAQODjN5RohUCmGklMz7A-4EOB0:1tCyFi:7EBAY5JrYD_qJW6zSk6g_wNXLOz9X7eHB92RWv0nfIY	2024-12-02 09:41:02.514911+00
yoeijz1s6ck9dkphn4oqg3ssiihk0a0o	.eJxVjDEOwjAMRe-SGUWK4zSYkZ0zVE7skAJqpaadKu4OlTrA-t97fzM9r0vt16ZzP4i5GGdOv1vi_NRxB_Lg8T7ZPI3LPCS7K_agzd4m0df1cP8OKrf6raM4AVX0HRUvGLhIp4QBoAM9M2RyhZKoIAQODjN5RohUCmGklMz7A-4EOB0:1tCzHD:e8KED9ZmkoQVx9vNjHsbRUUUDAvV6fkS9EyJjVQqyAQ	2024-12-02 10:46:39.469456+00
3ey0rs89cvs4lg1d8ucejky2zhayenov	.eJxVjDEOwjAMRe-SGUWK4zSYkZ0zVE7skAJqpaadKu4OlTrA-t97fzM9r0vt16ZzP4i5GGdOv1vi_NRxB_Lg8T7ZPI3LPCS7K_agzd4m0df1cP8OKrf6raM4AVX0HRUvGLhIp4QBoAM9M2RyhZKoIAQODjN5RohUCmGklMz7A-4EOB0:1tD0eU:OBjkRdmWBl2hSTJDKwzwXl5yPfD4q2oHDRRLZqKiCMA	2024-12-02 12:14:46.950991+00
pjov6hc0ktqvff9bnyw4r8tgwks2ns9t	.eJxVjDEOwjAMRe-SGUWK4zSYkZ0zVE7skAJqpaadKu4OlTrA-t97fzM9r0vt16ZzP4i5GGdOv1vi_NRxB_Lg8T7ZPI3LPCS7K_agzd4m0df1cP8OKrf6raM4AVX0HRUvGLhIp4QBoAM9M2RyhZKoIAQODjN5RohUCmGklMz7A-4EOB0:1tD0h0:LcwrH1BgkGWua3X6plQFZcQlmRz56dYayN_EcOrs3Qc	2024-12-02 12:17:22.321656+00
ckbclscljcprs3vicr7i5auchqijxwnu	.eJxVjDEOwjAMRe-SGUWK4zSYkZ0zVE7skAJqpaadKu4OlTrA-t97fzM9r0vt16ZzP4i5GGdOv1vi_NRxB_Lg8T7ZPI3LPCS7K_agzd4m0df1cP8OKrf6raM4AVX0HRUvGLhIp4QBoAM9M2RyhZKoIAQODjN5RohUCmGklMz7A-4EOB0:1tD2VC:hph2VJTCTX82wWzEmufZT2r05xVX4EtF0G0wgWjFBz8	2024-12-02 14:13:18.241065+00
eftdr842w6w767cuegsk9r4qhgu36k6y	.eJxVjDEOwjAMRe-SGUWK4zSYkZ0zVE7skAJqpaadKu4OlTrA-t97fzM9r0vt16ZzP4i5GGdOv1vi_NRxB_Lg8T7ZPI3LPCS7K_agzd4m0df1cP8OKrf6raM4AVX0HRUvGLhIp4QBoAM9M2RyhZKoIAQODjN5RohUCmGklMz7A-4EOB0:1tD38v:-BO_0QV007rlzRZbEZcgcD2ceugIHKDOGLDiACbzFeE	2024-12-02 14:54:21.77903+00
dpv2kvl8agac6gar22oi0i69amwxi7kc	.eJxVjDEOwjAMRe-SGUWK4zSYkZ0zVE7skAJqpaadKu4OlTrA-t97fzM9r0vt16ZzP4i5GGdOv1vi_NRxB_Lg8T7ZPI3LPCS7K_agzd4m0df1cP8OKrf6raM4AVX0HRUvGLhIp4QBoAM9M2RyhZKoIAQODjN5RohUCmGklMz7A-4EOB0:1tDNXO:4J8maAIoSJ3AUvUr9cPf3WrE_cgtPZ1acBEdER-aWmQ	2024-12-03 12:40:58.922803+00
m5rgfie4lwuspznrmyt25gr9hnb8yazx	.eJxVjDEOwjAMRe-SGUWK4zSYkZ0zVE7skAJqpaadKu4OlTrA-t97fzM9r0vt16ZzP4i5GGdOv1vi_NRxB_Lg8T7ZPI3LPCS7K_agzd4m0df1cP8OKrf6raM4AVX0HRUvGLhIp4QBoAM9M2RyhZKoIAQODjN5RohUCmGklMz7A-4EOB0:1tDNXQ:YBZj-GOueeFwL7b2Oak1pxZaIOEstjBi21wCmQz0kJc	2024-12-03 12:41:00.772542+00
vbvc5se99eziydvfg6aozykd0skxuu7i	.eJxVjDEOwjAMRe-SGUWK4zSYkZ0zVE7skAJqpaadKu4OlTrA-t97fzM9r0vt16ZzP4i5GGdOv1vi_NRxB_Lg8T7ZPI3LPCS7K_agzd4m0df1cP8OKrf6raM4AVX0HRUvGLhIp4QBoAM9M2RyhZKoIAQODjN5RohUCmGklMz7A-4EOB0:1tDOAP:_KGP75BLKBNsuAD4-4o3NTvaGRh4oPZZX0AqI_B3UN4	2024-12-03 13:21:17.309112+00
t6k2j2f956t5mg257jfdmo7u6mjnbphj	.eJxVjDEOwjAMRe-SGUWK4zSYkZ0zVE7skAJqpaadKu4OlTrA-t97fzM9r0vt16ZzP4i5GGdOv1vi_NRxB_Lg8T7ZPI3LPCS7K_agzd4m0df1cP8OKrf6raM4AVX0HRUvGLhIp4QBoAM9M2RyhZKoIAQODjN5RohUCmGklMz7A-4EOB0:1tDSRX:JfUv-LhFlTq1StwJhg1toRT87k24GglMkPm1e8XjCV4	2024-12-03 17:55:15.583405+00
f1ovm8ovyu2vx5yg7xae38ajwzqiy6pe	.eJxVjDEOwjAMRe-SGUWK4zSYkZ0zVE7skAJqpaadKu4OlTrA-t97fzM9r0vt16ZzP4i5GGdOv1vi_NRxB_Lg8T7ZPI3LPCS7K_agzd4m0df1cP8OKrf6raM4AVX0HRUvGLhIp4QBoAM9M2RyhZKoIAQODjN5RohUCmGklMz7A-4EOB0:1tDgjG:AtEYD1i0BM-If9_8TxU3au6OzrGwaNqVUWlwd7dmpH8	2024-12-04 09:10:30.664789+00
0rtb6i5k7xq3j3ixeu8n02jmpf1d69g2	.eJxVjDEOwjAMRe-SGUWK4zSYkZ0zVE7skAJqpaadKu4OlTrA-t97fzM9r0vt16ZzP4i5GGdOv1vi_NRxB_Lg8T7ZPI3LPCS7K_agzd4m0df1cP8OKrf6raM4AVX0HRUvGLhIp4QBoAM9M2RyhZKoIAQODjN5RohUCmGklMz7A-4EOB0:1tE8oK:MKiVwyR2D84cHkzzIme3tuQL9J_GjKBej_JM1xvLDiE	2024-12-05 15:09:36.92525+00
93xowfjmnkl30a3x162jyr0jv0z544vk	.eJxVjDEOAiEQRe9CbcggAoOlvWcgAwyyaiBZdivj3XWTLbT9773_EoHWpYZ18BymLM5Ci8PvFik9uG0g36nduky9LfMU5abInQ557Zmfl939O6g06rdGZdEAWO2ic9YwmJMFbxS6xEdLpDUYxQiY2RajoEQXPThEX0jHjOL9AZpUNpg:1tEmaS:k9q4bAko0egRpsYOqWQdtqY4PRS22BC_jgN7vEDdftw	2024-11-24 09:37:56.689807+00
y8v017ag5f4i5g5udotwtgg3mav2pn77	.eJxVjDEOwjAMRe-SGUWK4zSYkZ0zVE7skAJqpaadKu4OlTrA-t97fzM9r0vt16ZzP4i5GGdOv1vi_NRxB_Lg8T7ZPI3LPCS7K_agzd4m0df1cP8OKrf6raM4AVX0HRUvGLhIp4QBoAM9M2RyhZKoIAQODjN5RohUCmGklMz7A-4EOB0:1tJ9kC:nW2ioxI3bh69CyHkf2ih2lZVCqqDg9Dd6yWEKJYobhM	2024-12-06 11:10:04.108993+00
scgn4cn8lwmt05d2hqlu61xb2e4jj1s5	.eJxVjDEOwjAMRe-SGUWK4zSYkZ0zVE7skAJqpaadKu4OlTrA-t97fzM9r0vt16ZzP4i5GGdOv1vi_NRxB_Lg8T7ZPI3LPCS7K_agzd4m0df1cP8OKrf6raM4AVX0HRUvGLhIp4QBoAM9M2RyhZKoIAQODjN5RohUCmGklMz7A-4EOB0:1tJB4P:ih-PazYd46tiAUiJukQrb_e-3jhaCd93AC0DfeWOOIQ	2024-12-06 12:35:01.193971+00
iehr6y87dv6a34j4ubwlsk5gevyebuhn	.eJxVjDEOwjAMRe-SGUWK4zSYkZ0zVE7skAJqpaadKu4OlTrA-t97fzM9r0vt16ZzP4i5GGdOv1vi_NRxB_Lg8T7ZPI3LPCS7K_agzd4m0df1cP8OKrf6raM4AVX0HRUvGLhIp4QBoAM9M2RyhZKoIAQODjN5RohUCmGklMz7A-4EOB0:1tJCOx:B09F5C_fAC698XL7Bas98yCSIEYh8GzucZRDPd9PYxM	2024-12-06 14:00:19.581902+00
h91l3k9q5weym0hcmi8vt31ans2wwgxw	.eJxVjDEOwjAMRe-SGUWK4zSYkZ0zVE7skAJqpaadKu4OlTrA-t97fzM9r0vt16ZzP4i5GGdOv1vi_NRxB_Lg8T7ZPI3LPCS7K_agzd4m0df1cP8OKrf6raM4AVX0HRUvGLhIp4QBoAM9M2RyhZKoIAQODjN5RohUCmGklMz7A-4EOB0:1tJFcQ:z37e8iXeIbT8G6MuM21CK_OAd0MZwso8W7FCBS1ge5Q	2024-12-06 17:26:26.62232+00
jhgrmsz1ukx55w5m6tmwho78ndshtx91	.eJxVjDEOwjAMRe-SGUWK4zSYkZ0zVE7skAJqpaadKu4OlTrA-t97fzM9r0vt16ZzP4i5GGdOv1vi_NRxB_Lg8T7ZPI3LPCS7K_agzd4m0df1cP8OKrf6raM4AVX0HRUvGLhIp4QBoAM9M2RyhZKoIAQODjN5RohUCmGklMz7A-4EOB0:1tJIIy:aRB4KRU-DFAEzTciDr4FxmRbaVuIFNGaRDIF3VpQfMg	2024-12-06 20:18:32.645004+00
jerc7hi13vggf6gczpu2a3rgud60qol8	.eJxVjDsOwjAQBe_iGln2JusPJT1nsNbeFQ4gR4qTCnF3iJQC2jcz76USbWtNW5clTazOyqrT75apPKTtgO_UbrMuc1uXKetd0Qft-jqzPC-H-3dQqddvXcQYQHEOIBSbkQFjIQnOWQxgIpOPkZBG74dMkmFgLBQQRgnELOr9AdMwOAI:1tJnfn:mHC_pu-5A79wDk9czo0oDCKXcbB1XZxSRh_39Xn8lbs	2024-12-08 05:48:11.447543+00
av2mzanefnr2cbkn441gizl3d0q97t00	.eJxVjDEOAiEQRe9CbcggAoOlvWcgAwyyaiBZdivj3XWTLbT9773_EoHWpYZ18BymLM5Ci8PvFik9uG0g36nduky9LfMU5abInQ557Zmfl939O6g06rdGZdEAWO2ic9YwmJMFbxS6xEdLpDUYxQiY2RajoEQXPThEX0jHjOL9AZpUNpg:1tJoPX:HmfkAuAS1QQwuDVsmWXfY_dvs4vV2qUWjOauJ7_P5is	2024-12-08 06:35:27.978638+00
mnn86km9cqz1vmvdbdlqm4xfp42l3pux	.eJxVjMEOwiAQRP-FsyElLJX16N1vIMsuSNXQpLQn479bkh70NjNvZt4q0LaWsLW0hEnURRl1-s0i8TPVDuRB9T5rnuu6TFH3ij5o07dZ0ut6dP8OCrXS1-RA8Jy8oBkFxaCxlsW6XaAnyDkNGZmBiAFi9rR7awBhsCM7qz5f78s4Dg:1tJTUo:kxPJT3D6U45ejea1laXVPm3ACUt0_JqH-Cyt8_D9bhk	2024-12-07 08:15:30.590201+00
y6m63oqauai5d2xv95g61unhc5shw0s8	.eJxVjDEOAiEQRe9CbcggAoOlvWcgAwyyaiBZdivj3XWTLbT9773_EoHWpYZ18BymLM5Ci8PvFik9uG0g36nduky9LfMU5abInQ557Zmfl939O6g06rdGZdEAWO2ic9YwmJMFbxS6xEdLpDUYxQiY2RajoEQXPThEX0jHjOL9AZpUNpg:1tJVDx:YhCq4MqerUhsX4JrU9uHznxxSa2YkT63qTvQBOTNrO4	2024-12-07 10:06:13.064155+00
edam9xs5dioqgu85mnd1zwmww4h20h2d	.eJxVjMEOwiAQRP-FsyElLJX16N1vIMsuSNXQpLQn479bkh70NjNvZt4q0LaWsLW0hEnURRl1-s0i8TPVDuRB9T5rnuu6TFH3ij5o07dZ0ut6dP8OCrXS1-RA8Jy8oBkFxaCxlsW6XaAnyDkNGZmBiAFi9rR7awBhsCM7qz5f78s4Dg:1tJqfR:WUNFTZ0WcwLh89FjmeEKs8H070u3JykZ1egPgKoLILs	2024-12-08 09:00:01.034972+00
c9o6erlzjxzgbp477qqildc2mowkwc34	.eJxVjDEOAiEQRe9CbcggAoOlvWcgAwyyaiBZdivj3XWTLbT9773_EoHWpYZ18BymLM5Ci8PvFik9uG0g36nduky9LfMU5abInQ557Zmfl939O6g06rdGZdEAWO2ic9YwmJMFbxS6xEdLpDUYxQiY2RajoEQXPThEX0jHjOL9AZpUNpg:1tJrG7:HaQmE_BnRvb1AEBhL5QHwdKaKjQEB2v36hg6DLpE548	2024-12-08 09:37:55.363793+00
uf7vx6b43j61yl2wfoqwh5oqxugaoh5d	.eJxVjMEOwiAQRP-FsyElLJX16N1vIMsuSNXQpLQn479bkh70NjNvZt4q0LaWsLW0hEnURRl1-s0i8TPVDuRB9T5rnuu6TFH3ij5o07dZ0ut6dP8OCrXS1-RA8Jy8oBkFxaCxlsW6XaAnyDkNGZmBiAFi9rR7awBhsCM7qz5f78s4Dg:1tJz4Y:OqKPV9EIDis5kNCwN73lNKITgfNSRA3Pu42B-x6XbOA	2024-12-08 17:58:30.143968+00
3kqqz20ggonvlongo1s80jw1fu9c2q4x	.eJxVjMEOwiAQBf-FsyFAYQGP3v0GArsgVUOT0p6M_64kPej1zcx7sRD3rYa95zXMxM7MstPvliI-chuA7rHdFo5L29Y58aHwg3Z-XSg_L4f7d1Bjr98aUekS7eQAvNGACC5lJcEXgxLAUJZJiwKehiDMZLyyXlDSKESOjr0_1GM3Lw:1tKETb:TiBXTsHjSRz_-4me7jwRXufktJGKouvmZk-C08r1zX4	2024-12-09 10:25:23.916796+00
p5jmfpo4b0kikf7ajucrotwr50fz2bwu	.eJxVjMEOwiAQRP-FsyElLJX16N1vIMsuSNXQpLQn479bkh70NjNvZt4q0LaWsLW0hEnURRl1-s0i8TPVDuRB9T5rnuu6TFH3ij5o07dZ0ut6dP8OCrXS1-RA8Jy8oBkFxaCxlsW6XaAnyDkNGZmBiAFi9rR7awBhsCM7qz5f78s4Dg:1tKFfl:HGPJoVZdj3cmPyo-Kx3miTzgZxVH2iGWRcuIYI7XwVo	2024-12-09 11:42:01.615539+00
v7np4md9mhszqq6jnfute3ubz67t2or0	.eJxVjMEOwiAQRP-FsyElLJX16N1vIMsuSNXQpLQn479bkh70NjNvZt4q0LaWsLW0hEnURRl1-s0i8TPVDuRB9T5rnuu6TFH3ij5o07dZ0ut6dP8OCrXS1-RA8Jy8oBkFxaCxlsW6XaAnyDkNGZmBiAFi9rR7awBhsCM7qz5f78s4Dg:1tKcDH:2Pld23OHt-7d6ROdOQuGRihpm_WgQSHGouo93lCkpGg	2024-12-10 11:46:07.869071+00
gepwwpcxcwffu814cf3pjhw0fbabmkwu	.eJxVjMEOwiAQRP-FsyElLJX16N1vIMsuSNXQpLQn479bkh70NjNvZt4q0LaWsLW0hEnURRl1-s0i8TPVDuRB9T5rnuu6TFH3ij5o07dZ0ut6dP8OCrXS1-RA8Jy8oBkFxaCxlsW6XaAnyDkNGZmBiAFi9rR7awBhsCM7qz5f78s4Dg:1tKerd:48r7QlIVfX3Dliqq1FWxC3FfQEf6N9YAn6pziltlfSI	2024-12-10 14:35:57.017179+00
kam1gglruws3h5lbkbmsys5jwxwyauvi	.eJxVjMEOwiAQRP-FsyElLJX16N1vIMsuSNXQpLQn479bkh70NjNvZt4q0LaWsLW0hEnURRl1-s0i8TPVDuRB9T5rnuu6TFH3ij5o07dZ0ut6dP8OCrXS1-RA8Jy8oBkFxaCxlsW6XaAnyDkNGZmBiAFi9rR7awBhsCM7qz5f78s4Dg:1tLGvQ:0xE5LieWycdnIy8WFEptjIML_xvMXheIAj8vhZ-72KM	2024-12-12 07:14:24.133278+00
x83mchhw5pdyiz8lyxabl6gszognntfj	.eJxVjMEOwiAQRP-FsyElLJX16N1vIMsuSNXQpLQn479bkh70NjNvZt4q0LaWsLW0hEnURRl1-s0i8TPVDuRB9T5rnuu6TFH3ij5o07dZ0ut6dP8OCrXS1-RA8Jy8oBkFxaCxlsW6XaAnyDkNGZmBiAFi9rR7awBhsCM7qz5f78s4Dg:1tLKjU:d60QvkZiv8ohUjh8y20inrblIMFebPFHLf1u57ZFFc4	2024-12-12 11:18:20.658369+00
bt3enbp5uojgxwqavrtc95yk0mj6k67w	.eJxVjDkOwjAUBe_iGlmx5eWbkp4zWP4LOIAcKU6qiLtDpBTQvpl5m8plXWpeu8x5ZHVWoE6_GxZ6StsBP0q7T5qmtswj6l3RB-36OrG8Lof7d1BLr9_a-pugWIcpCDuHPmEE9hQDWMc0mAIxJQyAmByEYKwl8s5Yw8JmKOr9AeuuN7M:1tLmD8:nG3FhUynWv92yMpbb6vvKHOm8ozVlm3sgx0cuOuKQR8	2024-12-13 16:38:46.592146+00
afs8vfq3wmzg65f4c3ufj5jlmvaj77g7	.eJxVjMEOwiAQRP-FsyElLJX16N1vIMsuSNXQpLQn479bkh70NjNvZt4q0LaWsLW0hEnURRl1-s0i8TPVDuRB9T5rnuu6TFH3ij5o07dZ0ut6dP8OCrXS1-RA8Jy8oBkFxaCxlsW6XaAnyDkNGZmBiAFi9rR7awBhsCM7qz5f78s4Dg:1tNqkZ:VyPCiwzCRDha0rJUoSsEVEfCLBHSiqLC2FRurlWCTPg	2024-12-19 09:53:51.058307+00
co677xx4cxyaphty49lcu5pehnx349ql	.eJxVjMEOwiAQRP-FsyElLJX16N1vIMsuSNXQpLQn479bkh70NjNvZt4q0LaWsLW0hEnURRl1-s0i8TPVDuRB9T5rnuu6TFH3ij5o07dZ0ut6dP8OCrXS1-RA8Jy8oBkFxaCxlsW6XaAnyDkNGZmBiAFi9rR7awBhsCM7qz5f78s4Dg:1tO2Cw:dMzuA1PuiSYIiz6R9rUnoTDRot0xvUX2h7YUqgkNEQI	2024-12-19 22:07:54.621499+00
boez6csz5uwkpcobu1yxjf3iqdnsjn2q	.eJxVjMEOwiAQRP-FsyElLJX16N1vIMsuSNXQpLQn479bkh70NjNvZt4q0LaWsLW0hEnURRl1-s0i8TPVDuRB9T5rnuu6TFH3ij5o07dZ0ut6dP8OCrXS1-RA8Jy8oBkFxaCxlsW6XaAnyDkNGZmBiAFi9rR7awBhsCM7qz5f78s4Dg:1tODhQ:mxnyLavrfa7KJjwX-et7arf-Y8xgVkI36ytS6Zlv3k8	2024-12-20 10:24:08.612831+00
jkk5m4pbld46t2pl7jldcve3kcrs1p5k	.eJxVjDEOAiEQRe9CbcggAoOlvWcgAwyyaiBZdivj3XWTLbT9773_EoHWpYZ18BymLM5Ci8PvFik9uG0g36nduky9LfMU5abInQ557Zmfl939O6g06rdGZdEAWO2ic9YwmJMFbxS6xEdLpDUYxQiY2RajoEQXPThEX0jHjOL9AZpUNpg:1tOXxK:1iEwogBjsecTBFWqrR7bFwLkO7XQof51Bl-v2DteXjE	2024-12-21 08:01:54.380279+00
oukv8tn4jl8bce8riqecc72asnm2huc7	.eJxVjMEOwiAQRP-FsyElLJX16N1vIMsuSNXQpLQn479bkh70NjNvZt4q0LaWsLW0hEnURRl1-s0i8TPVDuRB9T5rnuu6TFH3ij5o07dZ0ut6dP8OCrXS1-RA8Jy8oBkFxaCxlsW6XaAnyDkNGZmBiAFi9rR7awBhsCM7qz5f78s4Dg:1tOYIf:RoDuGXd9mny5uYYqWC6OypcD0UxhiPbYNDZhyObln_w	2024-12-21 08:23:57.803959+00
4ns06cawispwm4l3wb0mrbmy6e9rac67	.eJxVjMEOwiAQRP-FsyElLJX16N1vIMsuSNXQpLQn479bkh70NjNvZt4q0LaWsLW0hEnURRl1-s0i8TPVDuRB9T5rnuu6TFH3ij5o07dZ0ut6dP8OCrXS1-RA8Jy8oBkFxaCxlsW6XaAnyDkNGZmBiAFi9rR7awBhsCM7qz5f78s4Dg:1tOYKG:f9_ghEioYkarwzRAFF9oC2otVN4GuN1rQ8jvWVPcjzM	2024-12-21 08:25:36.128542+00
qjtiw2brgrtjrm3fd51w352wrxzjl6lq	.eJxVjMEOwiAQRP-FsyElLJX16N1vIMsuSNXQpLQn479bkh70NjNvZt4q0LaWsLW0hEnURRl1-s0i8TPVDuRB9T5rnuu6TFH3ij5o07dZ0ut6dP8OCrXS1-RA8Jy8oBkFxaCxlsW6XaAnyDkNGZmBiAFi9rR7awBhsCM7qz5f78s4Dg:1tOYmY:MDVFnrpewDcpvT7gQzktyEBA4i1huEShQf1HoN2JEoc	2024-12-21 08:54:50.161721+00
y386fy1mq4okqku4tzfeqf1zha8jrfih	.eJxVjMEOwiAQRP-FsyElLJX16N1vIMsuSNXQpLQn479bkh70NjNvZt4q0LaWsLW0hEnURRl1-s0i8TPVDuRB9T5rnuu6TFH3ij5o07dZ0ut6dP8OCrXS1-RA8Jy8oBkFxaCxlsW6XaAnyDkNGZmBiAFi9rR7awBhsCM7qz5f78s4Dg:1tOZOO:lFlDpfl-dbQCAgM6lvUJYAzvVSIeDnivWCqosGZ8_Oc	2024-12-21 09:33:56.604147+00
bbyy0ns0wv6puqbpp0n4yltsggl0xm8p	.eJxVjDEOAiEQRe9CbcggAoOlvWcgAwyyaiBZdivj3XWTLbT9773_EoHWpYZ18BymLM5Ci8PvFik9uG0g36nduky9LfMU5abInQ557Zmfl939O6g06rdGZdEAWO2ic9YwmJMFbxS6xEdLpDUYxQiY2RajoEQXPThEX0jHjOL9AZpUNpg:1tOtA1:Zxw6uKjE_zH0n3n5pu-RdL-oXen391zF6MOrBDUfbQM	2024-12-22 06:40:25.168308+00
0f48bjdqhcv45vdj9oem47e27rrpt5sg	.eJxVjDEOAiEQRe9CbcggAoOlvWcgAwyyaiBZdivj3XWTLbT9773_EoHWpYZ18BymLM5Ci8PvFik9uG0g36nduky9LfMU5abInQ557Zmfl939O6g06rdGZdEAWO2ic9YwmJMFbxS6xEdLpDUYxQiY2RajoEQXPThEX0jHjOL9AZpUNpg:1tOvVH:hL-HvMPxyttL-lGZksZ9kfkYeQ6s2MrAV7U6-X8nFG4	2024-12-22 09:10:31.745525+00
u0bplen6o37g1jt7j2ohxmp6iega2bag	.eJxVjMEOwiAQRP-FsyElLJX16N1vIMsuSNXQpLQn479bkh70NjNvZt4q0LaWsLW0hEnURRl1-s0i8TPVDuRB9T5rnuu6TFH3ij5o07dZ0ut6dP8OCrXS1-RA8Jy8oBkFxaCxlsW6XaAnyDkNGZmBiAFi9rR7awBhsCM7qz5f78s4Dg:1tOzSW:6w_KHtEtXF4BDyY3IgGOmetj93U0BJ0mZQAKgqWJlhM	2024-12-22 13:23:56.186931+00
5me6yiomv4sr44dzwz9atwtsdpkghheu	.eJxVjMEOwiAQRP-FsyElLJX16N1vIMsuSNXQpLQn479bkh70NjNvZt4q0LaWsLW0hEnURRl1-s0i8TPVDuRB9T5rnuu6TFH3ij5o07dZ0ut6dP8OCrXS1-RA8Jy8oBkFxaCxlsW6XaAnyDkNGZmBiAFi9rR7awBhsCM7qz5f78s4Dg:1tP1LM:fJxhbA1xmn0lQp1GF8XfKrAnc_ps4AYq8QDg9LOVKlc	2024-12-22 15:24:40.273535+00
l56aoqo2ermo238rwex5jbzva9q5us7n	.eJxVjDEOAiEQRe9CbcggAoOlvWcgAwyyaiBZdivj3XWTLbT9773_EoHWpYZ18BymLM5Ci8PvFik9uG0g36nduky9LfMU5abInQ557Zmfl939O6g06rdGZdEAWO2ic9YwmJMFbxS6xEdLpDUYxQiY2RajoEQXPThEX0jHjOL9AZpUNpg:1tP2Zj:xv7HEjXahdNN-C7qM66AzzgDDxaKZ-wXEJF39Jojs_s	2024-12-22 16:43:35.958462+00
pvzidc3k710l6vyyars2fg6ghd3q7ykd	.eJxVjDsOwjAQBe_iGln-bmJKes5g7XptHECOFCcV4u4QKQW0b2beS0Tc1hq3npc4sTiLIE6_G2F65LYDvmO7zTLNbV0mkrsiD9rldeb8vBzu30HFXr91AmudVVoxJK_YASnUJpSBDGcovgQeR43gHAMoMhTYYslGJ12yN4N4fwDVUTfL:1tP2zT:XIIWqveRfZ6PzBc4XR3NUBWJZPV97wy7TdVksPqUIVM	2024-12-22 17:10:11.477096+00
gsim64t8tt1pgdrodyv9dt2i6b6y1mtu	.eJxVjMEOwiAQRP-FsyElLJX16N1vIMsuSNXQpLQn479bkh70NjNvZt4q0LaWsLW0hEnURRl1-s0i8TPVDuRB9T5rnuu6TFH3ij5o07dZ0ut6dP8OCrXS1-RA8Jy8oBkFxaCxlsW6XaAnyDkNGZmBiAFi9rR7awBhsCM7qz5f78s4Dg:1tP36Z:4O0XlOm-li0Vfe6-CMb9KxUm1KWtLgwuY0f6NJpdg6c	2024-12-22 17:17:31.00097+00
cg6v9jsyhr4hmhjhaoqgeqcbzan1bhnq	.eJxVjMEOwiAQRP-FsyElLJX16N1vIMsuSNXQpLQn479bkh70NjNvZt4q0LaWsLW0hEnURRl1-s0i8TPVDuRB9T5rnuu6TFH3ij5o07dZ0ut6dP8OCrXS1-RA8Jy8oBkFxaCxlsW6XaAnyDkNGZmBiAFi9rR7awBhsCM7qz5f78s4Dg:1tP3IF:DN4R2ru0jyRbVwBcZ2lHh_aQO6WbLweXQ-zkFiSxiyw	2024-12-22 17:29:35.737473+00
\.


--
-- Data for Name: finance_cashbook; Type: TABLE DATA; Schema: public; Owner: postgres
--

COPY public.finance_cashbook (id, amount, debit, credit, description, date, manager, accountant, director, note, cancelled, expense_id, sale_id) FROM stdin;
117	4.50	t	f	Sale (Receipt number: 0002)	2024-12-21	f	f	f		f	\N	176
118	2.00	t	f	Sale (Receipt number: 0003)	2024-12-21	f	f	f		f	\N	177
119	2.00	t	f	Sale (Receipt number: 0004)	2024-12-21	f	f	f		f	\N	178
121	2.00	t	f	Sale (Receipt number: 0006)	2024-12-21	f	f	f		f	\N	180
122	2.00	t	f	Sale (Receipt number: 0007)	2024-12-21	f	f	f		f	\N	181
123	1.00	t	f	Sale (Receipt number: 0008)	2024-12-21	f	f	f		f	\N	182
125	2.00	t	f	Sale (Receipt number: 0010)	2024-12-21	f	f	f		f	\N	184
127	2.00	t	f	Sale (Receipt number: 0012)	2024-12-21	f	f	f		f	\N	186
128	1.00	t	f	Sale (Receipt number: 0013)	2024-12-21	f	f	f		f	\N	187
129	2.00	t	f	Sale (Receipt number: 0014)	2024-12-21	f	f	f		f	\N	188
130	2.00	t	f	Sale (Receipt number: 0015)	2024-12-21	f	f	f		f	\N	189
132	1.00	t	f	Sale (Receipt number: 0017)	2024-12-21	f	f	f		f	\N	191
133	0.50	t	f	Sale (Receipt number: 0018)	2024-12-21	f	f	f		f	\N	192
135	1.00	t	f	Sale (Receipt number: 0020)	2024-12-21	f	f	f		f	\N	194
136	2.00	t	f	Sale (Receipt number: 0021)	2024-12-21	f	f	f		f	\N	195
137	1.00	t	f	Sale (Receipt number: 0022)	2024-12-21	f	f	f		f	\N	196
138	2.00	t	f	Sale (Receipt number: 0023)	2024-12-21	f	f	f		f	\N	197
139	1.00	t	f	Sale (Receipt number: 0024)	2024-12-21	f	f	f		f	\N	198
140	1.00	t	f	Sale (Receipt number: 0025)	2024-12-21	f	f	f		f	\N	199
141	2.00	t	f	Sale (Receipt number: 0026)	2024-12-21	f	f	f		f	\N	200
142	2.00	t	f	Sale (Receipt number: 0027)	2024-12-21	f	f	f		f	\N	201
143	1.00	t	f	Sale (Receipt number: 0028)	2024-12-21	f	f	f		f	\N	202
144	1.00	t	f	Sale (Receipt number: 0029)	2024-12-21	f	f	f		f	\N	203
145	2.00	t	f	Sale (Receipt number: 0030)	2024-12-21	f	f	f		f	\N	204
146	2.00	t	f	Sale (Receipt number: 0031)	2024-12-21	f	f	f		f	\N	205
150	5.00	t	f	Sale (Receipt number: 0032)	2024-12-21	f	f	f		f	\N	214
151	3.50	t	f	Sale (Receipt number: 0033)	2024-12-21	f	f	f		f	\N	215
152	3.00	t	f	Sale (Receipt number: 0034)	2024-12-21	f	f	f		f	\N	216
153	2.00	t	f	Sale (Receipt number: 0035)	2024-12-21	f	f	f		f	\N	217
154	2.00	t	f	Sale (Receipt number: 0036)	2024-12-21	f	f	f		f	\N	218
155	4.00	t	f	Sale (Receipt number: 0037)	2024-12-21	f	f	f		f	\N	219
157	4.00	t	f	Sale (Receipt number: 0039)	2024-12-21	f	f	f		f	\N	221
158	4.00	t	f	Sale (Receipt number: 0040)	2024-12-21	f	f	f		f	\N	222
160	10.00	t	f	Sale (Receipt number: 0042)	2024-12-21	f	f	f		f	\N	224
161	2.00	t	f	Sale (Receipt number: 0043)	2024-12-21	f	f	f		f	\N	225
162	0.50	t	f	Sale (Receipt number: 0044)	2024-12-21	f	f	f		f	\N	226
163	2.00	t	f	Sale (Receipt number: 0045)	2024-12-21	f	f	f		f	\N	227
164	1.00	t	f	Sale (Receipt number: 0046)	2024-12-21	f	f	f		f	\N	228
165	19.00	t	f	Sale (Receipt number: 0047)	2024-12-21	f	f	f		f	\N	229
166	10.00	t	f	Sale (Receipt number: 0048)	2024-12-21	f	f	f		f	\N	230
167	15.00	t	f	Sale (Receipt number: 0049)	2024-12-21	f	f	f		f	\N	231
168	2.00	t	f	Sale (Receipt number: 0050)	2024-12-21	f	f	f		f	\N	232
169	2.00	t	f	Sale (Receipt number: 0051)	2024-12-21	f	f	f		f	\N	233
170	2.00	t	f	Sale (Receipt number: 0052)	2024-12-21	f	f	f		f	\N	234
171	2.00	t	f	Sale (Receipt number: 0053)	2024-12-21	f	f	f		f	\N	235
172	1.00	t	f	Sale (Receipt number: 0054)	2024-12-21	f	f	f		f	\N	236
173	5.00	t	f	Sale (Receipt number: 0055)	2024-12-21	f	f	f		f	\N	237
174	11.50	t	f	Sale (Receipt number: 0056)	2024-12-21	f	f	f		f	\N	238
175	14.00	t	f	Sale (Receipt number: 0057)	2024-12-21	f	f	f		f	\N	239
176	2.00	t	f	Sale (Receipt number: 0058)	2024-12-21	f	f	f		f	\N	240
177	5.00	t	f	Sale (Receipt number: 0059)	2024-12-21	f	f	f		f	\N	241
178	3.00	t	f	Sale (Receipt number: 0060)	2024-12-21	f	f	f		f	\N	242
179	6.50	t	f	Sale (Receipt number: 0061)	2024-12-21	f	f	f		f	\N	243
180	4.00	t	f	Sale (Receipt number: 0062)	2024-12-21	f	f	f		f	\N	244
181	3.00	t	f	Sale (Receipt number: 0063)	2024-12-21	f	f	f		f	\N	245
182	1.00	t	f	Sale (Receipt number: 0064)	2024-12-21	f	f	f		f	\N	246
183	4.00	t	f	Sale (Receipt number: 0065)	2024-12-21	f	f	f		f	\N	247
184	2.00	t	f	Sale (Receipt number: 0066)	2024-12-21	f	f	f		f	\N	248
185	4.00	t	f	Sale (Receipt number: 0067)	2024-12-21	f	f	f		f	\N	249
186	1.00	t	f	Sale (Receipt number: 0068)	2024-12-21	f	f	f		f	\N	250
187	2.00	t	f	Sale (Receipt number: 0069)	2024-12-21	f	f	f		f	\N	251
188	6.00	t	f	Sale (Receipt number: 0070)	2024-12-21	f	f	f		f	\N	252
189	28.00	t	f	Sale (Receipt number: 0071)	2024-12-21	f	f	f		f	\N	253
190	44.50	t	f	Sale (Receipt number: 0072)	2024-12-21	f	f	f		f	\N	254
191	1.00	t	f	Sale (Receipt number: 0073)	2024-12-21	f	f	f		f	\N	255
192	1.00	t	f	Sale (Receipt number: 0074)	2024-12-21	f	f	f		f	\N	256
193	1.00	t	f	Sale (Receipt number: 0075)	2024-12-21	f	f	f		f	\N	257
194	4.00	t	f	Sale (Receipt number: 0076)	2024-12-21	f	f	f		f	\N	258
195	6.00	t	f	Sale (Receipt number: 0077)	2024-12-21	f	f	f		f	\N	259
196	5.00	t	f	Sale (Receipt number: 0078)	2024-12-21	f	f	f		f	\N	260
197	3.00	t	f	Sale (Receipt number: 0079)	2024-12-21	f	f	f		f	\N	261
198	5.00	t	f	Sale (Receipt number: 0080)	2024-12-21	f	f	f		f	\N	262
199	3.00	t	f	Sale (Receipt number: 0081)	2024-12-21	f	f	f		f	\N	263
200	1.00	t	f	Sale (Receipt number: 0082)	2024-12-21	f	f	f		f	\N	264
201	4.00	t	f	Sale (Receipt number: 0083)	2024-12-21	f	f	f		f	\N	265
202	4.00	t	f	Sale (Receipt number: 0084)	2024-12-21	f	f	f		f	\N	266
203	2.00	t	f	Sale (Receipt number: 0085)	2024-12-21	f	f	f		f	\N	267
204	10.50	t	f	Sale (Receipt number: 0086)	2024-12-21	f	f	f		f	\N	268
205	1.00	t	f	Sale (Receipt number: 0087)	2024-12-21	f	f	f		f	\N	269
206	2.00	t	f	Sale (Receipt number: 0088)	2024-12-21	f	f	f		f	\N	270
207	2.00	t	f	Sale (Receipt number: 0089)	2024-12-21	f	f	f		f	\N	271
208	2.00	t	f	Sale (Receipt number: 0090)	2024-12-21	f	f	f		f	\N	272
209	9.00	t	f	Sale (Receipt number: 0091)	2024-12-21	f	f	f		f	\N	273
210	1.00	t	f	Sale (Receipt number: 0092)	2024-12-21	f	f	f		f	\N	274
211	5.00	t	f	Sale (Receipt number: 0093)	2024-12-21	f	f	f		f	\N	275
212	1.00	t	f	Sale (Receipt number: 0094)	2024-12-21	f	f	f		f	\N	276
213	5.00	t	f	Sale (Receipt number: 0095)	2024-12-21	f	f	f		f	\N	277
214	2.00	t	f	Sale (Receipt number: 0096)	2024-12-21	f	f	f		f	\N	278
215	1.00	t	f	Sale (Receipt number: 0097)	2024-12-21	f	f	f		f	\N	279
216	3.50	t	f	Sale (Receipt number: 0098)	2024-12-21	f	f	f		f	\N	280
217	1.00	t	f	Sale (Receipt number: 0099)	2024-12-21	f	f	f		f	\N	281
218	4.00	t	f	Sale (Receipt number: 0100)	2024-12-21	f	f	f		f	\N	282
219	2.00	t	f	Sale (Receipt number: 0101)	2024-12-21	f	f	f		f	\N	283
220	5.00	t	f	Sale (Receipt number: 0102)	2024-12-21	f	f	f		f	\N	284
221	4.00	t	f	Sale (Receipt number: 0103)	2024-12-21	f	f	f		f	\N	285
222	1.00	t	f	Sale (Receipt number: 0104)	2024-12-21	f	f	f		f	\N	286
223	1.00	t	f	Sale (Receipt number: 0105)	2024-12-21	f	f	f		f	\N	287
224	3.00	t	f	Sale (Receipt number: 0106)	2024-12-21	f	f	f		f	\N	288
225	2.00	t	f	Sale (Receipt number: 0107)	2024-12-21	f	f	f		f	\N	289
226	7.00	t	f	Sale (Receipt number: 0108)	2024-12-21	f	f	f		f	\N	290
227	2.00	t	f	Sale (Receipt number: 0109)	2024-12-21	f	f	f		f	\N	291
229	3.00	t	f	Sale (Receipt number: 0111)	2024-12-21	f	f	f		f	\N	293
230	1.00	t	f	Sale (Receipt number: 0112)	2024-12-21	f	f	f		f	\N	294
231	3.00	t	f	Sale (Receipt number: 0113)	2024-12-21	f	f	f		f	\N	295
232	2.00	t	f	Sale (Receipt number: 0114)	2024-12-21	f	f	f		f	\N	296
233	4.00	t	f	Sale (Receipt number: 0115)	2024-12-21	f	f	f		f	\N	297
234	4.50	t	f	Sale (Receipt number: 0116)	2024-12-21	f	f	f		f	\N	298
235	1.00	t	f	Sale (Receipt number: 0117)	2024-12-21	f	f	f		f	\N	299
236	1.00	t	f	Sale (Receipt number: 0118)	2024-12-21	f	f	f		f	\N	300
237	3.00	t	f	Sale (Receipt number: 0119)	2024-12-21	f	f	f		f	\N	301
239	1.00	t	f	Sale (Receipt number: 0121)	2024-12-21	f	f	f		f	\N	303
240	2.00	t	f	Sale (Receipt number: 0122)	2024-12-21	f	f	f		f	\N	304
241	1.00	t	f	Sale (Receipt number: 0123)	2024-12-21	f	f	f		f	\N	305
242	2.00	t	f	Sale (Receipt number: 0124)	2024-12-21	f	f	f		f	\N	306
243	2.00	t	f	Sale (Receipt number: 0125)	2024-12-21	f	f	f		f	\N	307
244	6.00	t	f	Sale (Receipt number: 0126)	2024-12-21	f	f	f		f	\N	308
245	0.50	t	f	Sale (Receipt number: 0127)	2024-12-21	f	f	f		f	\N	309
246	2.00	t	f	Sale (Receipt number: 0128)	2024-12-21	f	f	f		f	\N	310
247	2.00	t	f	Sale (Receipt number: 0129)	2024-12-21	f	f	f		f	\N	311
248	3.00	t	f	Sale (Receipt number: 0130)	2024-12-21	f	f	f		f	\N	312
249	5.00	t	f	Sale (Receipt number: 0131)	2024-12-21	f	f	f		f	\N	313
250	6.00	t	f	Sale (Receipt number: 0132)	2024-12-21	f	f	f		f	\N	314
251	1.00	t	f	Sale (Receipt number: 0133)	2024-12-21	f	f	f		f	\N	315
252	2.00	t	f	Sale (Receipt number: 0134)	2024-12-21	f	f	f		f	\N	316
253	2.00	t	f	Sale (Receipt number: 0135)	2024-12-21	f	f	f		f	\N	317
254	5.00	t	f	Sale (Receipt number: 0136)	2024-12-21	f	f	f		f	\N	318
255	9.00	t	f	Sale (Receipt number: 0137)	2024-12-21	f	f	f		f	\N	319
256	2.00	t	f	Sale (Receipt number: 0138)	2024-12-21	f	f	f		f	\N	320
257	2.00	t	f	Sale (Receipt number: 0139)	2024-12-21	f	f	f		f	\N	321
258	1.00	t	f	Sale (Receipt number: 0140)	2024-12-21	f	f	f		f	\N	322
259	2.00	t	f	Sale (Receipt number: 0141)	2024-12-21	f	f	f		f	\N	323
260	5.00	t	f	Sale (Receipt number: 0142)	2024-12-21	f	f	f		f	\N	324
261	2.50	t	f	Sale (Receipt number: 0143)	2024-12-21	f	f	f		f	\N	325
262	1.00	t	f	Sale (Receipt number: 0144)	2024-12-21	f	f	f		f	\N	326
263	2.00	t	f	Sale (Receipt number: 0145)	2024-12-21	f	f	f		f	\N	327
264	1.00	t	f	Sale (Receipt number: 0146)	2024-12-21	f	f	f		f	\N	328
265	6.00	t	f	Sale (Receipt number: 0147)	2024-12-21	f	f	f		f	\N	329
266	3.00	t	f	Sale (Receipt number: 0148)	2024-12-21	f	f	f		f	\N	330
267	2.00	t	f	Sale (Receipt number: 0149)	2024-12-21	f	f	f		f	\N	331
268	2.00	t	f	Sale (Receipt number: 0150)	2024-12-21	f	f	f		f	\N	332
269	2.00	t	f	Sale (Receipt number: 0151)	2024-12-21	f	f	f		f	\N	333
270	3.00	t	f	Sale (Receipt number: 0152)	2024-12-21	f	f	f		f	\N	334
271	3.00	t	f	Sale (Receipt number: 0153)	2024-12-21	f	f	f		f	\N	335
272	4.00	t	f	Sale (Receipt number: 0154)	2024-12-21	f	f	f		f	\N	336
273	2.00	t	f	Sale (Receipt number: 0155)	2024-12-21	f	f	f		f	\N	337
274	1.00	t	f	Sale (Receipt number: 0156)	2024-12-21	f	f	f		f	\N	338
275	1.00	t	f	Sale (Receipt number: 0157)	2024-12-21	f	f	f		f	\N	339
276	2.50	t	f	Sale (Receipt number: 0158)	2024-12-21	f	f	f		f	\N	340
277	2.00	t	f	Sale (Receipt number: 0159)	2024-12-21	f	f	f		f	\N	341
278	2.00	t	f	Sale (Receipt number: 0160)	2024-12-21	f	f	f		f	\N	342
279	1.00	t	f	Sale (Receipt number: 0161)	2024-12-21	f	f	f		f	\N	343
280	2.00	t	f	Sale (Receipt number: 0162)	2024-12-21	f	f	f		f	\N	344
281	2.00	t	f	Sale (Receipt number: 0163)	2024-12-21	f	f	f		f	\N	345
282	2.00	t	f	Sale (Receipt number: 0164)	2024-12-21	f	f	f		f	\N	346
283	4.00	t	f	Sale (Receipt number: 0165)	2024-12-21	f	f	f		f	\N	347
284	1.00	t	f	Sale (Receipt number: 0166)	2024-12-21	f	f	f		f	\N	348
285	1.00	t	f	Sale (Receipt number: 0167)	2024-12-21	f	f	f		f	\N	349
286	1.00	t	f	Sale (Receipt number: 0168)	2024-12-21	f	f	f		f	\N	350
287	1.00	t	f	Sale (Receipt number: 0169)	2024-12-21	f	f	f		f	\N	351
288	2.00	t	f	Sale (Receipt number: 0170)	2024-12-21	f	f	f		f	\N	352
289	2.00	t	f	Sale (Receipt number: 0171)	2024-12-21	f	f	f		f	\N	353
290	2.00	t	f	Sale (Receipt number: 0172)	2024-12-21	f	f	f		f	\N	354
291	3.00	t	f	Sale (Receipt number: 0173)	2024-12-21	f	f	f		f	\N	355
292	14.00	t	f	Sale (Receipt number: 0174)	2024-12-21	f	f	f		f	\N	356
293	1.00	t	f	Sale (Receipt number: 0175)	2024-12-21	f	f	f		f	\N	357
294	1.00	t	f	Sale (Receipt number: 0176)	2024-12-21	f	f	f		f	\N	358
295	1.00	t	f	Sale (Receipt number: 0177)	2024-12-21	f	f	f		f	\N	359
296	1.00	t	f	Sale (Receipt number: 0178)	2024-12-21	f	f	f		f	\N	360
297	1.00	t	f	Sale (Receipt number: 0179)	2024-12-21	f	f	f		f	\N	361
298	0.50	t	f	Sale (Receipt number: 0180)	2024-12-21	f	f	f		f	\N	362
299	14.00	t	f	Sale (Receipt number: 0181)	2024-12-21	f	f	f		f	\N	363
300	3.00	t	f	Sale (Receipt number: 0182)	2024-12-21	f	f	f		f	\N	364
301	1.00	t	f	Sale (Receipt number: 0183)	2024-12-21	f	f	f		f	\N	365
302	1.00	t	f	Sale (Receipt number: 0184)	2024-12-21	f	f	f		f	\N	366
303	1.00	t	f	Sale (Receipt number: 0185)	2024-12-21	f	f	f		f	\N	367
307	1.00	t	f	Sale (Receipt number: 0187)	2024-12-21	f	f	f		f	\N	371
308	2.00	t	f	Sale (Receipt number: 0188)	2024-12-21	f	f	f		f	\N	372
310	1.00	t	f	Sale (Receipt number: 0190)	2024-12-21	f	f	f		f	\N	374
313	8.50	t	f	Sale (Receipt number: 0193)	2024-12-21	f	f	f		f	\N	377
315	21.00	t	f	Sale (Receipt number: 0195)	2024-12-21	f	f	f		f	\N	379
317	3.00	t	f	Sale (Receipt number: 0197)	2024-12-21	f	f	f		f	\N	381
318	12.00	t	f	Sale (Receipt number: 0198)	2024-12-21	f	f	f		f	\N	382
319	7.00	t	f	Sale (Receipt number: 0199)	2024-12-21	f	f	f		f	\N	383
322	12.00	t	f	Sale (Receipt number: 0202)	2024-12-21	f	f	f		f	\N	386
323	14.00	t	f	Sale (Receipt number: 0203)	2024-12-21	f	f	f		f	\N	387
324	2.00	t	f	Sale (Receipt number: 0204)	2024-12-21	f	f	f		f	\N	388
325	3.00	t	f	Sale (Receipt number: 0205)	2024-12-21	f	f	f		f	\N	389
326	14.50	t	f	Sale (Receipt number: 0206)	2024-12-21	f	f	f		f	\N	390
327	10.50	t	f	Sale (Receipt number: 0207)	2024-12-21	f	f	f		f	\N	391
328	52.50	t	f	Sale (Receipt number: 0208)	2024-12-21	f	f	f		f	\N	392
329	38.50	t	f	Sale (Receipt number: 0209)	2024-12-21	f	f	f		f	\N	393
330	17.00	t	f	Sale (Receipt number: 0210)	2024-12-21	f	f	f		f	\N	394
331	23.00	t	f	Sale (Receipt number: 0211)	2024-12-21	f	f	f		f	\N	395
332	15.00	t	f	Sale (Receipt number: 0212)	2024-12-21	f	f	f		f	\N	396
333	31.00	t	f	Sale (Receipt number: 0213)	2024-12-21	f	f	f		f	\N	397
334	19.50	t	f	Sale (Receipt number: 0214)	2024-12-21	f	f	f		f	\N	398
335	4.00	t	f	Sale (Receipt number: 0215)	2024-12-21	f	f	f		f	\N	399
336	27.50	t	f	Sale (Receipt number: 0216)	2024-12-21	f	f	f		f	\N	400
337	10.00	t	f	Sale (Receipt number: 0217)	2024-12-21	f	f	f		f	\N	401
338	2.00	t	f	Sale (Receipt number: 0218)	2024-12-21	f	f	f		f	\N	402
339	4.00	t	f	Sale (Receipt number: 0219)	2024-12-21	f	f	f		f	\N	403
340	22.00	t	f	Sale (Receipt number: 0220)	2024-12-21	f	f	f		f	\N	404
341	2.00	t	f	Sale (Receipt number: 0221)	2024-12-21	f	f	f		f	\N	405
342	2.00	t	f	Sale (Receipt number: 0222)	2024-12-21	f	f	f		f	\N	406
\.


--
-- Data for Name: finance_cashbooknote; Type: TABLE DATA; Schema: public; Owner: postgres
--

COPY public.finance_cashbooknote (id, note, "timestamp", entry_id, user_id) FROM stdin;
\.


--
-- Data for Name: finance_cashieraccount; Type: TABLE DATA; Schema: public; Owner: postgres
--

COPY public.finance_cashieraccount (id, amount, status, cash_up_id, cashier_id) FROM stdin;
\.


--
-- Data for Name: finance_cashierpayments; Type: TABLE DATA; Schema: public; Owner: postgres
--

COPY public.finance_cashierpayments (id, date, amount, cashier_id) FROM stdin;
\.


--
-- Data for Name: finance_cashup; Type: TABLE DATA; Schema: public; Owner: postgres
--

COPY public.finance_cashup (id, cashed_amount, sales, date, status, cashier_id, user_id) FROM stdin;
\.


--
-- Data for Name: finance_change; Type: TABLE DATA; Schema: public; Owner: postgres
--

COPY public.finance_change (id, name, phonenumber, amount, receipt_number, collected, "timestamp", claimed, cashier_id, sale_id) FROM stdin;
71	lloyd		8.00	0173	f	2024-12-21 15:45:24.510446+00	f	9	355
31	tanatswa		3.00	0129	t	2024-12-21 14:06:25.244812+00	f	9	311
47	prosper		3.00	0145	t	2024-12-21 14:33:40.953165+00	f	9	327
7	nigel chihuri		4.00	0029	t	2024-12-21 09:45:06.941968+00	f	9	203
8	rudo		1.00	0062	t	2024-12-21 11:21:00.308425+00	f	9	244
9	talent		7.00	0081	t	2024-12-21 12:26:18.249715+00	f	9	263
17	alister	0779566540	3.00	0090	f	2024-12-21 12:53:32.365533+00	f	9	272
27	ryan		4.00	0123	t	2024-12-21 13:51:48.207924+00	f	9	305
49	tinotenda		6.00	0150	f	2024-12-21 14:47:08.188849+00	f	9	332
\.


--
-- Data for Name: finance_cogs; Type: TABLE DATA; Schema: public; Owner: postgres
--

COPY public.finance_cogs (id, date, amount, production_id) FROM stdin;
\.


--
-- Data for Name: finance_emailnotifications; Type: TABLE DATA; Schema: public; Owner: postgres
--

COPY public.finance_emailnotifications (id, expense_notification) FROM stdin;
\.


--
-- Data for Name: finance_expense; Type: TABLE DATA; Schema: public; Owner: postgres
--

COPY public.finance_expense (id, amount, date, description, cancel, status, category_id, user_id) FROM stdin;
2	12.00	2024-12-11	tino transport	f	f	2	1
1	120.00	2024-12-11	prosper salary	t	f	2	1
\.


--
-- Data for Name: finance_expensecategory; Type: TABLE DATA; Schema: public; Owner: postgres
--

COPY public.finance_expensecategory (id, name) FROM stdin;
1	Adminstration costs
2	Personnel costs
3	Operational costs
4	Other Expenses
\.


--
-- Data for Name: finance_sale; Type: TABLE DATA; Schema: public; Owner: postgres
--

COPY public.finance_sale (id, total_amount, tax, sub_total, date, receipt_number, staff, cashier_id, change, amount_paid, void) FROM stdin;
176	4.50	0.68	4.50	2024-12-21	0002	f	9	0.00	20.00	f
177	2.00	0.30	2.00	2024-12-21	0003	f	9	0.00	2.00	f
178	2.00	0.30	2.00	2024-12-21	0004	f	9	0.00	2.00	f
180	2.00	0.30	2.00	2024-12-21	0006	f	9	0.00	2.00	f
181	2.00	0.30	2.00	2024-12-21	0007	f	9	0.00	2.00	f
182	1.00	0.15	1.00	2024-12-21	0008	f	9	0.00	1.00	f
184	2.00	0.30	2.00	2024-12-21	0010	f	9	0.00	2.00	f
186	2.00	0.30	2.00	2024-12-21	0012	f	9	0.00	10.00	f
187	1.00	0.15	1.00	2024-12-21	0013	f	9	0.00	1.00	f
188	2.00	0.30	2.00	2024-12-21	0014	f	9	0.00	10.00	f
189	2.00	0.30	2.00	2024-12-21	0015	f	9	0.00	2.00	f
191	1.00	0.15	1.00	2024-12-21	0017	f	9	0.00	1.00	f
192	0.50	0.08	0.50	2024-12-21	0018	f	9	0.00	0.50	f
194	1.00	0.15	1.00	2024-12-21	0020	f	9	0.00	1.00	f
195	2.00	0.30	2.00	2024-12-21	0021	f	9	0.00	5.00	f
196	1.00	0.15	1.00	2024-12-21	0022	f	9	0.00	1.00	f
197	2.00	0.30	2.00	2024-12-21	0023	f	9	0.00	2.00	f
198	1.00	0.15	1.00	2024-12-21	0024	f	9	0.00	1.00	f
199	1.00	0.15	1.00	2024-12-21	0025	f	9	0.00	1.00	f
200	2.00	0.30	2.00	2024-12-21	0026	f	9	0.00	5.00	f
201	2.00	0.30	2.00	2024-12-21	0027	f	9	0.00	2.00	f
202	1.00	0.15	1.00	2024-12-21	0028	f	9	0.00	1.00	f
203	1.00	0.15	1.00	2024-12-21	0029	f	9	4.00	5.00	f
204	2.00	0.30	2.00	2024-12-21	0030	f	9	0.00	2.00	f
205	2.00	0.30	2.00	2024-12-21	0031	f	9	0.00	2.00	f
214	5.00	0.75	5.00	2024-12-21	0032	f	9	0.00	5.00	f
215	3.50	0.53	3.50	2024-12-21	0033	f	9	0.00	3.50	f
216	3.00	0.45	3.00	2024-12-21	0034	f	9	0.00	3.00	f
217	2.00	0.30	2.00	2024-12-21	0035	f	9	0.00	2.00	f
218	2.00	0.30	2.00	2024-12-21	0036	f	9	0.00	2.00	f
219	4.00	0.60	4.00	2024-12-21	0037	f	9	0.00	4.00	f
221	4.00	0.60	4.00	2024-12-21	0039	f	9	0.00	4.00	f
222	4.00	0.60	4.00	2024-12-21	0040	f	9	0.00	4.00	f
224	10.00	1.50	10.00	2024-12-21	0042	f	9	0.00	10.00	f
225	2.00	0.30	2.00	2024-12-21	0043	f	9	0.00	2.00	f
226	0.50	0.08	0.50	2024-12-21	0044	f	9	0.00	0.50	f
227	2.00	0.30	2.00	2024-12-21	0045	f	9	0.00	2.00	f
228	1.00	0.15	1.00	2024-12-21	0046	f	9	0.00	1.00	f
229	19.00	2.85	19.00	2024-12-21	0047	f	9	0.00	19.00	f
230	10.00	1.50	10.00	2024-12-21	0048	f	9	0.00	10.00	f
231	15.00	2.25	15.00	2024-12-21	0049	f	9	0.00	15.00	f
232	2.00	0.30	2.00	2024-12-21	0050	f	9	0.00	2.00	f
233	2.00	0.30	2.00	2024-12-21	0051	f	9	0.00	2.00	f
234	2.00	0.30	2.00	2024-12-21	0052	f	9	0.00	2.00	f
235	2.00	0.30	2.00	2024-12-21	0053	f	9	0.00	2.00	f
236	1.00	0.15	1.00	2024-12-21	0054	f	9	0.00	1.00	f
237	5.00	0.75	5.00	2024-12-21	0055	f	9	0.00	10.00	f
238	11.50	1.73	11.50	2024-12-21	0056	f	9	0.00	11.50	f
239	14.00	2.10	14.00	2024-12-21	0057	f	9	0.00	14.00	f
240	2.00	0.30	2.00	2024-12-21	0058	f	9	0.00	5.00	f
241	5.00	0.75	5.00	2024-12-21	0059	f	9	0.00	5.00	f
242	3.00	0.45	3.00	2024-12-21	0060	f	9	0.00	3.00	f
243	6.50	0.98	6.50	2024-12-21	0061	f	9	0.00	6.50	f
244	4.00	0.60	4.00	2024-12-21	0062	f	9	1.00	20.00	f
245	3.00	0.45	3.00	2024-12-21	0063	f	9	0.00	3.00	f
246	1.00	0.15	1.00	2024-12-21	0064	f	9	0.00	1.00	f
247	4.00	0.60	4.00	2024-12-21	0065	f	9	0.00	10.00	f
248	2.00	0.30	2.00	2024-12-21	0066	f	9	0.00	2.00	f
249	4.00	0.60	4.00	2024-12-21	0067	f	9	0.00	10.00	f
250	1.00	0.15	1.00	2024-12-21	0068	f	9	0.00	1.00	f
251	2.00	0.30	2.00	2024-12-21	0069	f	9	0.00	2.00	f
252	6.00	0.90	6.00	2024-12-21	0070	f	9	0.00	10.00	f
253	28.00	4.20	28.00	2024-12-21	0071	f	9	0.00	28.00	f
254	44.50	6.68	44.50	2024-12-21	0072	f	9	0.00	44.50	f
255	1.00	0.15	1.00	2024-12-21	0073	f	9	0.00	1.00	f
256	1.00	0.15	1.00	2024-12-21	0074	f	9	0.00	1.00	f
257	1.00	0.15	1.00	2024-12-21	0075	f	9	0.00	1.00	f
258	4.00	0.60	4.00	2024-12-21	0076	f	9	0.00	10.00	f
259	6.00	0.90	6.00	2024-12-21	0077	f	9	0.00	6.00	f
260	5.00	0.75	5.00	2024-12-21	0078	f	9	0.00	5.00	f
261	3.00	0.45	3.00	2024-12-21	0079	f	9	0.00	3.00	f
175	2.00	0.30	2.00	2024-12-21	0001	f	9	0.00	5.00	t
223	2.00	0.30	2.00	2024-12-21	0041	f	9	0.00	2.00	t
220	4.00	0.60	4.00	2024-12-21	0038	f	9	0.00	4.00	t
193	2.00	0.30	2.00	2024-12-21	0019	f	9	0.00	10.00	t
179	2.00	0.30	2.00	2024-12-21	0005	f	9	0.00	20.00	t
183	0.50	0.08	0.50	2024-12-21	0009	f	9	0.00	1.00	t
185	0.50	0.08	0.50	2024-12-21	0011	f	9	0.00	1.00	t
262	5.00	0.75	5.00	2024-12-21	0080	f	9	0.00	10.00	f
263	3.00	0.45	3.00	2024-12-21	0081	f	9	7.00	10.00	f
264	1.00	0.15	1.00	2024-12-21	0082	f	9	7.00	1.00	f
265	4.00	0.60	4.00	2024-12-21	0083	f	9	7.00	5.00	f
266	4.00	0.60	4.00	2024-12-21	0084	f	9	7.00	5.00	f
267	2.00	0.30	2.00	2024-12-21	0085	f	9	7.00	5.00	f
268	10.50	1.58	10.50	2024-12-21	0086	f	9	7.00	10.50	f
269	1.00	0.15	1.00	2024-12-21	0087	f	9	7.00	1.00	f
270	2.00	0.30	2.00	2024-12-21	0088	f	9	7.00	2.00	f
271	2.00	0.30	2.00	2024-12-21	0089	f	9	0.00	2.00	f
272	2.00	0.30	2.00	2024-12-21	0090	f	9	3.00	5.00	f
273	9.00	1.35	9.00	2024-12-21	0091	f	9	3.00	10.00	f
274	1.00	0.15	1.00	2024-12-21	0092	f	9	3.00	1.00	f
275	5.00	0.75	5.00	2024-12-21	0093	f	9	3.00	10.00	f
276	1.00	0.15	1.00	2024-12-21	0094	f	9	3.00	1.00	f
277	5.00	0.75	5.00	2024-12-21	0095	f	9	3.00	20.00	f
278	2.00	0.30	2.00	2024-12-21	0096	f	9	3.00	5.00	f
279	1.00	0.15	1.00	2024-12-21	0097	f	9	0.00	1.00	f
280	3.50	0.53	3.50	2024-12-21	0098	f	9	0.00	20.00	f
281	1.00	0.15	1.00	2024-12-21	0099	f	9	0.00	1.00	f
282	4.00	0.60	4.00	2024-12-21	0100	f	9	0.00	4.00	f
283	2.00	0.30	2.00	2024-12-21	0101	f	9	0.00	2.00	f
284	5.00	0.75	5.00	2024-12-21	0102	f	9	0.00	5.00	f
285	4.00	0.60	4.00	2024-12-21	0103	f	9	0.00	20.00	f
286	1.00	0.15	1.00	2024-12-21	0104	f	9	0.00	1.00	f
287	1.00	0.15	1.00	2024-12-21	0105	f	9	0.00	1.00	f
288	3.00	0.45	3.00	2024-12-21	0106	f	9	0.00	3.00	f
289	2.00	0.30	2.00	2024-12-21	0107	t	9	0.00	2.00	f
290	7.00	1.05	7.00	2024-12-21	0108	f	9	0.00	10.00	f
291	2.00	0.30	2.00	2024-12-21	0109	f	9	0.00	2.00	f
293	3.00	0.45	3.00	2024-12-21	0111	f	9	0.00	5.00	f
294	1.00	0.15	1.00	2024-12-21	0112	f	9	0.00	1.00	f
295	3.00	0.45	3.00	2024-12-21	0113	f	9	0.00	20.00	f
296	2.00	0.30	2.00	2024-12-21	0114	f	9	0.00	5.00	f
297	4.00	0.60	4.00	2024-12-21	0115	f	9	0.00	10.00	f
298	4.50	0.68	4.50	2024-12-21	0116	f	9	0.00	10.50	f
299	1.00	0.15	1.00	2024-12-21	0117	f	9	0.00	1.00	f
300	1.00	0.15	1.00	2024-12-21	0118	f	9	0.00	1.00	f
301	3.00	0.45	3.00	2024-12-21	0119	f	9	0.00	10.00	f
303	1.00	0.15	1.00	2024-12-21	0121	f	9	4.00	1.00	f
304	2.00	0.30	2.00	2024-12-21	0122	f	9	4.00	10.00	f
305	1.00	0.15	1.00	2024-12-21	0123	f	9	4.00	5.00	f
306	2.00	0.30	2.00	2024-12-21	0124	f	9	4.00	2.00	f
307	2.00	0.30	2.00	2024-12-21	0125	t	9	4.00	2.00	f
308	6.00	0.90	6.00	2024-12-21	0126	f	9	4.00	50.00	f
309	0.50	0.08	0.50	2024-12-21	0127	f	9	0.00	0.50	f
310	2.00	0.30	2.00	2024-12-21	0128	f	9	0.00	5.00	f
311	2.00	0.30	2.00	2024-12-21	0129	f	9	3.00	10.00	f
312	3.00	0.45	3.00	2024-12-21	0130	f	9	3.00	5.00	f
313	5.00	0.75	5.00	2024-12-21	0131	f	9	3.00	20.00	f
314	6.00	0.90	6.00	2024-12-21	0132	t	9	3.00	6.00	f
315	1.00	0.15	1.00	2024-12-21	0133	f	9	3.00	1.00	f
316	2.00	0.30	2.00	2024-12-21	0134	f	9	3.00	2.00	f
317	2.00	0.30	2.00	2024-12-21	0135	f	9	3.00	2.00	f
318	5.00	0.75	5.00	2024-12-21	0136	f	9	3.00	10.00	f
319	9.00	1.35	9.00	2024-12-21	0137	f	9	3.00	20.00	f
320	2.00	0.30	2.00	2024-12-21	0138	f	9	3.00	2.00	f
321	2.00	0.30	2.00	2024-12-21	0139	f	9	3.00	5.00	f
322	1.00	0.15	1.00	2024-12-21	0140	f	9	3.00	1.00	f
323	2.00	0.30	2.00	2024-12-21	0141	f	9	3.00	20.00	f
324	5.00	0.75	5.00	2024-12-21	0142	f	9	3.00	10.00	f
325	2.50	0.38	2.50	2024-12-21	0143	f	9	3.00	10.00	f
326	1.00	0.15	1.00	2024-12-21	0144	f	9	3.00	1.00	f
327	2.00	0.30	2.00	2024-12-21	0145	f	9	3.00	5.00	f
328	1.00	0.15	1.00	2024-12-21	0146	f	9	3.00	1.00	f
329	6.00	0.90	6.00	2024-12-21	0147	f	9	0.00	20.00	f
330	3.00	0.45	3.00	2024-12-21	0148	f	9	0.00	20.00	f
331	2.00	0.30	2.00	2024-12-21	0149	t	9	0.00	2.00	f
332	2.00	0.30	2.00	2024-12-21	0150	f	9	6.00	10.00	f
333	2.00	0.30	2.00	2024-12-21	0151	f	9	6.00	2.00	f
334	3.00	0.45	3.00	2024-12-21	0152	f	9	6.00	20.00	f
335	3.00	0.45	3.00	2024-12-21	0153	f	9	6.00	3.00	f
336	4.00	0.60	4.00	2024-12-21	0154	f	9	6.00	4.00	f
337	2.00	0.30	2.00	2024-12-21	0155	f	9	6.00	20.00	f
338	1.00	0.15	1.00	2024-12-21	0156	f	9	6.00	2.00	f
339	1.00	0.15	1.00	2024-12-21	0157	f	9	6.00	1.00	f
340	2.50	0.38	2.50	2024-12-21	0158	f	9	6.00	5.00	f
341	2.00	0.30	2.00	2024-12-21	0159	f	9	6.00	5.00	f
342	2.00	0.30	2.00	2024-12-21	0160	f	9	6.00	2.00	f
302	1.00	0.15	1.00	2024-12-21	0120	f	9	4.00	5.00	t
343	1.00	0.15	1.00	2024-12-21	0161	f	9	6.00	1.00	f
344	2.00	0.30	2.00	2024-12-21	0162	f	9	6.00	2.00	f
345	2.00	0.30	2.00	2024-12-21	0163	f	9	0.00	10.00	f
346	2.00	0.30	2.00	2024-12-21	0164	f	9	8.00	10.00	f
347	4.00	0.60	4.00	2024-12-21	0165	f	9	8.00	10.00	f
348	1.00	0.15	1.00	2024-12-21	0166	f	9	8.00	1.00	f
349	1.00	0.15	1.00	2024-12-21	0167	f	9	8.00	1.00	f
350	1.00	0.15	1.00	2024-12-21	0168	f	9	8.00	20.00	f
351	1.00	0.15	1.00	2024-12-21	0169	f	9	8.00	1.00	f
352	2.00	0.30	2.00	2024-12-21	0170	f	9	8.00	2.00	f
353	2.00	0.30	2.00	2024-12-21	0171	t	9	8.00	2.00	f
354	2.00	0.30	2.00	2024-12-21	0172	f	9	8.00	10.00	f
355	3.00	0.45	3.00	2024-12-21	0173	f	9	8.00	10.00	f
356	14.00	2.10	14.00	2024-12-21	0174	f	9	8.00	14.00	f
357	1.00	0.15	1.00	2024-12-21	0175	f	9	8.00	5.00	f
358	1.00	0.15	1.00	2024-12-21	0176	f	9	8.00	1.00	f
359	1.00	0.15	1.00	2024-12-21	0177	f	9	8.00	1.00	f
360	1.00	0.15	1.00	2024-12-21	0178	f	9	0.00	1.00	f
361	1.00	0.15	1.00	2024-12-21	0179	f	9	0.00	1.00	f
362	0.50	0.08	0.50	2024-12-21	0180	f	9	0.00	0.50	f
363	14.00	2.10	14.00	2024-12-21	0181	f	9	0.00	14.00	f
364	3.00	0.45	3.00	2024-12-21	0182	f	9	0.00	5.00	f
365	1.00	0.15	1.00	2024-12-21	0183	f	9	0.00	10.00	f
366	1.00	0.15	1.00	2024-12-21	0184	f	9	0.00	10.00	f
367	1.00	0.15	1.00	2024-12-21	0185	f	9	0.00	1.00	f
371	1.00	0.15	1.00	2024-12-21	0187	f	9	0.00	1.00	f
372	2.00	0.30	2.00	2024-12-21	0188	f	9	0.00	10.00	f
374	1.00	0.15	1.00	2024-12-21	0190	f	9	0.00	1.00	f
377	8.50	1.28	8.50	2024-12-21	0193	f	9	0.00	8.50	f
379	21.00	3.15	21.00	2024-12-21	0195	f	9	0.00	21.00	f
381	3.00	0.45	3.00	2024-12-21	0197	f	9	0.00	20.00	f
382	12.00	1.80	12.00	2024-12-21	0198	f	9	0.00	12.00	f
383	7.00	1.05	7.00	2024-12-21	0199	f	9	0.00	7.00	f
386	12.00	1.80	12.00	2024-12-21	0202	f	9	0.00	12.00	f
387	14.00	2.10	14.00	2024-12-21	0203	f	9	0.00	14.00	f
388	2.00	0.30	2.00	2024-12-21	0204	f	9	0.00	2.00	f
389	3.00	0.45	3.00	2024-12-21	0205	f	9	0.00	3.00	f
390	14.50	2.18	14.50	2024-12-21	0206	f	9	0.00	14.50	f
391	10.50	1.58	10.50	2024-12-21	0207	f	9	0.00	10.50	f
392	52.50	7.88	52.50	2024-12-21	0208	f	9	0.00	52.50	f
393	38.50	5.78	38.50	2024-12-21	0209	f	9	0.00	38.50	f
394	17.00	2.55	17.00	2024-12-21	0210	f	9	0.00	17.00	f
395	23.00	3.45	23.00	2024-12-21	0211	f	9	0.00	23.00	f
396	15.00	2.25	15.00	2024-12-21	0212	f	9	0.00	15.00	f
397	31.00	4.65	31.00	2024-12-21	0213	f	9	0.00	31.00	f
398	19.50	2.93	19.50	2024-12-21	0214	f	9	0.00	19.50	f
399	4.00	0.60	4.00	2024-12-21	0215	f	9	0.00	4.00	f
400	27.50	4.13	27.50	2024-12-21	0216	f	9	0.00	27.50	f
401	10.00	1.50	10.00	2024-12-21	0217	f	9	0.00	10.00	f
402	2.00	0.30	2.00	2024-12-21	0218	f	9	0.00	2.00	f
403	4.00	0.60	4.00	2024-12-21	0219	f	9	0.00	4.00	f
404	22.00	3.30	22.00	2024-12-21	0220	t	9	0.00	22.00	f
405	2.00	0.30	2.00	2024-12-21	0221	t	9	0.00	2.00	f
406	2.00	0.30	2.00	2024-12-21	0222	t	9	0.00	2.00	f
190	4.00	0.60	4.00	2024-12-21	0016	f	9	0.00	5.00	t
380	2.00	0.30	2.00	2024-12-21	0196	f	9	0.00	2.00	t
292	4.50	0.68	4.50	2024-12-21	0110	f	9	0.00	4.50	t
\.


--
-- Data for Name: finance_saleitem; Type: TABLE DATA; Schema: public; Owner: postgres
--

COPY public.finance_saleitem (id, price, "time", quantity, meal_id, product_id, sale_id, dish_id) FROM stdin;
182	1.00	11:20:22.369707	1	71	\N	196	\N
252	2.00	13:21:00.298156	1	19	\N	244	\N
183	1.00	11:22:59.13801	2	71	\N	197	\N
362	1.00	15:44:29.501504	1	\N	\N	299	31
184	2.00	11:23:53.69516	1	57	\N	198	\N
185	1.00	11:32:18.705347	1	71	\N	199	\N
186	1.00	11:32:42.715095	2	71	\N	200	\N
187	2.00	11:40:05.651518	1	75	\N	201	\N
188	1.00	11:40:52.920299	1	16	\N	202	\N
189	1.00	11:45:06.935354	1	71	\N	203	\N
158	2.00	10:44:45.956839	1	27	\N	175	\N
190	2.00	11:47:16.000356	1	112	\N	204	\N
159	3.50	10:47:44.402916	1	35	\N	176	\N
160	1.00	10:47:44.408174	1	\N	136	176	\N
161	2.00	10:49:21.293702	1	27	\N	177	\N
191	2.00	11:47:48.451728	1	112	\N	205	\N
162	2.00	10:51:59.947653	1	19	\N	178	\N
163	1.00	10:53:34.215516	2	71	\N	179	\N
164	2.00	10:58:02.540705	1	110	\N	180	\N
165	2.00	10:59:04.605393	1	27	\N	181	\N
166	1.00	11:01:28.304987	1	\N	136	182	\N
167	4.00	11:02:15.747204	1	41	\N	183	\N
168	2.00	11:03:23.343083	1	18	\N	184	\N
169	4.00	11:04:33.675132	1	41	\N	185	\N
195	1.00	12:23:29.220537	5	\N	\N	214	63
170	2.00	11:06:46.50419	1	28	\N	186	\N
196	3.50	12:26:10.320262	1	35	\N	215	\N
171	1.00	11:08:04.25348	1	71	\N	187	\N
197	1.00	12:27:41.161013	3	\N	\N	216	63
198	1.00	12:28:20.522386	2	\N	\N	217	63
172	2.00	11:08:54.852208	1	112	\N	188	\N
199	2.00	12:28:53.72868	1	110	\N	218	\N
173	1.00	11:10:09.230002	2	16	\N	189	\N
200	2.00	12:30:28.854058	2	110	\N	219	\N
201	1.00	12:31:20.389721	2	\N	\N	220	63
174	1.00	11:11:19.675186	2	71	\N	190	\N
202	2.00	12:31:20.395921	1	110	\N	220	\N
175	2.00	11:11:19.680029	2	31	\N	190	\N
203	2.00	12:32:31.479559	1	110	\N	221	\N
204	1.00	12:32:31.485832	2	\N	\N	221	63
176	1.00	11:12:41.919658	1	71	\N	191	\N
177	0.50	11:13:12.594162	1	\N	157	192	\N
205	2.00	12:33:20.631644	2	27	\N	222	\N
206	1.00	12:35:52.931071	2	\N	\N	223	31
178	2.50	11:13:56.868273	2	42	\N	193	\N
179	1.00	11:16:52.55865	1	71	\N	194	\N
207	1.00	12:39:46.837344	6	\N	\N	224	31
180	1.00	11:18:39.654778	1	71	\N	195	\N
181	1.00	11:18:39.661242	1	\N	136	195	\N
208	1.00	12:39:46.842907	4	71	\N	224	\N
209	1.00	12:41:39.784814	1	\N	\N	225	31
210	1.00	12:41:39.791279	1	\N	136	225	\N
211	0.50	12:42:23.625565	1	\N	157	226	\N
212	2.00	12:43:33.398206	1	27	\N	227	\N
213	1.00	12:44:56.72174	1	71	\N	228	\N
214	2.00	12:50:48.004011	3	112	\N	229	\N
215	1.00	12:50:48.009182	1	\N	136	229	\N
216	2.00	12:50:48.016537	1	27	\N	229	\N
217	1.00	12:50:48.021375	7	\N	\N	229	31
218	1.00	12:50:48.025913	2	\N	\N	229	63
219	0.50	12:50:48.030231	2	\N	157	229	\N
220	2.00	12:53:41.36036	5	27	\N	230	\N
221	4.00	12:58:44.873006	1	41	\N	231	\N
222	1.00	12:58:44.877883	1	16	\N	231	\N
223	3.50	12:58:44.881892	1	35	\N	231	\N
224	0.50	12:58:44.886961	1	\N	157	231	\N
225	1.00	12:58:44.89431	4	\N	\N	231	31
226	2.00	12:58:44.898722	1	112	\N	231	\N
227	1.00	13:00:48.744068	2	71	\N	232	\N
228	2.00	13:01:47.113152	1	27	\N	233	\N
229	2.00	13:02:24.787749	1	27	\N	234	\N
230	2.00	13:03:19.29561	1	4	\N	235	\N
231	1.00	13:04:36.139642	1	71	\N	236	\N
232	1.00	13:06:15.251707	4	71	\N	237	\N
233	1.00	13:06:15.257075	1	\N	\N	237	31
234	1.00	13:09:19.034538	4	71	\N	238	\N
235	1.00	13:09:19.039785	1	\N	\N	238	33
236	1.00	13:09:19.044044	4	\N	\N	238	31
237	1.00	13:09:19.048272	2	\N	\N	238	42
238	0.50	13:09:19.053215	1	\N	157	238	\N
239	1.00	13:11:06.764239	7	\N	\N	239	31
240	1.00	13:11:06.769738	3	71	\N	239	\N
241	4.00	13:11:06.774034	1	61	\N	239	\N
242	1.00	13:12:55.730901	1	16	\N	240	\N
243	1.00	13:12:55.736506	1	\N	\N	240	31
244	1.00	13:15:07.762204	4	71	\N	241	\N
245	1.00	13:15:07.767567	1	\N	\N	241	31
246	2.00	13:16:32.202051	1	27	\N	242	\N
247	1.00	13:16:32.208111	1	\N	\N	242	31
248	3.00	13:19:44.010761	1	17	\N	243	\N
249	1.00	13:19:44.016122	1	\N	\N	243	31
250	0.50	13:19:44.021574	3	\N	157	243	\N
251	1.00	13:19:44.029274	1	\N	137	243	\N
253	2.00	13:21:00.303313	1	4	\N	244	\N
363	0.50	15:44:49.28815	2	\N	28	300	\N
254	2.00	13:29:57.21336	1	19	\N	245	\N
255	1.00	13:29:57.219285	1	\N	\N	245	31
256	1.00	13:31:50.778959	1	\N	\N	246	31
257	1.00	13:33:32.936407	1	71	\N	247	\N
258	1.00	13:33:32.941776	1	\N	\N	247	31
259	1.00	13:33:32.947151	2	\N	136	247	\N
260	1.00	13:35:30.246678	2	71	\N	248	\N
261	3.00	13:36:50.013178	1	17	\N	249	\N
262	1.00	13:36:50.018132	1	\N	\N	249	31
263	1.00	13:37:41.020636	1	\N	\N	250	31
264	2.00	13:38:01.426362	1	4	\N	251	\N
265	3.00	13:43:37.689183	2	76	\N	252	\N
266	3.00	13:55:34.617547	3	17	\N	253	\N
267	1.00	13:55:34.622873	7	\N	\N	253	31
268	2.00	13:55:34.627286	2	28	\N	253	\N
269	1.00	13:55:34.631759	1	\N	\N	253	42
270	1.00	13:55:34.637606	1	71	\N	253	\N
271	2.00	13:55:34.643569	1	19	\N	253	\N
272	3.50	13:55:34.648754	1	35	\N	253	\N
273	0.50	13:55:34.656047	1	\N	157	253	\N
274	3.00	14:02:56.807551	1	17	\N	254	\N
275	1.00	14:02:56.813893	2	\N	\N	254	31
276	1.00	14:02:56.819489	7	71	\N	254	\N
277	2.00	14:02:56.82499	1	28	\N	254	\N
278	4.00	14:02:56.830428	1	61	\N	254	\N
279	2.00	14:02:56.835173	1	110	\N	254	\N
280	1.00	14:02:56.839845	1	\N	\N	254	42
281	3.50	14:02:56.844493	3	20	\N	254	\N
282	0.50	14:02:56.849786	2	\N	157	254	\N
283	2.00	14:02:56.858073	3	19	\N	254	\N
284	1.00	14:02:56.863094	1	\N	\N	254	33
285	2.00	14:02:56.867847	2	98	\N	254	\N
286	1.00	14:02:56.872656	1	\N	137	254	\N
287	1.00	14:04:04.204351	1	71	\N	255	\N
288	1.00	14:07:28.737804	1	\N	\N	256	31
289	1.00	14:14:22.07155	1	\N	\N	257	42
290	2.00	14:15:56.585509	2	18	\N	258	\N
291	2.50	14:19:30.514945	2	43	\N	259	\N
292	0.50	14:19:30.520778	2	\N	157	259	\N
293	2.00	14:22:43.543092	2	19	\N	260	\N
294	0.50	14:22:43.548677	2	\N	157	260	\N
295	1.00	14:23:33.06573	3	71	\N	261	\N
296	2.00	14:25:12.471076	1	\N	\N	262	52
297	1.00	14:25:12.476657	1	\N	\N	262	49
298	1.50	14:25:12.481235	1	\N	\N	262	71
299	0.50	14:25:12.486439	1	\N	28	262	\N
300	1.00	14:26:18.244071	3	71	\N	263	\N
301	1.00	14:30:33.478605	1	\N	\N	264	31
302	4.00	14:31:11.410676	1	124	\N	265	\N
303	1.00	14:32:11.642123	3	\N	\N	266	63
304	0.50	14:32:11.64825	2	\N	157	266	\N
305	1.00	14:32:43.479378	2	\N	\N	267	63
306	3.50	14:48:51.421471	1	20	\N	268	\N
307	1.00	14:48:51.42702	1	\N	\N	268	63
308	2.00	14:48:51.431771	1	4	\N	268	\N
309	0.50	14:48:51.437422	1	\N	157	268	\N
310	2.50	14:48:51.44544	1	42	\N	268	\N
311	0.50	14:48:51.450261	2	\N	\N	268	41
312	1.00	14:49:39.648	1	\N	\N	269	31
313	2.00	14:50:07.916438	1	18	\N	270	\N
314	1.00	14:51:23.296527	1	71	\N	271	\N
315	1.00	14:51:23.30262	1	\N	136	271	\N
316	2.00	14:53:32.359388	1	27	\N	272	\N
317	4.50	14:55:37.408001	1	125	\N	273	\N
318	1.00	14:55:37.41388	2	\N	\N	273	31
319	2.00	14:55:37.418788	1	75	\N	273	\N
320	0.50	14:55:37.42457	1	\N	28	273	\N
321	1.00	14:56:00.049313	1	71	\N	274	\N
322	1.00	14:57:21.515493	1	71	\N	275	\N
323	1.00	14:57:21.520956	2	\N	136	275	\N
324	1.00	14:57:21.528137	2	\N	\N	275	31
325	1.00	14:58:57.434763	1	71	\N	276	\N
326	3.00	15:00:44.583846	1	\N	\N	277	69
327	2.00	15:00:44.58949	1	110	\N	277	\N
328	2.00	15:01:17.857808	1	110	\N	278	\N
329	1.00	15:04:21.260685	1	\N	136	279	\N
330	2.50	15:05:13.672666	1	50	\N	280	\N
331	1.00	15:05:13.678456	1	\N	136	280	\N
332	1.00	15:06:08.964734	1	\N	136	281	\N
333	2.00	15:06:48.071134	2	4	\N	282	\N
334	2.00	15:07:51.60725	1	18	\N	283	\N
335	1.00	15:09:12.782683	2	71	\N	284	\N
336	1.00	15:09:12.787744	1	\N	\N	284	31
337	0.50	15:09:12.79246	3	\N	157	284	\N
338	0.50	15:09:12.799069	1	\N	28	284	\N
339	1.00	15:09:49.851356	4	71	\N	285	\N
340	0.50	15:11:13.620067	2	\N	\N	286	41
341	0.50	15:13:54.901627	2	\N	28	287	\N
342	1.00	15:14:53.045671	3	\N	\N	288	31
343	2.00	15:16:26.256509	1	18	\N	289	\N
344	2.50	15:23:08.266593	2	50	\N	290	\N
345	1.00	15:23:08.274564	1	\N	\N	290	31
346	0.50	15:23:08.280721	2	\N	28	290	\N
347	1.00	15:24:26.596851	1	\N	\N	291	31
348	0.50	15:24:26.602479	2	\N	157	291	\N
364	1.00	15:45:17.851174	2	\N	\N	301	62
349	2.00	15:26:29.03955	2	27	\N	292	\N
350	0.50	15:26:29.045805	1	\N	28	292	\N
351	2.00	15:31:40.013241	1	4	\N	293	\N
352	1.00	15:31:40.019026	1	\N	136	293	\N
365	1.00	15:45:17.855876	1	\N	\N	301	31
353	1.00	15:35:47.598976	1	\N	\N	294	31
366	1.00	15:46:55.743157	1	70	\N	302	\N
354	2.50	15:36:23.681622	1	50	\N	295	\N
355	0.50	15:36:23.687639	1	\N	157	295	\N
356	2.00	15:38:38.658397	1	19	\N	296	\N
367	1.00	15:47:32.470183	1	\N	\N	303	31
357	2.50	15:40:42.489076	1	59	\N	297	\N
358	1.00	15:40:42.494491	1	\N	137	297	\N
359	0.50	15:40:42.501356	1	\N	28	297	\N
360	1.00	15:43:46.169534	3	70	\N	298	\N
361	0.50	15:43:46.177527	3	\N	157	298	\N
368	1.00	15:49:36.992492	2	\N	\N	304	62
369	1.00	15:51:48.200573	1	\N	\N	305	31
370	2.00	15:53:41.355968	1	4	\N	306	\N
371	2.00	15:54:15.850505	1	18	\N	307	\N
372	2.00	15:59:47.116892	1	4	\N	308	\N
373	2.00	15:59:47.121847	1	19	\N	308	\N
374	1.00	15:59:47.126843	1	\N	137	308	\N
375	1.00	15:59:47.134313	1	\N	136	308	\N
376	0.50	16:03:09.23512	1	\N	157	309	\N
377	2.00	16:04:02.040022	1	19	\N	310	\N
378	1.00	16:06:25.229552	1	\N	136	311	\N
379	1.00	16:06:25.238457	1	\N	\N	311	31
380	1.00	16:07:51.46738	2	\N	\N	312	62
381	0.50	16:07:51.473548	2	\N	28	312	\N
382	4.00	16:10:37.705962	1	92	\N	313	\N
383	1.00	16:10:37.71182	1	\N	136	313	\N
384	2.00	16:11:44.709936	3	18	\N	314	\N
385	1.00	16:12:59.288594	1	70	\N	315	\N
386	2.00	16:13:47.166778	1	57	\N	316	\N
387	1.00	16:14:04.210676	2	\N	\N	317	31
388	2.00	16:17:00.963902	1	52	\N	318	\N
389	1.00	16:17:00.969092	1	\N	\N	318	31
390	1.00	16:17:00.976425	2	\N	136	318	\N
391	3.50	16:20:30.507676	2	35	\N	319	\N
392	1.00	16:20:30.514685	2	\N	137	319	\N
393	2.00	16:20:59.707525	1	4	\N	320	\N
394	1.00	16:23:10.347203	2	\N	\N	321	31
395	1.00	16:23:51.862989	1	\N	\N	322	31
396	1.00	16:25:06.150043	1	\N	\N	323	62
397	1.00	16:25:06.156118	1	\N	\N	323	31
398	1.00	16:29:19.137043	4	\N	\N	324	31
399	0.50	16:29:19.143576	2	\N	28	324	\N
400	1.00	16:31:04.670042	1	\N	\N	325	31
401	1.50	16:31:04.674792	1	\N	\N	325	59
402	1.00	16:31:33.121439	1	\N	\N	326	62
403	1.00	16:33:40.945203	2	\N	\N	327	31
404	1.00	16:34:27.904039	1	\N	\N	328	31
405	0.50	16:37:35.485421	4	\N	157	329	\N
406	1.00	16:37:35.493303	4	\N	\N	329	62
407	1.00	16:44:01.241387	2	\N	\N	330	31
408	1.00	16:44:01.24644	1	\N	\N	330	62
409	2.00	16:44:22.945428	1	19	\N	331	\N
410	1.00	16:47:08.174965	1	\N	\N	332	62
411	0.50	16:47:08.181126	2	\N	157	332	\N
412	2.00	16:48:49.891476	1	57	\N	333	\N
413	2.00	16:50:20.287612	1	94	\N	334	\N
414	0.50	16:50:20.294131	1	\N	28	334	\N
415	0.50	16:50:20.302852	1	\N	157	334	\N
416	1.00	16:51:55.701122	1	\N	\N	335	31
417	1.00	16:51:55.705734	1	\N	\N	335	62
418	1.00	16:51:55.710355	1	\N	136	335	\N
419	1.00	16:53:22.795415	1	\N	\N	336	31
420	1.00	16:53:22.800782	3	\N	\N	336	62
421	2.00	16:54:20.300246	1	18	\N	337	\N
422	1.00	16:56:56.13626	1	\N	\N	338	62
423	1.00	17:00:42.005719	1	\N	\N	339	62
424	2.00	17:02:51.705306	1	57	\N	340	\N
425	0.50	17:02:51.710452	1	\N	157	340	\N
426	1.00	17:06:02.045419	1	\N	\N	341	62
427	1.00	17:06:02.051601	1	\N	\N	341	31
428	2.00	17:12:14.818681	1	94	\N	342	\N
429	1.00	17:17:32.91501	1	\N	\N	343	62
430	1.00	17:18:19.379905	1	\N	\N	344	62
431	1.00	17:18:19.385114	1	\N	136	344	\N
432	1.00	17:20:50.891731	1	\N	\N	345	62
433	1.00	17:20:50.897236	1	\N	137	345	\N
434	1.00	17:25:30.189333	2	\N	\N	346	62
435	2.00	17:28:14.663186	1	18	\N	347	\N
436	2.00	17:28:14.669379	1	57	\N	347	\N
437	1.00	17:29:09.458214	1	\N	\N	348	62
438	1.00	17:29:45.660352	1	\N	136	349	\N
439	1.00	17:30:32.77618	1	\N	\N	350	31
440	0.50	17:31:10.607828	2	\N	28	351	\N
441	2.00	17:32:25.110564	1	94	\N	352	\N
442	2.00	17:41:18.342047	1	18	\N	353	\N
443	2.00	17:43:46.197024	1	4	\N	354	\N
503	1.00	18:53:43.431413	7	\N	\N	386	31
444	3.00	17:45:24.505597	1	38	\N	355	\N
445	1.00	18:02:57.519135	2	71	\N	356	\N
504	1.00	18:53:43.436582	1	\N	\N	386	63
446	1.00	18:02:57.524625	2	\N	\N	356	31
447	1.00	18:02:57.530592	3	\N	136	356	\N
448	1.00	18:02:57.538642	1	\N	\N	356	49
505	2.00	18:53:43.443252	1	4	\N	386	\N
449	3.00	18:02:57.543519	1	76	\N	356	\N
450	2.00	18:02:57.548973	1	18	\N	356	\N
451	0.50	18:02:57.555718	2	\N	28	356	\N
506	2.00	18:53:43.450368	1	54	\N	386	\N
452	1.00	18:03:36.586756	1	\N	\N	357	31
453	1.00	18:06:31.287065	1	\N	\N	358	62
507	1.00	18:57:13.401118	2	\N	\N	387	31
454	1.00	18:06:49.788937	1	\N	\N	359	31
455	1.00	18:13:06.587966	1	\N	\N	360	31
508	1.00	18:57:13.405874	1	\N	\N	387	63
456	1.00	18:13:46.25548	1	\N	\N	361	62
457	0.50	18:14:56.392835	1	\N	28	362	\N
458	1.00	18:17:48.969292	9	71	\N	363	\N
509	2.00	18:57:13.411473	3	18	\N	387	\N
459	1.00	18:17:48.974305	4	\N	\N	363	31
460	1.00	18:17:48.978815	1	\N	136	363	\N
461	1.00	18:18:11.833606	3	\N	\N	364	31
510	3.00	18:57:13.418182	1	38	\N	387	\N
462	1.00	18:19:09.526923	1	70	\N	365	\N
463	1.00	18:19:39.670486	1	\N	\N	366	62
511	1.00	18:57:13.424865	1	\N	\N	387	49
464	1.00	18:20:38.067061	1	\N	\N	367	31
512	0.50	18:57:13.432244	2	\N	157	387	\N
513	2.00	19:14:31.283548	1	4	\N	388	\N
514	2.50	19:19:06.553957	1	102	\N	389	\N
515	0.50	19:19:06.559629	1	\N	157	389	\N
468	0.50	18:23:06.487982	2	\N	\N	371	41
516	1.00	19:25:58.441276	1	\N	\N	390	49
469	1.00	18:24:05.647832	2	\N	\N	372	62
517	1.00	19:25:58.446513	4	\N	\N	390	63
471	0.50	18:26:39.499501	2	\N	\N	374	41
518	3.00	19:25:58.451999	1	38	\N	390	\N
519	2.00	19:25:58.456839	1	27	\N	390	\N
520	2.50	19:25:58.461671	1	102	\N	390	\N
474	1.00	18:31:00.192418	2	\N	\N	377	63
475	1.00	18:31:00.198272	3	\N	\N	377	31
476	0.50	18:31:00.204808	1	\N	28	377	\N
477	0.50	18:31:00.213502	2	\N	157	377	\N
521	1.00	19:25:58.466813	2	\N	\N	390	31
478	2.00	18:31:00.22198	1	27	\N	377	\N
522	0.50	19:29:15.059073	1	\N	28	391	\N
523	1.00	19:29:15.06688	2	\N	136	391	\N
480	2.00	18:36:26.623877	1	18	\N	379	\N
524	2.00	19:29:15.073895	2	\N	\N	391	67
481	2.50	18:36:26.629312	3	102	\N	379	\N
482	1.00	18:36:26.634459	1	\N	137	379	\N
525	0.50	19:29:15.078908	2	\N	157	391	\N
483	1.00	18:36:26.641741	4	\N	\N	379	63
484	2.00	18:36:26.646046	1	19	\N	379	\N
485	1.00	18:36:26.650158	1	\N	136	379	\N
486	0.50	18:36:26.659317	6	\N	157	379	\N
487	0.50	18:36:26.669293	1	\N	28	379	\N
488	0.50	18:37:17.007667	1	\N	28	380	\N
526	1.00	19:29:15.086298	1	71	\N	391	\N
489	1.00	18:37:17.015215	1	\N	\N	380	62
490	0.50	18:37:17.020654	1	\N	157	380	\N
491	3.00	18:43:03.631104	1	38	\N	381	\N
492	0.50	18:46:31.105338	3	\N	28	382	\N
527	2.00	19:29:15.092893	1	31	\N	391	\N
493	2.00	18:46:31.114765	2	19	\N	382	\N
494	0.50	18:46:31.12295	3	\N	157	382	\N
495	2.00	18:46:31.133843	1	18	\N	382	\N
528	1.00	19:35:04.258091	7	\N	\N	392	31
496	3.00	18:46:31.141299	1	38	\N	382	\N
497	1.00	18:49:22.264608	2	\N	136	383	\N
498	1.00	18:49:22.27148	1	\N	\N	383	31
529	2.00	19:35:04.264177	1	19	\N	392	\N
499	3.00	18:49:22.276455	1	76	\N	383	\N
500	1.00	18:49:22.281904	1	\N	\N	383	63
530	1.00	19:35:04.268837	7	\N	\N	392	63
531	1.00	19:35:04.275458	8	\N	136	392	\N
532	4.00	19:35:04.285538	1	124	\N	392	\N
533	3.00	19:35:04.292046	1	17	\N	392	\N
534	0.50	19:35:04.298246	4	\N	28	392	\N
535	2.00	19:35:04.310235	3	4	\N	392	\N
536	1.00	19:35:04.316972	3	\N	\N	392	49
537	1.00	19:35:04.323806	1	\N	\N	392	33
538	3.00	19:35:04.330775	3	38	\N	392	\N
539	0.50	19:35:04.336244	1	\N	157	392	\N
540	3.50	19:39:12.791658	1	20	\N	393	\N
541	1.00	19:39:12.797709	8	\N	\N	393	63
542	1.00	19:39:12.803815	8	\N	\N	393	31
543	1.00	19:39:12.810495	4	\N	136	393	\N
544	2.00	19:39:12.819813	1	4	\N	393	\N
545	2.00	19:39:12.825993	2	19	\N	393	\N
546	3.00	19:39:12.833222	1	17	\N	393	\N
547	2.00	19:39:12.839401	1	27	\N	393	\N
548	2.00	19:39:12.845642	2	18	\N	393	\N
549	3.00	19:42:25.989198	1	17	\N	394	\N
550	2.00	19:42:25.994135	1	110	\N	394	\N
551	1.00	19:42:25.998634	1	16	\N	394	\N
552	1.00	19:42:26.003932	4	\N	\N	394	63
553	1.00	19:42:26.008772	1	\N	\N	394	33
554	2.00	19:42:26.013472	1	27	\N	394	\N
555	2.00	19:42:26.018832	1	19	\N	394	\N
556	1.00	19:42:26.026214	2	\N	\N	394	31
557	2.00	19:45:39.010682	2	19	\N	395	\N
558	0.50	19:45:39.015637	2	\N	\N	395	44
559	1.00	19:45:39.019928	4	\N	\N	395	63
560	0.50	19:45:39.026612	1	\N	157	395	\N
561	0.50	19:45:39.040427	1	\N	28	395	\N
562	2.00	19:45:39.050795	1	110	\N	395	\N
563	1.50	19:45:39.05835	1	\N	\N	395	15
564	3.50	19:45:39.065223	1	21	\N	395	\N
565	2.00	19:45:39.071691	3	31	\N	395	\N
566	1.00	19:47:55.594494	5	\N	\N	396	31
567	3.50	19:47:55.599928	1	35	\N	396	\N
568	1.00	19:47:55.605389	4	\N	\N	396	63
569	2.00	19:47:55.611565	1	27	\N	396	\N
570	0.50	19:47:55.618707	1	\N	157	396	\N
571	2.00	19:51:19.385506	4	19	\N	397	\N
572	4.00	19:51:19.390483	1	124	\N	397	\N
573	0.50	19:51:19.395326	2	\N	157	397	\N
574	2.00	19:51:19.40438	2	110	\N	397	\N
575	1.00	19:51:19.411409	5	\N	\N	397	31
576	1.00	19:51:19.421386	1	\N	\N	397	63
577	2.50	19:51:19.430887	1	50	\N	397	\N
578	3.50	19:51:19.438393	1	35	\N	397	\N
579	1.00	19:51:19.445236	2	\N	136	397	\N
580	1.00	19:54:10.584603	3	\N	136	398	\N
581	1.00	19:54:10.591905	1	\N	\N	398	63
582	2.00	19:54:10.597675	2	19	\N	398	\N
583	2.00	19:54:10.603821	1	27	\N	398	\N
584	0.50	19:54:10.608816	3	\N	28	398	\N
585	1.00	19:54:10.615601	1	\N	\N	398	31
586	2.50	19:54:10.623806	1	59	\N	398	\N
587	2.50	19:54:10.630608	1	60	\N	398	\N
588	0.50	19:54:10.638123	2	\N	157	398	\N
589	1.00	19:54:10.648439	1	\N	\N	398	62
590	2.00	19:55:42.381693	1	4	\N	399	\N
591	2.00	19:55:42.386335	1	54	\N	399	\N
592	1.00	19:58:12.180673	6	\N	\N	400	31
593	1.00	19:58:12.186454	10	\N	\N	400	62
594	2.00	19:58:12.193613	2	18	\N	400	\N
595	1.50	19:58:12.200433	1	51	\N	400	\N
596	2.00	19:58:12.207394	2	4	\N	400	\N
597	1.00	19:58:12.215213	2	\N	136	400	\N
598	2.00	20:00:29.524521	1	31	\N	401	\N
599	2.00	20:00:29.529952	2	4	\N	401	\N
600	0.50	20:00:29.535525	3	\N	157	401	\N
601	1.00	20:00:29.54387	2	\N	\N	401	62
602	0.50	20:00:29.548765	1	\N	28	401	\N
603	1.00	20:00:55.266442	2	\N	\N	402	62
604	1.00	20:01:31.839745	4	\N	\N	403	63
605	2.00	20:08:42.609036	11	18	\N	404	\N
606	2.00	20:09:29.030204	1	18	\N	405	\N
607	2.00	20:09:49.375309	1	4	\N	406	\N
\.


--
-- Data for Name: finance_transactionlog; Type: TABLE DATA; Schema: public; Owner: postgres
--

COPY public.finance_transactionlog (id, action, expense_id, sale_id) FROM stdin;
\.


--
-- Data for Name: inventory_allocatedrawmaterials; Type: TABLE DATA; Schema: public; Owner: postgres
--

COPY public.inventory_allocatedrawmaterials (id, remaining_quantity, quantity, production_id, raw_material_id) FROM stdin;
\.


--
-- Data for Name: inventory_category; Type: TABLE DATA; Schema: public; Owner: postgres
--

COPY public.inventory_category (id, name) FROM stdin;
1	Starch
2	Oils
3	Spices
4	Salads
5	Spread
6	Perishable
7	Sauces
8	Meat
9	Drinks
10	Vegetables
11	Packaging
12	Packaging
13	Packaging
14	Packaging
15	bread
16	bread
17	Cleaning utensils
18	Additional Materials
19	Uniform
\.


--
-- Data for Name: inventory_checklist; Type: TABLE DATA; Schema: public; Owner: postgres
--

COPY public.inventory_checklist (id, status, date, product_id) FROM stdin;
1	f	2024-11-18	28
2	f	2024-11-18	29
3	f	2024-11-19	28
4	f	2024-11-19	29
5	f	2024-11-19	123
6	f	2024-11-19	124
7	f	2024-11-19	130
8	f	2024-11-19	136
9	f	2024-11-19	137
10	f	2024-11-20	28
11	f	2024-11-20	29
12	f	2024-11-20	123
13	f	2024-11-20	124
14	f	2024-11-20	136
15	f	2024-11-20	137
16	f	2024-11-20	5
17	f	2024-11-20	6
18	f	2024-11-20	133
19	f	2024-11-20	12
20	f	2024-11-20	45
21	f	2024-11-20	24
22	f	2024-11-20	30
23	f	2024-11-20	31
24	f	2024-11-21	28
25	f	2024-11-21	29
26	f	2024-11-21	123
27	f	2024-11-21	124
28	f	2024-11-21	137
29	f	2024-11-21	136
30	f	2024-11-22	28
31	f	2024-11-22	29
32	f	2024-11-22	123
33	f	2024-11-22	124
34	f	2024-11-22	137
35	f	2024-11-22	136
36	f	2024-11-22	1
37	f	2024-11-22	133
38	f	2024-11-22	6
39	f	2024-11-22	5
40	f	2024-11-22	8
41	f	2024-11-22	12
42	f	2024-11-22	140
43	f	2024-11-22	17
44	f	2024-11-22	19
45	f	2024-11-22	22
46	f	2024-11-22	24
47	f	2024-11-22	155
48	f	2024-11-22	30
49	f	2024-11-22	31
50	f	2024-11-22	32
51	f	2024-11-22	34
52	f	2024-11-22	36
53	f	2024-11-22	40
54	f	2024-11-22	49
55	f	2024-11-22	51
56	f	2024-11-22	57
57	f	2024-11-22	120
58	f	2024-11-22	126
59	f	2024-11-23	28
60	f	2024-11-23	29
61	f	2024-11-23	123
62	f	2024-11-23	124
63	f	2024-11-23	137
64	f	2024-11-23	136
65	f	2024-11-23	1
66	f	2024-11-23	5
67	f	2024-11-23	6
68	f	2024-11-23	133
69	f	2024-11-23	8
70	f	2024-11-23	9
71	f	2024-11-23	12
72	f	2024-11-23	14
73	f	2024-11-23	15
74	f	2024-11-23	22
75	f	2024-11-23	152
76	f	2024-11-23	24
77	f	2024-11-23	25
78	f	2024-11-23	155
79	f	2024-11-23	27
80	f	2024-11-23	30
81	f	2024-11-23	31
82	f	2024-11-23	32
83	f	2024-11-23	34
84	f	2024-11-23	36
85	f	2024-11-23	40
86	f	2024-11-23	45
87	f	2024-11-23	46
88	f	2024-11-23	48
89	f	2024-11-23	49
90	f	2024-11-23	51
91	f	2024-11-23	52
92	f	2024-11-23	57
93	f	2024-12-05	28
94	f	2024-12-05	29
95	f	2024-12-05	123
96	f	2024-12-05	124
97	f	2024-12-05	137
98	f	2024-12-05	136
99	f	2024-12-05	49
100	f	2024-12-05	57
101	f	2024-12-06	29
102	f	2024-12-06	123
103	f	2024-12-06	124
104	f	2024-12-06	28
105	f	2024-12-06	137
106	f	2024-12-06	136
107	f	2024-12-06	157
108	f	2024-12-07	29
109	f	2024-12-07	123
110	f	2024-12-07	124
111	f	2024-12-07	28
112	f	2024-12-07	136
113	f	2024-12-07	157
114	f	2024-12-07	137
115	f	2024-12-07	1
116	f	2024-12-07	2
117	f	2024-12-07	3
118	f	2024-12-07	4
119	f	2024-12-07	5
120	f	2024-12-07	6
121	f	2024-12-07	133
122	f	2024-12-07	8
123	f	2024-12-07	9
124	f	2024-12-07	12
125	f	2024-12-07	15
126	f	2024-12-07	16
127	f	2024-12-07	19
128	f	2024-12-07	20
129	f	2024-12-07	21
130	f	2024-12-07	22
131	f	2024-12-07	23
132	f	2024-12-07	24
133	f	2024-12-07	25
134	f	2024-12-07	154
135	f	2024-12-07	27
136	f	2024-12-07	152
137	f	2024-12-07	30
138	f	2024-12-07	31
139	f	2024-12-07	32
140	f	2024-12-07	34
141	f	2024-12-07	36
142	f	2024-12-07	37
143	f	2024-12-07	40
144	f	2024-12-07	45
145	f	2024-12-07	46
146	f	2024-12-07	48
147	f	2024-12-07	49
148	f	2024-12-07	51
149	f	2024-12-07	52
150	f	2024-12-07	57
151	f	2024-12-08	123
152	f	2024-12-08	124
153	f	2024-12-08	28
154	f	2024-12-08	29
155	f	2024-12-08	136
156	f	2024-12-08	157
157	f	2024-12-08	137
158	f	2024-12-08	1
159	f	2024-12-08	2
160	f	2024-12-08	5
161	f	2024-12-08	6
162	f	2024-12-08	133
163	f	2024-12-08	8
164	f	2024-12-08	12
165	f	2024-12-08	14
166	f	2024-12-08	16
167	f	2024-12-08	19
168	f	2024-12-08	24
169	f	2024-12-08	25
170	f	2024-12-08	155
171	f	2024-12-08	30
172	f	2024-12-08	31
173	f	2024-12-08	32
174	f	2024-12-08	34
175	f	2024-12-08	36
176	f	2024-12-08	40
177	f	2024-12-08	45
178	f	2024-12-08	48
179	f	2024-12-08	49
180	f	2024-12-08	51
181	f	2024-12-08	52
182	f	2024-12-08	57
183	f	2024-12-08	127
184	f	2024-12-09	123
185	f	2024-12-09	124
186	f	2024-12-09	29
187	f	2024-12-09	28
188	f	2024-12-09	137
189	f	2024-12-09	136
190	f	2024-12-09	157
191	f	2024-12-11	123
192	f	2024-12-11	124
193	f	2024-12-11	28
194	f	2024-12-11	29
195	f	2024-12-11	136
196	f	2024-12-11	157
197	f	2024-12-11	137
198	f	2024-12-11	1
199	f	2024-12-11	2
200	f	2024-12-11	3
319	f	2024-12-21	28
320	f	2024-12-21	29
321	f	2024-12-21	157
322	f	2024-12-21	137
323	f	2024-12-21	136
324	f	2024-12-21	185
325	f	2024-12-21	189
326	f	2024-12-21	191
327	f	2024-12-21	184
328	f	2024-12-21	182
329	f	2024-12-21	183
330	f	2024-12-21	193
331	f	2024-12-21	188
332	f	2024-12-21	190
333	f	2024-12-21	192
334	f	2024-12-21	186
335	f	2024-12-21	187
336	f	2024-12-21	194
301	f	2024-12-20	28
302	f	2024-12-20	29
303	f	2024-12-20	157
304	f	2024-12-20	137
305	f	2024-12-20	136
306	f	2024-12-20	185
307	f	2024-12-20	189
308	f	2024-12-20	191
309	f	2024-12-20	184
310	f	2024-12-20	182
311	f	2024-12-20	183
312	f	2024-12-20	193
313	f	2024-12-20	188
314	f	2024-12-20	190
315	f	2024-12-20	192
316	f	2024-12-20	186
317	f	2024-12-20	187
318	f	2024-12-20	194
\.


--
-- Data for Name: inventory_dish; Type: TABLE DATA; Schema: public; Owner: postgres
--

COPY public.inventory_dish (id, name, portion_multiplier, price, cost, category, dish) FROM stdin;
43	Pork Chops	5	2.49	0.80	(<MealCategory: Meat>, False)	t
68	Large T-bone	3	3.00	1.57	Meat	t
72	Large Fish	1	3.50	1.55	Meat	t
48	Potato Wedges	2	1.00	0.35	Fast food	t
49	Mashed Potatoes	4	1.00	0.38	Starch	t
45	T-Bones	6	2.50	0.84	(<MealCategory: Meat>, False)	t
52	Crumbed Chickens	6	2.00	1.00	Meat	t
14	Macaroni	6	1.00	0.29	(<MealCategory: Starch>, True)	t
53	Fish Stew	2	2.50	1.77	Meat	t
12	Chicken stew	6	1.50	0.59	(<MealCategory: Meat>, False)	t
36	Beef Veggie	8	1.50	0.65	(<MealCategory: Meat>, False)	t
35	Fried Vegetables	9	0.01	0.15	(<MealCategory: Salad>, True)	t
33	Butternuts	3	1.00	0.26	(<MealCategory: Starch>, False)	t
42	Rice nedovi	6	1.00	0.79	Starch	t
38	Goat meat	8	1.50	0.53	(<MealCategory: Meat>, False)	t
46	Macaroni in red sauce	6	1.00	0.46	(<MealCategory: Starch>, False)	t
47	Beef stir-fry	7	2.50	1.15	(<MealCategory: Meat>, False)	t
41	Rice plain	6	0.50	0.29	Starch	t
11	Chicken Stirfry	7	2.50	0.93	(<MealCategory: >, True)	t
15	Beef stew	8	1.50	0.70	(<MealCategory: >, False)	t
31	Fresh Chips	2	1.00	0.53	(<MealCategory: >, False)	t
56	Roast Chicken	6	2.00	0.52		t
54	Fish Roast	4	2.50	0.19	Meat	t
58	1/4 chicken	4	3.00	0.77	Meat	t
51	Pork stew	8	1.50	0.51	Meat	t
44	Sadza	8	0.50	0.15	(<MealCategory: Starch>, False)	t
60	Coleslaw salad	7	0.01	0.20	Salad	t
61	Russians	1	1.00	0.31	Meat	t
62	Hotdog	1	1.00	0.55	Fast food	t
63	Burger	1	1.00	0.56	Fast food	t
66	Greek Rice	6	0.50	0.31	Starch	t
64	Chicken Salad	10	2.00	0.39	Salad	t
65	Shawarma	1	2.00	0.82	Fast food	t
67	Double Burger	1	2.00	0.92	Fast food	t
59	pork roast	8	1.50	0.51	Meat	t
70	Beef Roast	8	2.00	0.56	Meat	t
71	Mince	8	1.50	0.82	Meat	t
69	Large porkchops	3	3.00	1.28	Meat	t
\.


--
-- Data for Name: inventory_endofday; Type: TABLE DATA; Schema: public; Owner: postgres
--

COPY public.inventory_endofday (id, date, done, total_sales, cashed_amount) FROM stdin;
\.


--
-- Data for Name: inventory_endofdayitems; Type: TABLE DATA; Schema: public; Owner: postgres
--

COPY public.inventory_endofdayitems (id, dish_name, total_portions, total_sold, staff_portions, wastage, leftovers, expected, end_of_day_id) FROM stdin;
\.


--
-- Data for Name: inventory_ingredient; Type: TABLE DATA; Schema: public; Owner: postgres
--

COPY public.inventory_ingredient (id, note, quantity, dish_id, raw_material_id) FROM stdin;
364		1	48	12
365		0.015	48	6
366		0.03	48	9
367		2	48	152
368		2	48	46
369		2	48	45
370		2	48	48
371		2	48	52
75		1	14	3
76		0.128	14	5
77		0.066	14	6
78		6	14	49
323		1	41	1
324		0.05	41	5
340		1	44	57
341		8	44	49
325		0.025	41	6
326		6	41	49
327		6	41	51
328		1	42	1
335		1	43	22
336		0.053	43	6
337		0.04	43	8
338		0.01	43	5
339		5	43	49
265		1	31	12
266		0.1	31	9
267		0.005	31	6
268		0.05	31	5
269		2	31	45
270		2	31	46
271		2	31	152
272		2	31	51
273		2	31	52
274		2	31	49
342		1	45	25
63	chicken	1	12	19
64		0.02	12	6
65		0.118	12	30
66		0.044	12	133
67		0.055	12	5
68		1	12	49
293		1	36	24
294		0.3	36	155
295		0.4	36	30
296		0.03	36	6
297		0.142	36	12
298		8	36	49
299		0.1	36	5
289		1	35	155
290		0.071	35	6
291		0.178	35	5
305		1	38	126
306		0.021	38	6
307		0.139	38	30
308		0.057	38	31
309		0.046	38	133
310		8	38	49
329		1	42	14
330		0.025	42	6
331		0.05	42	5
332		6	42	49
333		6	42	51
343		0.029	45	6
344		0.006	45	5
345		6	45	49
280		1	33	37
281		0.017	33	154
282		0.01	33	5
283		3	33	49
284		3	33	51
346		1	46	3
347		0.2	46	5
348		0.92	46	6
349		6	46	49
350		6	46	51
351		0.05	46	138
352		0.035	46	8
353		1	47	24
354		0.407	47	34
355		0.18	47	31
356		0.233	47	36
357		0.32	47	40
358		0.15	47	17
359		0.15	47	6
360		0.105	47	140
361		0.096	47	120
362		0.4	47	5
363		7	47	49
79		1	15	24
80		0.03	15	6
81		0.4	15	30
82		0.07	15	31
83		0.07	15	40
84		0.04	15	32
85		0.088	15	34
86		0.04	15	36
372		2	48	51
373		1	49	12
374		0.1	49	15
375		0.25	49	27
376		0.008	49	6
377		4	49	48
378		4	49	51
381		6	14	51
384		6	12	45
385		8	36	45
386		8	38	45
389		7	47	45
390		7	11	45
379		0.32	11	40
380		7	11	49
49		0.407	11	34
51		0.18	11	31
53		1	11	19
55		0.233	11	36
57		0.15	11	17
59		0.07	11	6
61		0.105	11	140
62		0.096	11	120
391		8	15	45
87		0.044	15	133
88		0.142	15	12
89		0.08	15	5
90		8	15	49
400		1	52	16
401		0.02	52	2
402		1	52	19
412		1	56	19
413		0.03	56	8
415		0.32	51	30
416		0.08	51	5
417		0.038	51	133
418		0.15	51	31
419		0.024	51	6
399		1	51	23
421		0.03	58	8
420		1	58	19
427		1	60	42
428		0.2	60	32
429		0.1	60	31
430		0.35	60	13
431		0.025	60	154
432		0.03	60	47
433		1	61	21
434		0.005	61	5
435		1	62	131
436		1	62	21
437		0.01	62	33
438		0.02	62	30
439		0.01	62	140
440		0.01	62	11
403		1	53	20
404		0.32	53	30
405		0.15	53	31
406		0.024	53	6
407		0.08	53	5
408		0.038	53	133
409		0.25	54	20
410		0.02	54	2
441		0.01	62	17
442		0.01	62	120
443		0.013	62	13
444		0.003	62	35
445		1	62	53
446		1	62	52
447		1	63	130
448		1	63	44
449		0.01	63	31
450		0.01	63	33
451		0.01	63	140
452		0.01	63	17
453		0.001	63	43
454		0.002	63	35
455		0.013	63	13
456		0.02	63	30
457		1	63	142
458		1	63	52
473		1	66	1
474		0.025	66	6
475		0.05	66	5
476		6	66	49
477		6	66	51
478		0.03	66	8
466		1	65	129
467		0.1	65	19
468		0.05	65	35
469		0.05	65	30
470		0.067	65	120
471		0.009	65	13
479		0.067	64	124
459	(chicken breast)	1	64	19
460		0.4	64	35
461		0.05	64	30
462		0.067	64	120
463		0.009	64	13
388		6	45	45
422		1	59	127
423		0.03	59	8
424		8	59	48
425		8	59	45
426		8	59	52
387		5	43	45
464		10	64	48
480		0.067	65	124
472		1	65	48
481		1	67	130
482		2	67	44
483		0.02	67	31
484		0.02	67	33
485		0.02	67	140
486		0.02	67	17
487		0.002	67	43
488		0.003	67	35
489		0.013	67	13
490		0.04	67	30
491		1	67	142
492		1	67	52
506		0.05	59	5
507		0.029	59	6
508		1	70	24
509		0.03	70	8
510		8	70	48
511		8	70	45
512		8	70	52
513		0.05	70	5
514		0.029	70	6
521		0.044	71	133
515		0.32	71	30
516		1	71	26
517		0.08	71	5
518		0.15	71	31
519		0.024	71	6
520		8	71	48
499		1	69	22
500		0.02	69	6
501		0.04	69	8
502		0.01	69	5
503		3	69	49
504		3	69	45
505		3	69	52
493		1	68	25
494		0.02	68	6
495		0.006	68	5
496		3	68	48
497		3	68	45
498		3	68	52
523		0.04	72	2
524		0.004	72	6
525		1	72	48
526		0.01	72	5
522		0.5	72	20
\.


--
-- Data for Name: inventory_logs; Type: TABLE DATA; Schema: public; Owner: postgres
--

COPY public.inventory_logs (id, action, quantity, total_quantity, "timestamp", description, product_id, purchase_order_id, user_id, sale_id) FROM stdin;
1	Stock update	0	0	2024-11-18 11:19:40.678872+00	\N	27	\N	1	\N
2	Stock update	0	0	2024-11-18 14:34:33.112645+00	\N	5	\N	1	\N
3	Stock update	0	0	2024-11-18 14:35:26.906097+00	\N	13	\N	1	\N
4	Stock update	0	0	2024-11-18 14:35:48.922497+00	\N	13	\N	1	\N
5	Stock update	2	2	2024-11-19 12:49:19.349283+00	\N	5	\N	1	\N
6	Stock update	0	0	2024-11-19 13:43:40.530171+00	\N	36	\N	1	\N
7	Stock update	0	0	2024-11-19 13:45:24.262304+00	\N	1	\N	1	\N
8	Stock update	0	0	2024-11-19 13:47:49.272193+00	\N	3	\N	1	\N
9	Stock update	0	0	2024-11-19 13:49:04.447054+00	\N	12	\N	1	\N
10	Stock update	0	0	2024-11-19 13:50:19.227617+00	\N	4	\N	1	\N
11	Stock update	0	0	2024-11-19 13:54:04.951628+00	\N	6	\N	1	\N
12	Stock update	0	0	2024-11-19 13:54:47.812723+00	\N	47	\N	1	\N
13	Stock update	0	0	2024-11-19 13:58:18.967042+00	\N	120	\N	1	\N
14	Stock update	0	0	2024-11-19 14:52:29.178983+00	\N	122	\N	1	\N
15	Stock update	0	0	2024-11-19 14:56:08.475363+00	\N	123	\N	1	\N
16	Stock update	0	0	2024-11-19 14:57:00.779205+00	\N	17	\N	1	\N
17	Stock update	0	0	2024-11-19 14:59:42.687341+00	\N	124	\N	1	\N
18	Stock update	0	0	2024-11-19 15:00:35.629495+00	\N	27	\N	1	\N
19	Stock update	0	0	2024-11-19 15:02:14.934071+00	\N	125	\N	1	\N
20	Stock update	0	0	2024-11-19 15:03:51.282558+00	\N	126	\N	1	\N
21	Stock update	0	0	2024-11-19 15:05:20.391178+00	\N	127	\N	1	\N
22	Stock update	0	0	2024-11-19 15:05:57.411578+00	\N	25	\N	1	\N
23	Stock update	0	0	2024-11-19 15:06:37.210291+00	\N	24	\N	1	\N
24	Stock update	0	0	2024-11-19 15:07:07.066033+00	\N	19	\N	1	\N
25	Stock update	0	0	2024-11-19 15:07:54.738298+00	\N	21	\N	1	\N
26	Stock update	0	0	2024-11-19 15:09:27.24131+00	\N	128	\N	1	\N
27	Stock update	0	0	2024-11-19 15:09:53.177316+00	\N	44	\N	1	\N
28	Stock update	0	0	2024-11-19 15:10:26.11334+00	\N	20	\N	1	\N
29	Stock update	0	0	2024-11-19 15:11:01.11923+00	\N	26	\N	1	\N
30	Stock update	0	0	2024-11-19 15:11:28.967414+00	\N	30	\N	1	\N
31	Stock update	0	0	2024-11-19 15:11:54.241259+00	\N	31	\N	1	\N
32	Stock update	0	0	2024-11-19 15:12:44.555124+00	\N	35	\N	1	\N
33	Stock update	0	0	2024-11-19 15:13:55.696655+00	\N	33	\N	1	\N
34	Stock update	0	0	2024-11-19 15:14:19.978481+00	\N	32	\N	1	\N
35	Stock update	0	0	2024-11-19 15:14:48.920249+00	\N	36	\N	1	\N
36	Stock update	0	0	2024-11-19 15:16:44.068839+00	\N	37	\N	1	\N
37	Stock update	0	0	2024-11-19 15:17:35.665928+00	\N	42	\N	1	\N
38	Stock update	0	0	2024-11-19 15:18:08.056353+00	\N	43	\N	1	\N
39	Stock update	0	0	2024-11-19 15:18:41.031343+00	\N	40	\N	1	\N
40	Stock update	0	0	2024-11-19 15:21:08.145286+00	\N	129	\N	1	\N
41	Stock update	0	0	2024-11-19 15:24:42.847971+00	\N	130	\N	1	\N
42	Stock update	0	0	2024-11-19 15:25:26.391919+00	\N	53	\N	1	\N
43	Stock update	0	0	2024-11-19 15:37:04.199299+00	\N	139	\N	1	\N
44	Stock update	0	0	2024-11-19 15:39:15.659134+00	\N	136	\N	1	\N
45	Stock update	0	0	2024-11-19 15:39:56.169202+00	\N	29	\N	1	\N
46	Stock update	2	2	2024-11-19 15:40:52.120085+00	\N	5	\N	1	\N
47	Stock update	0	0	2024-11-19 15:41:51.39462+00	\N	49	\N	1	\N
48	Stock update	0	0	2024-11-19 15:42:25.220116+00	\N	48	\N	1	\N
49	Stock update	0	0	2024-11-19 15:42:44.578888+00	\N	48	\N	1	\N
50	Stock update	0	0	2024-11-19 15:43:13.117343+00	\N	49	\N	1	\N
51	Stock update	0	0	2024-11-19 15:43:45.105027+00	\N	55	\N	1	\N
52	Stock update	0	0	2024-11-19 15:44:38.349508+00	\N	133	\N	1	\N
53	Stock update	0	0	2024-11-19 15:46:36.21257+00	\N	140	\N	1	\N
54	Stock update	0	0	2024-11-19 15:47:22.522173+00	\N	46	\N	1	\N
55	Stock update	0	0	2024-11-19 15:47:56.122228+00	\N	50	\N	1	\N
56	Stock update	0	0	2024-11-19 15:51:36.388968+00	\N	8	\N	1	\N
57	Stock update	0	0	2024-11-19 15:52:08.886978+00	\N	9	\N	1	\N
58	Stock update	0	0	2024-11-19 15:53:44.852338+00	\N	137	\N	1	\N
59	Stock update	0	0	2024-11-19 15:55:52.131849+00	\N	28	\N	1	\N
60	Stock update	0	0	2024-11-19 15:56:22.596011+00	\N	143	\N	1	\N
61	Stock update	0	0	2024-11-19 15:56:53.224028+00	\N	14	\N	1	\N
62	Stock update	0	0	2024-11-19 15:57:21.326217+00	\N	137	\N	1	\N
63	Stock update	0	0	2024-11-19 15:57:52.733307+00	\N	15	\N	1	\N
64	Stock update	0	0	2024-11-19 15:58:22.190359+00	\N	22	\N	1	\N
65	Stock update	0	0	2024-11-19 15:58:50.977608+00	\N	23	\N	1	\N
66	Stock update	0	0	2024-11-19 15:59:41.318585+00	\N	54	\N	1	\N
67	Stock update	0	0	2024-11-19 16:00:42.499736+00	\N	138	\N	1	\N
68	Stock update	0	0	2024-11-19 16:01:23.21091+00	\N	7	\N	1	\N
69	Stock update	0	0	2024-11-19 16:03:00.978737+00	\N	144	\N	1	\N
70	Stock update	0	0	2024-11-19 16:04:06.340657+00	\N	11	\N	1	\N
71	Stock update	0	0	2024-11-19 16:04:58.570219+00	\N	2	\N	1	\N
72	Stock update	0	0	2024-11-19 16:07:06.793378+00	\N	40	\N	1	\N
73	Stock update	0	0	2024-11-19 16:08:17.67934+00	\N	34	\N	1	\N
74	Stock update	0	0	2024-11-19 16:11:07.68147+00	\N	141	\N	1	\N
75	Stock update	0	0	2024-11-19 16:11:30.152326+00	\N	142	\N	1	\N
76	Stock update	0	0	2024-11-19 16:12:03.118431+00	\N	134	\N	1	\N
77	Stock update	0	0	2024-11-19 16:13:34.794197+00	\N	57	\N	1	\N
78	Stock update	0	0	2024-11-19 16:15:21.097468+00	\N	45	\N	1	\N
79	Stock update	0	0	2024-11-19 16:16:44.285981+00	\N	52	\N	1	\N
80	Stock update	0	0	2024-11-19 16:17:46.965639+00	\N	52	\N	1	\N
81	Stock update	0	0	2024-11-19 16:18:30.941161+00	\N	52	\N	1	\N
82	Stock update	0	0	2024-11-19 16:19:30.353364+00	\N	132	\N	1	\N
83	Stock update	0	0	2024-11-19 16:20:05.145905+00	\N	45	\N	1	\N
84	Stock update	0	0	2024-11-19 16:20:55.403551+00	\N	56	\N	1	\N
85	Stock update	0	0	2024-11-19 16:24:22.237211+00	\N	18	\N	1	\N
86	Stock update	0	0	2024-11-19 16:26:01.264719+00	\N	39	\N	1	\N
87	Stock update	0	0	2024-11-19 16:26:35.693118+00	\N	16	\N	1	\N
88	Stock update	0	0	2024-11-19 16:27:01.714867+00	\N	41	\N	1	\N
89	Stock update	0	0	2024-11-19 16:27:54.740636+00	\N	131	\N	1	\N
90	Stock update	0	0	2024-11-19 16:28:32.022194+00	\N	53	\N	1	\N
91	Stock update	0	0	2024-11-19 16:28:55.893151+00	\N	135	\N	1	\N
92	Stock update	0	0	2024-11-19 16:29:43.420801+00	\N	116	\N	1	\N
93	Stock update	0	0	2024-11-19 16:30:20.047909+00	\N	10	\N	1	\N
94	Stock update	0	0	2024-11-20 09:02:48.719304+00	\N	51	\N	1	\N
95	Stock update	0	0	2024-11-20 09:03:38.451462+00	\N	56	\N	1	\N
96	Stock update	0	0	2024-11-20 09:31:08.843098+00	\N	36	\N	1	\N
97	Stock update	0	0	2024-11-20 09:31:16.408138+00	\N	36	\N	1	\N
98	Stock update	0	0	2024-11-20 09:32:13.298497+00	\N	52	\N	1	\N
99	Stock update	0	0	2024-11-20 09:34:04.418594+00	\N	51	\N	1	\N
100	Stock update	0	0	2024-11-20 09:34:50.885757+00	\N	141	\N	1	\N
101	Stock update	0	0	2024-11-20 09:35:16.748596+00	\N	142	\N	1	\N
102	Stock update	0	0	2024-11-20 09:39:27.707554+00	\N	11	\N	1	\N
103	Stock update	0	0	2024-11-20 09:40:22.860063+00	\N	140	\N	1	\N
104	Stock update	0	0	2024-11-20 09:41:52.488181+00	\N	18	\N	1	\N
105	Stock update	0	0	2024-11-20 09:42:18.989357+00	\N	45	\N	1	\N
106	Stock update	0	0	2024-11-20 09:42:49.26102+00	\N	46	\N	1	\N
107	Stock update	0	0	2024-11-20 09:43:33.491952+00	\N	137	\N	1	\N
108	Stock update	0	0	2024-11-20 09:44:09.625407+00	\N	136	\N	1	\N
109	Stock update	0	0	2024-11-20 09:46:19.956496+00	\N	33	\N	1	\N
110	Stock update	0	0	2024-11-20 09:47:23.352727+00	\N	13	\N	1	\N
111	Stock update	0	0	2024-11-20 10:37:02.609036+00	\N	13	\N	1	\N
112	Stock update	0	0	2024-11-20 10:40:49.526885+00	\N	131	\N	1	\N
113	Stock update	0	0	2024-11-20 10:41:18.41293+00	\N	130	\N	1	\N
114	Stock update	0	0	2024-11-20 11:03:24.127452+00	\N	19	\N	1	\N
115	Stock update	0	0	2024-11-20 11:10:20.804418+00	\N	24	\N	1	\N
116	Stock update	0	0	2024-11-20 12:43:15.139279+00	\N	44	\N	1	\N
117	Stock update	0	0	2024-11-20 12:44:17.578963+00	\N	44	\N	1	\N
118	Stock update	0	0	2024-11-20 15:14:57.484724+00	\N	24	\N	1	\N
119	Stock update	1	1	2024-11-20 15:16:11.284651+00	\N	5	\N	1	\N
120	Stock update	0	0	2024-11-20 15:16:38.440667+00	\N	6	\N	1	\N
121	Stock update	0	0	2024-11-20 15:17:15.064441+00	\N	8	\N	1	\N
122	Stock update	0	0	2024-11-20 15:19:37.419765+00	\N	40	\N	1	\N
123	Stock update	0	0	2024-11-20 16:26:48.292594+00	\N	24	\N	1	\N
124	Stock update	0	0	2024-11-21 16:05:12.967275+00	\N	51	\N	1	\N
125	Stock update	0	0	2024-11-21 16:13:24.993217+00	\N	152	\N	1	\N
126	Stock update	0	0	2024-11-21 16:14:34.042634+00	\N	152	\N	1	\N
127	Stock update	0	0	2024-11-21 16:18:19.669074+00	\N	152	\N	1	\N
128	Stock update	0	0	2024-11-21 16:19:09.110302+00	\N	51	\N	1	\N
129	Stock update	0	0	2024-11-21 16:43:52.67205+00	\N	154	\N	1	\N
130	Stock update	0	0	2024-11-21 16:47:19.191407+00	\N	155	\N	1	\N
131	Transfer	1.67	-1.67	2024-12-05 17:35:35.663887+00	to production	57	\N	1	\N
132	Transfer	20	-20	2024-12-05 17:35:38.402687+00	to production	49	\N	1	\N
133	Stock update	20	20	2024-12-05 17:42:12.107197+00	\N	48	\N	1	\N
136	Stock update	1	1	2024-12-05 20:35:52.234554+00	\N	8	\N	1	\N
137	Stock update	21	21	2024-12-05 20:36:33.568768+00	\N	3	\N	1	\N
138	Stock update	29	29	2024-12-05 20:37:13.68236+00	\N	14	\N	1	\N
139	Stock update	192	192	2024-12-05 20:38:22.501926+00	\N	28	\N	1	\N
140	Stock update	5	5	2024-12-05 20:38:51.112715+00	\N	27	\N	1	\N
141	Stock update	16	16	2024-12-05 20:40:26.166135+00	\N	2	\N	1	\N
142	Stock update	24	24	2024-12-05 20:41:16.796559+00	\N	10	\N	1	\N
143	Stock update	270	270	2024-12-05 20:43:42.883468+00	\N	16	\N	1	\N
144	Stock update	1503	1503	2024-12-05 20:44:38.93249+00	\N	53	\N	1	\N
145	Stock update	700	700	2024-12-05 20:45:33.705229+00	\N	142	\N	1	\N
146	Stock update	18	18	2024-12-05 20:46:34.783007+00	\N	17	\N	1	\N
147	Stock update	2	2	2024-12-05 20:47:03.699391+00	\N	140	\N	1	\N
148	Stock update	1000	1000	2024-12-05 20:47:34.686968+00	\N	45	\N	1	\N
149	Stock update	2800	2800	2024-12-05 20:48:23.726514+00	\N	51	\N	1	\N
150	Stock update	1503	1503	2024-12-05 20:49:30.638459+00	\N	141	\N	1	\N
151	Stock update	0	0	2024-12-05 20:50:06.938509+00	\N	53	\N	1	\N
152	Stock update	426	426	2024-12-06 04:37:13.465228+00	\N	28	\N	1	\N
153	Stock update	5	5	2024-12-06 04:37:43.872684+00	\N	130	\N	1	\N
154	Stock update	31	31	2024-12-06 04:38:28.686285+00	\N	12	\N	1	\N
155	Stock update	28	28	2024-12-06 04:39:04.309804+00	\N	131	\N	1	\N
156	Stock update	4	4	2024-12-06 04:39:28.4262+00	\N	9	\N	1	\N
157	Stock update	2	2	2024-12-06 04:39:49.261699+00	\N	120	\N	1	\N
158	Stock update	1	1	2024-12-06 04:40:19.702785+00	\N	33	\N	1	\N
159	Stock update	1.09	1.09	2024-12-06 04:40:53.401554+00	\N	34	\N	1	\N
160	Stock update	7	7	2024-12-06 04:41:19.752226+00	\N	57	\N	1	\N
161	Stock update	99.5	99.5	2024-12-06 04:41:48.126938+00	\N	24	\N	1	\N
162	Stock update	24	24	2024-12-06 04:42:17.527811+00	\N	10	\N	1	\N
163	Stock update	40.2	40.2	2024-12-06 04:42:43.78167+00	\N	20	\N	1	\N
164	Stock update	122	122	2024-12-06 04:43:12.364723+00	\N	136	\N	1	\N
165	Stock update	9	9	2024-12-06 04:43:33.52733+00	\N	6	\N	1	\N
166	Stock update	105	105	2024-12-06 04:45:30.545314+00	\N	157	\N	1	\N
167	Stock update	19	19	2024-12-06 04:46:03.455439+00	\N	35	\N	1	\N
168	Stock update	2.1	2.1	2024-12-06 04:46:26.915078+00	\N	8	\N	1	\N
169	Stock update	0.4	0.4	2024-12-06 04:46:55.198046+00	\N	32	\N	1	\N
170	Stock update	18	18	2024-12-06 04:47:30.676811+00	\N	3	\N	1	\N
171	Stock update	13	13	2024-12-06 04:47:59.585455+00	\N	42	\N	1	\N
172	Stock update	1.15	1.15	2024-12-06 04:48:33.33448+00	\N	25	\N	1	\N
173	Stock update	61.05	61.05	2024-12-06 04:49:42.684652+00	\N	37	\N	1	\N
174	Stock update	16.15	16.15	2024-12-06 04:51:49.320808+00	\N	158	\N	1	\N
175	Stock update	6.2	6.2	2024-12-06 04:52:10.414411+00	\N	134	\N	1	\N
176	Stock update	54.75	54.75	2024-12-06 04:53:55.208907+00	\N	159	\N	1	\N
177	Stock update	1503	1503	2024-12-06 04:54:27.66592+00	\N	53	\N	1	\N
178	Stock update	151	151	2024-12-06 04:54:51.902237+00	\N	141	\N	1	\N
179	Stock update	54.75	54.75	2024-12-06 04:55:17.73087+00	\N	159	\N	1	\N
180	Stock update	100	100	2024-12-06 04:56:02.456123+00	\N	55	\N	1	\N
181	Stock update	5.35	5.35	2024-12-06 04:57:02.691226+00	\N	148	\N	1	\N
182	Stock update	0.1	0.1	2024-12-06 04:57:25.044495+00	\N	138	\N	1	\N
183	Stock update	28	28	2024-12-06 04:57:42.480015+00	\N	137	\N	1	\N
184	Stock update	85	85	2024-12-06 04:58:10.808701+00	\N	129	\N	1	\N
185	Stock update	63.65	63.65	2024-12-06 04:58:39.868289+00	\N	22	\N	1	\N
186	Stock update	5	5	2024-12-06 04:59:00.890337+00	\N	145	\N	1	\N
187	Stock update	16	16	2024-12-06 04:59:32.823881+00	\N	42	\N	1	\N
188	Stock update	17.75	17.75	2024-12-06 05:00:03.579899+00	\N	1	\N	1	\N
189	Stock update	7.95	7.95	2024-12-06 05:00:42.1972+00	\N	25	\N	1	\N
190	Stock update	2	2	2024-12-06 05:01:05.45506+00	\N	11	\N	1	\N
191	Stock update	21	21	2024-12-06 05:01:30.80303+00	\N	3	\N	1	\N
192	Stock update	800	800	2024-12-06 05:02:04.596618+00	\N	142	\N	1	\N
193	Stock update	110.05	110.05	2024-12-06 05:02:45.180042+00	\N	24	\N	1	\N
194	Stock update	80	80	2024-12-06 05:03:04.784816+00	\N	57	\N	1	\N
195	Stock update	1.85	1.85	2024-12-06 05:03:29.836081+00	\N	32	\N	1	\N
196	Stock update	18	18	2024-12-06 05:03:47.472696+00	\N	2	\N	1	\N
197	Stock update	39	39	2024-12-06 05:05:39.59475+00	\N	12	\N	1	\N
198	Stock update	167.45	167.45	2024-12-06 05:06:38.273344+00	\N	26	\N	1	\N
199	Stock update	9.6	9.6	2024-12-06 05:07:25.128126+00	\N	31	\N	1	\N
200	Stock update	716	716	2024-12-06 05:08:04.895089+00	\N	46	\N	1	\N
201	Stock update	3.05	3.05	2024-12-06 05:08:42.024387+00	\N	33	\N	1	\N
202	Stock update	800	800	2024-12-06 05:09:13.189294+00	\N	152	\N	1	\N
203	Stock update	22	22	2024-12-06 05:09:51.40593+00	\N	17	\N	1	\N
204	Stock update	6	6	2024-12-06 05:10:15.836821+00	\N	133	\N	1	\N
205	Stock update	3050	3050	2024-12-06 05:10:58.194538+00	\N	51	\N	1	\N
206	Stock update	511	511	2024-12-06 05:11:21.380488+00	\N	50	\N	1	\N
207	Stock update	200	200	2024-12-06 05:11:42.623487+00	\N	54	\N	1	\N
208	Stock update	3.4	3.4	2024-12-06 05:12:59.913209+00	\N	160	\N	1	\N
209	Stock update	8	8	2024-12-06 05:13:35.538445+00	\N	43	\N	1	\N
210	Stock update	0.85	0.85	2024-12-06 05:14:13.652308+00	\N	40	\N	1	\N
211	Stock update	67.05	67.05	2024-12-06 05:14:37.802621+00	\N	37	\N	1	\N
212	sale	1	121	2024-12-07 05:48:38.977654+00	\N	136	\N	1	\N
223	sale	1	-1	2024-12-07 06:06:04.364034+00	\N	29	\N	1	\N
225	Stock update	526	526	2024-12-06 08:16:58.887962+00	\N	50	\N	1	\N
226	Stock update	260	260	2024-12-06 08:17:48.802991+00	\N	21	\N	1	\N
227	Stock update	800	800	2024-12-06 08:19:56.457928+00	\N	49	\N	1	\N
228	Stock update	800	800	2024-12-06 08:20:23.880125+00	\N	49	\N	1	\N
229	Stock update	648	648	2024-12-06 08:22:00.07563+00	\N	48	\N	1	\N
230	Stock update	648	648	2024-12-06 08:22:33.228117+00	\N	48	\N	1	\N
231	Stock update	40	40	2024-12-06 08:23:23.050204+00	\N	5	\N	1	\N
232	Stock update	15	15	2024-12-06 08:24:17.432233+00	\N	13	\N	1	\N
233	Stock update	16	16	2024-12-06 08:26:16.125676+00	\N	4	\N	1	\N
234	Stock update	4.15	4.15	2024-12-06 08:27:04.427777+00	\N	30	\N	1	\N
235	Stock update	0	0	2024-12-06 08:27:57.637965+00	\N	29	\N	1	\N
236	Stock update	0	0	2024-12-06 08:29:37.316937+00	\N	150	\N	1	\N
237	Stock update	37.75	37.75	2024-12-06 08:30:02.803781+00	\N	1	\N	1	\N
238	Stock update	20.55	20.55	2024-12-06 08:30:52.935253+00	\N	19	\N	1	\N
239	Stock update	2	2	2024-12-06 08:31:45.279035+00	\N	23	\N	1	\N
240	Stock update	10.9	10.9	2024-12-06 08:33:51.857516+00	\N	23	\N	1	\N
241	Stock update	16	16	2024-12-06 08:46:06.743836+00	\N	4	\N	1	\N
242	Stock update	3.05	3.05	2024-12-06 08:48:58.035042+00	\N	33	\N	1	\N
243	Transfer	0.18	-0.18	2024-12-07 07:33:02.587242+00	to production	36	\N	3	\N
244	Transfer	4.5	105.55	2024-12-07 07:33:17.587284+00	to production	24	\N	3	\N
245	Transfer	2.67	64.38	2024-12-07 07:33:21.406768+00	to production	37	\N	3	\N
246	Transfer	0.18	1.6700000000000002	2024-12-07 07:33:24.357917+00	to production	32	\N	3	\N
247	Transfer	11.5	9.05	2024-12-07 07:33:27.230227+00	to production	19	\N	3	\N
248	Transfer	9	-5	2024-12-07 07:33:29.409517+00	to production	9	\N	3	\N
249	Transfer	6.74	33.26	2024-12-07 07:33:32.991415+00	to production	5	\N	3	\N
250	Transfer	4.83	265.17	2024-12-07 07:33:36.453882+00	to production	16	\N	3	\N
251	Transfer	6	34.2	2024-12-07 07:33:40.147167+00	to production	20	\N	3	\N
252	Transfer	0.1	17.9	2024-12-07 07:33:42.475206+00	to production	2	\N	3	\N
253	Stock update	97.05	97.05	2024-12-07 09:06:46.785764+00	\N	19	\N	1	\N
254	Transfer	0	-0.18	2024-12-07 09:47:12.519895+00	to production	36	\N	3	\N
255	Transfer	0	105.55	2024-12-07 09:47:15.01655+00	to production	24	\N	3	\N
256	Transfer	0	64.38	2024-12-07 09:47:15.892106+00	to production	37	\N	3	\N
257	Transfer	0	1.6700000000000002	2024-12-07 09:47:16.687863+00	to production	32	\N	3	\N
258	Transfer	0	97.05	2024-12-07 09:47:17.305972+00	to production	19	\N	3	\N
259	Transfer	0	-5	2024-12-07 09:47:17.822289+00	to production	9	\N	3	\N
260	Transfer	0	33.26	2024-12-07 09:47:18.386683+00	to production	5	\N	3	\N
261	Transfer	0	265.17	2024-12-07 09:47:18.895633+00	to production	16	\N	3	\N
262	Transfer	0	34.2	2024-12-07 09:47:19.404182+00	to production	20	\N	3	\N
263	Transfer	0	17.9	2024-12-07 09:47:19.933948+00	to production	2	\N	3	\N
264	Transfer	0	17.9	2024-12-07 09:50:28.604918+00	to production	2	\N	3	\N
265	Transfer	0	34.2	2024-12-07 09:55:06.616378+00	to production	20	\N	3	\N
266	Transfer	0	17.9	2024-12-07 09:55:09.069006+00	to production	2	\N	3	\N
267	Transfer	0	5	2024-12-07 09:55:11.145756+00	to production	27	\N	3	\N
268	Transfer	0	0.85	2024-12-07 09:55:13.238327+00	to production	40	\N	3	\N
269	Transfer	0	700	2024-12-07 09:55:15.180738+00	to production	49	\N	3	\N
270	Transfer	0.5	4.5	2024-12-07 09:56:11.470258+00	to production	27	\N	3	\N
271	Transfer	0.32	0.53	2024-12-07 09:56:14.47825+00	to production	40	\N	3	\N
272	Transfer	0	700	2024-12-07 09:56:19.033001+00	to production	49	\N	3	\N
273	Transfer	8	640	2024-12-07 09:56:23.161748+00	to production	48	\N	3	\N
274	Transfer	2	19	2024-12-07 09:56:25.571348+00	to production	3	\N	3	\N
275	Transfer	0.2	-0.2	2024-12-07 09:56:27.242538+00	to production	15	\N	3	\N
276	Transfer	5.71	74.29	2024-12-07 09:56:29.360435+00	to production	57	\N	3	\N
277	Transfer	1.83	7.77	2024-12-07 09:56:31.429447+00	to production	31	\N	3	\N
278	Transfer	0.35	1.75	2024-12-07 09:56:33.107169+00	to production	8	\N	3	\N
279	Transfer	0.4	0.6900000000000001	2024-12-07 09:56:34.995697+00	to production	34	\N	3	\N
280	Transfer	1.8	61.85	2024-12-07 09:56:40.1499+00	to production	22	\N	3	\N
281	Transfer	4.13	6.7700000000000005	2024-12-07 09:56:43.048297+00	to production	23	\N	3	\N
282	Transfer	92.64	-53.64	2024-12-07 09:56:48.098112+00	to production	12	\N	3	\N
283	Transfer	16	21.75	2024-12-07 09:56:50.577396+00	to production	1	\N	3	\N
284	Transfer	1	259	2024-12-07 09:56:52.566256+00	to production	21	\N	3	\N
285	Transfer	1.54	7.46	2024-12-07 09:56:54.588076+00	to production	6	\N	3	\N
286	Transfer	240	760	2024-12-07 09:56:56.52027+00	to production	45	\N	3	\N
287	Transfer	180	-180	2024-12-07 09:56:59.652037+00	to production	52	\N	3	\N
288	Transfer	1.2	14.8	2024-12-07 09:57:01.309556+00	to production	4	\N	3	\N
289	Transfer	304	2746	2024-12-07 09:57:03.809769+00	to production	51	\N	3	\N
290	Transfer	0.05	-0.05	2024-12-07 09:57:05.402074+00	to production	154	\N	3	\N
291	Transfer	2.5	5.45	2024-12-07 09:57:07.247444+00	to production	25	\N	3	\N
292	Transfer	0.58	5.42	2024-12-07 09:57:09.10483+00	to production	133	\N	3	\N
293	Transfer	180	620	2024-12-07 09:57:10.842041+00	to production	152	\N	3	\N
294	Transfer	5.04	-0.8899999999999997	2024-12-07 09:57:13.094095+00	to production	30	\N	3	\N
295	Transfer	180	536	2024-12-07 09:57:15.18854+00	to production	46	\N	3	\N
296	Transfer	0	-0.18	2024-12-07 09:57:25.300236+00	to production	36	\N	3	\N
297	Transfer	0	105.55	2024-12-07 09:57:26.539553+00	to production	24	\N	3	\N
298	Transfer	0	64.38	2024-12-07 09:57:27.351233+00	to production	37	\N	3	\N
299	Transfer	0	1.6700000000000002	2024-12-07 09:57:28.030663+00	to production	32	\N	3	\N
300	Transfer	0	97.05	2024-12-07 09:57:28.666073+00	to production	19	\N	3	\N
301	Transfer	0	-5	2024-12-07 09:57:29.353931+00	to production	9	\N	3	\N
302	Transfer	0	33.26	2024-12-07 09:57:32.036868+00	to production	5	\N	3	\N
303	Transfer	0	265.17	2024-12-07 09:57:32.882383+00	to production	16	\N	3	\N
304	Transfer	0	34.2	2024-12-07 09:57:34.139148+00	to production	20	\N	3	\N
305	Transfer	0	17.9	2024-12-07 09:57:34.759921+00	to production	2	\N	3	\N
306	Stock update	700	700	2024-12-08 07:59:13.461149+00	\N	49	\N	1	\N
307	Stock update	640	640	2024-12-08 07:59:33.814933+00	\N	48	\N	1	\N
310	Stock update	39	39	2024-12-08 09:41:58.822999+00	\N	12	\N	1	\N
311	Stock update	105	105	2024-12-08 10:01:39.922131+00	\N	157	\N	1	\N
312	Stock update	426	426	2024-12-08 10:02:07.622167+00	\N	28	\N	1	\N
313	Stock update	28	28	2024-12-08 10:02:34.90213+00	\N	137	\N	1	\N
314	Stock update	121	121	2024-12-08 10:02:55.427939+00	\N	136	\N	1	\N
315	sale	2	103	2024-12-08 10:03:40.575522+00	\N	157	\N	7	\N
317	sale	3	100	2024-12-08 10:17:14.757973+00	\N	157	\N	7	\N
325	sale	1	120	2024-12-09 12:23:57.370734+00	\N	136	\N	1	\N
327	sale	1	119	2024-12-09 12:26:21.362933+00	\N	136	\N	1	\N
329	sale	1	118	2024-12-09 12:29:01.151555+00	\N	136	\N	1	\N
331	sale	1	117	2024-12-09 12:30:02.870057+00	\N	136	\N	1	\N
333	sale	1	425	2024-12-09 12:32:50.492527+00	\N	28	\N	1	\N
334	sale	1	27	2024-12-09 12:32:50.67625+00	\N	137	\N	1	\N
335	sale	1	-1	2024-12-09 12:32:50.847326+00	\N	29	\N	1	\N
336	sale	1	116	2024-12-09 12:32:51.109664+00	\N	136	\N	1	\N
342	sale	5	111	2024-12-09 13:30:24.137246+00	\N	136	\N	1	\N
344	Stock update	259	259	2024-12-11 07:38:23.606375+00	\N	21	\N	1	\N
345	Stock update	0	0	2024-12-11 10:15:39.847129+00	\N	173	\N	1	\N
346	Stock update	0	0	2024-12-11 10:15:51.740087+00	\N	173	\N	1	\N
347	Stock update	0	0	2024-12-11 10:17:14.649136+00	\N	168	\N	1	\N
348	Stock update	0	0	2024-12-11 10:19:37.685747+00	\N	172	\N	1	\N
349	Stock update	0	0	2024-12-11 10:21:52.196505+00	\N	175	\N	1	\N
350	Stock update	0	0	2024-12-11 10:23:36.924493+00	\N	171	\N	1	\N
351	Stock update	0	0	2024-12-11 10:23:58.266695+00	\N	165	\N	1	\N
352	Stock update	0	0	2024-12-11 10:25:04.752163+00	\N	180	\N	1	\N
353	Stock update	0	0	2024-12-11 10:28:52.959257+00	\N	180	\N	1	\N
354	Stock update	100	100	2024-12-11 10:32:55.392194+00	\N	157	\N	1	\N
355	Stock update	0	0	2024-12-11 10:42:05.300238+00	\N	164	\N	1	\N
356	Stock update	0	0	2024-12-11 10:44:11.140498+00	\N	163	\N	1	\N
357	Stock update	0	0	2024-12-11 10:47:26.390858+00	\N	166	\N	1	\N
358	Stock update	0	0	2024-12-11 10:49:18.683087+00	\N	176	\N	1	\N
359	Stock update	0.8899	0.8899	2024-12-11 10:50:12.34991+00	\N	30	\N	1	\N
360	Stock update	0	0	2024-12-11 10:50:58.67547+00	\N	170	\N	1	\N
361	Stock update	0	0	2024-12-11 10:51:21.62333+00	\N	177	\N	1	\N
362	Stock update	0	0	2024-12-11 11:13:31.224489+00	\N	124	\N	1	\N
381	Stock update	0.18	0.18	2024-12-12 15:10:48.859366+00	\N	36	\N	1	\N
383	Stock update	0	0	2024-12-12 15:30:12.40663+00	\N	184	\N	1	\N
384	Stock update	0	0	2024-12-12 15:30:34.152092+00	\N	182	\N	1	\N
385	Stock update	0	0	2024-12-12 15:30:53.311118+00	\N	183	\N	1	\N
386	Stock update	0	0	2024-12-12 15:31:15.212028+00	\N	193	\N	1	\N
387	Stock update	0	0	2024-12-12 15:31:38.108233+00	\N	188	\N	1	\N
388	Stock update	0	0	2024-12-12 15:32:03.777294+00	\N	189	\N	1	\N
389	Stock update	0	0	2024-12-12 15:32:26.647007+00	\N	191	\N	1	\N
390	Stock update	0	0	2024-12-12 15:32:49.06575+00	\N	184	\N	1	\N
391	Stock update	0	0	2024-12-12 15:33:04.687531+00	\N	182	\N	1	\N
392	Stock update	111	111	2024-12-12 15:33:18.942031+00	\N	136	\N	1	\N
393	Stock update	0	0	2024-12-12 15:33:51.114171+00	\N	183	\N	1	\N
394	Stock update	0	0	2024-12-12 15:34:07.879319+00	\N	193	\N	1	\N
395	Stock update	0	0	2024-12-12 15:34:27.719219+00	\N	188	\N	1	\N
396	Stock update	0	0	2024-12-12 15:35:23.615127+00	\N	190	\N	1	\N
397	Stock update	0	0	2024-12-12 15:36:40.567405+00	\N	192	\N	1	\N
398	Stock update	0	0	2024-12-12 15:38:10.380303+00	\N	186	\N	1	\N
399	Stock update	0	0	2024-12-12 15:38:39.948386+00	\N	187	\N	1	\N
400	Stock update	0	0	2024-12-12 15:38:58.741475+00	\N	187	\N	1	\N
401	sale	1	-1	2024-12-12 15:40:08.762609+00	\N	187	\N	1	\N
408	Stock update	0	0	2024-12-12 15:56:16.740014+00	\N	123	\N	1	\N
415	Stock update	0	0	2024-12-18 10:38:33.501999+00	\N	194	\N	1	\N
422	sale	1	110	2024-12-20 08:04:31.138378+00	\N	136	\N	3	\N
424	sale	1	109	2024-12-20 08:06:25.252731+00	\N	136	\N	3	\N
466	Stock update	92	92	2024-12-21 08:21:08.484514+00	\N	137	\N	3	\N
467	Stock update	82	82	2024-12-21 08:23:41.587349+00	\N	136	\N	3	\N
468	Stock update	26	26	2024-12-21 08:24:19.32204+00	\N	194	\N	3	\N
469	Stock update	240	240	2024-12-21 08:24:51.516061+00	\N	157	\N	3	\N
471	sale	1	81	2024-12-21 08:47:44.409505+00	\N	136	\N	9	\N
472	sale	1	1	2024-12-21 08:47:44.414697+00	\N	\N	\N	9	176
473	sale	1	1	2024-12-21 08:49:21.298776+00	\N	\N	\N	9	177
474	sale	1	1	2024-12-21 08:51:59.952776+00	\N	\N	\N	9	178
476	sale	1	1	2024-12-21 08:58:02.546792+00	\N	\N	\N	9	180
477	sale	1	1	2024-12-21 08:59:04.610175+00	\N	\N	\N	9	181
478	sale	1	80	2024-12-21 09:01:28.30721+00	\N	136	\N	9	\N
479	sale	1	1	2024-12-21 09:01:28.313639+00	\N	\N	\N	9	182
481	sale	1	1	2024-12-21 09:03:23.348121+00	\N	\N	\N	9	184
483	sale	1	1	2024-12-21 09:06:46.510524+00	\N	\N	\N	9	186
484	sale	1	1	2024-12-21 09:08:04.25906+00	\N	\N	\N	9	187
485	sale	1	1	2024-12-21 09:08:54.857033+00	\N	\N	\N	9	188
486	sale	2	2	2024-12-21 09:10:09.235014+00	\N	\N	\N	9	189
488	sale	1	1	2024-12-21 09:12:41.925456+00	\N	\N	\N	9	191
489	sale	1	239	2024-12-21 09:13:12.596024+00	\N	157	\N	9	\N
490	sale	1	1	2024-12-21 09:13:12.601039+00	\N	\N	\N	9	192
492	sale	1	1	2024-12-21 09:16:52.564434+00	\N	\N	\N	9	194
493	sale	1	79	2024-12-21 09:18:39.662659+00	\N	136	\N	9	\N
494	sale	1	1	2024-12-21 09:18:39.668432+00	\N	\N	\N	9	195
495	sale	1	1	2024-12-21 09:20:22.374702+00	\N	\N	\N	9	196
496	sale	2	2	2024-12-21 09:22:59.142959+00	\N	\N	\N	9	197
497	sale	1	1	2024-12-21 09:23:53.700258+00	\N	\N	\N	9	198
498	sale	1	1	2024-12-21 09:32:18.71147+00	\N	\N	\N	9	199
499	sale	2	2	2024-12-21 09:32:42.719967+00	\N	\N	\N	9	200
500	sale	1	1	2024-12-21 09:40:05.656498+00	\N	\N	\N	9	201
501	sale	1	1	2024-12-21 09:40:52.926446+00	\N	\N	\N	9	202
502	sale	1	1	2024-12-21 09:45:06.944534+00	\N	\N	\N	9	203
503	sale	1	1	2024-12-21 09:47:16.005478+00	\N	\N	\N	9	204
504	sale	1	1	2024-12-21 09:47:48.457377+00	\N	\N	\N	9	205
508	sale	5	5	2024-12-21 10:23:29.226873+00	\N	\N	\N	9	214
509	sale	1	1	2024-12-21 10:26:10.32552+00	\N	\N	\N	9	215
510	sale	3	3	2024-12-21 10:27:41.166629+00	\N	\N	\N	9	216
511	sale	2	2	2024-12-21 10:28:20.528526+00	\N	\N	\N	9	217
512	sale	1	1	2024-12-21 10:28:53.734522+00	\N	\N	\N	9	218
513	sale	2	2	2024-12-21 10:30:28.859269+00	\N	\N	\N	9	219
515	sale	2	2	2024-12-21 10:32:31.490217+00	\N	\N	\N	9	221
516	sale	2	2	2024-12-21 10:33:20.637413+00	\N	\N	\N	9	222
518	sale	4	4	2024-12-21 10:39:46.847882+00	\N	\N	\N	9	224
519	sale	1	78	2024-12-21 10:41:39.792834+00	\N	136	\N	9	\N
520	sale	1	1	2024-12-21 10:41:39.799041+00	\N	\N	\N	9	225
521	sale	1	238	2024-12-21 10:42:23.627334+00	\N	157	\N	9	\N
522	sale	1	1	2024-12-21 10:42:23.632675+00	\N	\N	\N	9	226
523	sale	1	1	2024-12-21 10:43:33.405365+00	\N	\N	\N	9	227
524	sale	1	1	2024-12-21 10:44:56.726496+00	\N	\N	\N	9	228
525	sale	1	77	2024-12-21 10:50:48.010553+00	\N	136	\N	9	\N
526	sale	2	236	2024-12-21 10:50:48.031468+00	\N	157	\N	9	\N
527	sale	2	2	2024-12-21 10:50:48.040138+00	\N	\N	\N	9	229
528	sale	5	5	2024-12-21 10:53:41.365352+00	\N	\N	\N	9	230
529	sale	1	235	2024-12-21 10:58:44.888446+00	\N	157	\N	9	\N
530	sale	1	1	2024-12-21 10:58:44.903077+00	\N	\N	\N	9	231
531	sale	2	2	2024-12-21 11:00:48.748629+00	\N	\N	\N	9	232
532	sale	1	1	2024-12-21 11:01:47.118553+00	\N	\N	\N	9	233
533	sale	1	1	2024-12-21 11:02:24.793897+00	\N	\N	\N	9	234
534	sale	1	1	2024-12-21 11:03:19.300688+00	\N	\N	\N	9	235
535	sale	1	1	2024-12-21 11:04:36.144894+00	\N	\N	\N	9	236
536	sale	1	1	2024-12-21 11:06:15.262436+00	\N	\N	\N	9	237
537	sale	1	234	2024-12-21 11:09:19.054595+00	\N	157	\N	9	\N
538	sale	1	1	2024-12-21 11:09:19.060426+00	\N	\N	\N	9	238
539	sale	1	1	2024-12-21 11:11:06.77925+00	\N	\N	\N	9	239
540	sale	1	1	2024-12-21 11:12:55.741299+00	\N	\N	\N	9	240
541	sale	1	1	2024-12-21 11:15:07.772+00	\N	\N	\N	9	241
542	sale	1	1	2024-12-21 11:16:32.21277+00	\N	\N	\N	9	242
543	sale	3	231	2024-12-21 11:19:44.023121+00	\N	157	\N	9	\N
544	sale	1	91	2024-12-21 11:19:44.03078+00	\N	137	\N	9	\N
545	sale	1	1	2024-12-21 11:19:44.03584+00	\N	\N	\N	9	243
546	sale	1	1	2024-12-21 11:21:00.310408+00	\N	\N	\N	9	244
547	sale	1	1	2024-12-21 11:29:57.225835+00	\N	\N	\N	9	245
548	sale	1	1	2024-12-21 11:31:50.784672+00	\N	\N	\N	9	246
549	sale	2	75	2024-12-21 11:33:32.948877+00	\N	136	\N	9	\N
550	sale	2	2	2024-12-21 11:33:32.955142+00	\N	\N	\N	9	247
551	sale	2	2	2024-12-21 11:35:30.252374+00	\N	\N	\N	9	248
552	sale	1	1	2024-12-21 11:36:50.022411+00	\N	\N	\N	9	249
553	sale	1	1	2024-12-21 11:37:41.025742+00	\N	\N	\N	9	250
554	sale	1	1	2024-12-21 11:38:01.431318+00	\N	\N	\N	9	251
555	sale	2	2	2024-12-21 11:43:37.694998+00	\N	\N	\N	9	252
556	sale	1	230	2024-12-21 11:55:34.658461+00	\N	157	\N	9	\N
557	sale	1	1	2024-12-21 11:55:34.667996+00	\N	\N	\N	9	253
558	sale	2	228	2024-12-21 12:02:56.851488+00	\N	157	\N	9	\N
559	sale	1	90	2024-12-21 12:02:56.87418+00	\N	137	\N	9	\N
560	sale	1	1	2024-12-21 12:02:56.879499+00	\N	\N	\N	9	254
561	sale	1	1	2024-12-21 12:04:04.20982+00	\N	\N	\N	9	255
562	sale	1	1	2024-12-21 12:07:28.742815+00	\N	\N	\N	9	256
563	sale	1	1	2024-12-21 12:14:22.077083+00	\N	\N	\N	9	257
564	sale	2	2	2024-12-21 12:15:56.590616+00	\N	\N	\N	9	258
565	sale	2	226	2024-12-21 12:19:30.522302+00	\N	157	\N	9	\N
566	sale	2	2	2024-12-21 12:19:30.528579+00	\N	\N	\N	9	259
567	sale	2	224	2024-12-21 12:22:43.550817+00	\N	157	\N	9	\N
568	sale	2	2	2024-12-21 12:22:43.558071+00	\N	\N	\N	9	260
569	sale	3	3	2024-12-21 12:23:33.071834+00	\N	\N	\N	9	261
570	sale	1	424	2024-12-21 12:25:12.487975+00	\N	28	\N	9	\N
571	sale	1	1	2024-12-21 12:25:12.49394+00	\N	\N	\N	9	262
572	sale	3	3	2024-12-21 12:26:18.251311+00	\N	\N	\N	9	263
573	sale	1	1	2024-12-21 12:30:33.485878+00	\N	\N	\N	9	264
574	sale	1	1	2024-12-21 12:31:11.418226+00	\N	\N	\N	9	265
575	sale	2	222	2024-12-21 12:32:11.649618+00	\N	157	\N	9	\N
576	sale	2	2	2024-12-21 12:32:11.656898+00	\N	\N	\N	9	266
577	sale	2	2	2024-12-21 12:32:43.488323+00	\N	\N	\N	9	267
578	sale	1	221	2024-12-21 12:48:51.439094+00	\N	157	\N	9	\N
579	sale	2	2	2024-12-21 12:48:51.456834+00	\N	\N	\N	9	268
580	sale	1	1	2024-12-21 12:49:39.65519+00	\N	\N	\N	9	269
581	sale	1	1	2024-12-21 12:50:07.923741+00	\N	\N	\N	9	270
582	sale	1	74	2024-12-21 12:51:23.304088+00	\N	136	\N	9	\N
583	sale	1	1	2024-12-21 12:51:23.31016+00	\N	\N	\N	9	271
584	sale	1	1	2024-12-21 12:53:32.367564+00	\N	\N	\N	9	272
585	sale	1	423	2024-12-21 12:55:37.426189+00	\N	28	\N	9	\N
586	sale	1	1	2024-12-21 12:55:37.434729+00	\N	\N	\N	9	273
587	sale	1	1	2024-12-21 12:56:00.057639+00	\N	\N	\N	9	274
588	sale	2	72	2024-12-21 12:57:21.52241+00	\N	136	\N	9	\N
589	sale	2	2	2024-12-21 12:57:21.534626+00	\N	\N	\N	9	275
590	sale	1	1	2024-12-21 12:58:57.442215+00	\N	\N	\N	9	276
591	sale	1	1	2024-12-21 13:00:44.596449+00	\N	\N	\N	9	277
592	sale	1	1	2024-12-21 13:01:17.867365+00	\N	\N	\N	9	278
593	sale	1	71	2024-12-21 13:04:21.262724+00	\N	136	\N	9	\N
594	sale	1	1	2024-12-21 13:04:21.269159+00	\N	\N	\N	9	279
595	sale	1	70	2024-12-21 13:05:13.679899+00	\N	136	\N	9	\N
596	sale	1	1	2024-12-21 13:05:13.685739+00	\N	\N	\N	9	280
597	sale	1	69	2024-12-21 13:06:08.966476+00	\N	136	\N	9	\N
598	sale	1	1	2024-12-21 13:06:08.971753+00	\N	\N	\N	9	281
599	sale	2	2	2024-12-21 13:06:48.075824+00	\N	\N	\N	9	282
600	sale	1	1	2024-12-21 13:07:51.612333+00	\N	\N	\N	9	283
601	sale	3	218	2024-12-21 13:09:12.793838+00	\N	157	\N	9	\N
602	sale	1	422	2024-12-21 13:09:12.800428+00	\N	28	\N	9	\N
603	sale	1	1	2024-12-21 13:09:12.805143+00	\N	\N	\N	9	284
604	sale	4	4	2024-12-21 13:09:49.857055+00	\N	\N	\N	9	285
605	sale	2	2	2024-12-21 13:11:13.626663+00	\N	\N	\N	9	286
606	sale	2	420	2024-12-21 13:13:54.903714+00	\N	28	\N	9	\N
607	sale	2	2	2024-12-21 13:13:54.909961+00	\N	\N	\N	9	287
608	sale	3	3	2024-12-21 13:14:53.051409+00	\N	\N	\N	9	288
609	sale	1	1	2024-12-21 13:16:26.263229+00	\N	\N	\N	9	289
610	sale	2	418	2024-12-21 13:23:08.282439+00	\N	28	\N	9	\N
611	sale	2	2	2024-12-21 13:23:08.289226+00	\N	\N	\N	9	290
612	sale	2	216	2024-12-21 13:24:26.603952+00	\N	157	\N	9	\N
613	sale	2	2	2024-12-21 13:24:26.610416+00	\N	\N	\N	9	291
614	sale	1	417	2024-12-21 13:26:29.047369+00	\N	28	\N	9	\N
616	sale	1	68	2024-12-21 13:31:40.020447+00	\N	136	\N	9	\N
617	sale	1	1	2024-12-21 13:31:40.026888+00	\N	\N	\N	9	293
618	sale	1	1	2024-12-21 13:35:47.604384+00	\N	\N	\N	9	294
619	sale	1	215	2024-12-21 13:36:23.689159+00	\N	157	\N	9	\N
620	sale	1	1	2024-12-21 13:36:23.695046+00	\N	\N	\N	9	295
621	sale	1	1	2024-12-21 13:38:38.664539+00	\N	\N	\N	9	296
622	sale	1	89	2024-12-21 13:40:42.495954+00	\N	137	\N	9	\N
623	sale	1	416	2024-12-21 13:40:42.502755+00	\N	28	\N	9	\N
624	sale	1	1	2024-12-21 13:40:42.507631+00	\N	\N	\N	9	297
625	sale	3	212	2024-12-21 13:43:46.17941+00	\N	157	\N	9	\N
626	sale	3	3	2024-12-21 13:43:46.185376+00	\N	\N	\N	9	298
627	sale	1	1	2024-12-21 13:44:29.506605+00	\N	\N	\N	9	299
628	sale	2	414	2024-12-21 13:44:49.290018+00	\N	28	\N	9	\N
629	sale	2	2	2024-12-21 13:44:49.295311+00	\N	\N	\N	9	300
630	sale	1	1	2024-12-21 13:45:17.859924+00	\N	\N	\N	9	301
632	sale	1	1	2024-12-21 13:47:32.477327+00	\N	\N	\N	9	303
633	sale	2	2	2024-12-21 13:49:37.000278+00	\N	\N	\N	9	304
634	sale	1	1	2024-12-21 13:51:48.209738+00	\N	\N	\N	9	305
635	sale	1	1	2024-12-21 13:53:41.363753+00	\N	\N	\N	9	306
636	sale	1	1	2024-12-21 13:54:15.858685+00	\N	\N	\N	9	307
637	sale	1	88	2024-12-21 13:59:47.128467+00	\N	137	\N	9	\N
638	sale	1	67	2024-12-21 13:59:47.135839+00	\N	136	\N	9	\N
639	sale	1	1	2024-12-21 13:59:47.143248+00	\N	\N	\N	9	308
640	sale	1	211	2024-12-21 14:03:09.237415+00	\N	157	\N	9	\N
641	sale	1	1	2024-12-21 14:03:09.244623+00	\N	\N	\N	9	309
642	sale	1	1	2024-12-21 14:04:02.045786+00	\N	\N	\N	9	310
643	sale	1	66	2024-12-21 14:06:25.231645+00	\N	136	\N	9	\N
644	sale	1	1	2024-12-21 14:06:25.24668+00	\N	\N	\N	9	311
645	sale	2	412	2024-12-21 14:07:51.475107+00	\N	28	\N	9	\N
646	sale	2	2	2024-12-21 14:07:51.483675+00	\N	\N	\N	9	312
647	sale	1	65	2024-12-21 14:10:37.71367+00	\N	136	\N	9	\N
648	sale	1	1	2024-12-21 14:10:37.722153+00	\N	\N	\N	9	313
649	sale	3	3	2024-12-21 14:11:44.718775+00	\N	\N	\N	9	314
650	sale	1	1	2024-12-21 14:12:59.296065+00	\N	\N	\N	9	315
651	sale	1	1	2024-12-21 14:13:47.173967+00	\N	\N	\N	9	316
652	sale	2	2	2024-12-21 14:14:04.222069+00	\N	\N	\N	9	317
653	sale	2	63	2024-12-21 14:17:00.978704+00	\N	136	\N	9	\N
654	sale	2	2	2024-12-21 14:17:00.987525+00	\N	\N	\N	9	318
655	sale	2	86	2024-12-21 14:20:30.516699+00	\N	137	\N	9	\N
656	sale	2	2	2024-12-21 14:20:30.528792+00	\N	\N	\N	9	319
657	sale	1	1	2024-12-21 14:20:59.714154+00	\N	\N	\N	9	320
658	sale	2	2	2024-12-21 14:23:10.353537+00	\N	\N	\N	9	321
659	sale	1	1	2024-12-21 14:23:51.870403+00	\N	\N	\N	9	322
660	sale	1	1	2024-12-21 14:25:06.164293+00	\N	\N	\N	9	323
661	sale	2	410	2024-12-21 14:29:19.145446+00	\N	28	\N	9	\N
662	sale	2	2	2024-12-21 14:29:19.154788+00	\N	\N	\N	9	324
663	sale	1	1	2024-12-21 14:31:04.681672+00	\N	\N	\N	9	325
664	sale	1	1	2024-12-21 14:31:33.131803+00	\N	\N	\N	9	326
665	sale	2	2	2024-12-21 14:33:40.9558+00	\N	\N	\N	9	327
666	sale	1	1	2024-12-21 14:34:27.910902+00	\N	\N	\N	9	328
667	sale	4	207	2024-12-21 14:37:35.487369+00	\N	157	\N	9	\N
668	sale	4	4	2024-12-21 14:37:35.497955+00	\N	\N	\N	9	329
669	sale	1	1	2024-12-21 14:44:01.256625+00	\N	\N	\N	9	330
670	sale	1	1	2024-12-21 14:44:22.950333+00	\N	\N	\N	9	331
671	sale	2	205	2024-12-21 14:47:08.182815+00	\N	157	\N	9	\N
672	sale	2	2	2024-12-21 14:47:08.190457+00	\N	\N	\N	9	332
673	sale	1	1	2024-12-21 14:48:49.901482+00	\N	\N	\N	9	333
674	sale	1	409	2024-12-21 14:50:20.296011+00	\N	28	\N	9	\N
675	sale	1	204	2024-12-21 14:50:20.304578+00	\N	157	\N	9	\N
676	sale	1	1	2024-12-21 14:50:20.313098+00	\N	\N	\N	9	334
677	sale	1	62	2024-12-21 14:51:55.712055+00	\N	136	\N	9	\N
678	sale	1	1	2024-12-21 14:51:55.720416+00	\N	\N	\N	9	335
679	sale	3	3	2024-12-21 14:53:22.808438+00	\N	\N	\N	9	336
680	sale	1	1	2024-12-21 14:54:20.308186+00	\N	\N	\N	9	337
681	sale	1	1	2024-12-21 14:56:56.14329+00	\N	\N	\N	9	338
682	sale	1	1	2024-12-21 15:00:42.013405+00	\N	\N	\N	9	339
683	sale	1	203	2024-12-21 15:02:51.711797+00	\N	157	\N	9	\N
684	sale	1	1	2024-12-21 15:02:51.718605+00	\N	\N	\N	9	340
685	sale	1	1	2024-12-21 15:06:02.057985+00	\N	\N	\N	9	341
686	sale	1	1	2024-12-21 15:12:14.826573+00	\N	\N	\N	9	342
687	sale	1	1	2024-12-21 15:17:32.921887+00	\N	\N	\N	9	343
688	sale	1	61	2024-12-21 15:18:19.386503+00	\N	136	\N	9	\N
689	sale	1	1	2024-12-21 15:18:19.393602+00	\N	\N	\N	9	344
690	sale	1	85	2024-12-21 15:20:50.898694+00	\N	137	\N	9	\N
691	sale	1	1	2024-12-21 15:20:50.964461+00	\N	\N	\N	9	345
692	sale	2	2	2024-12-21 15:25:30.196955+00	\N	\N	\N	9	346
693	sale	1	1	2024-12-21 15:28:14.675742+00	\N	\N	\N	9	347
694	sale	1	1	2024-12-21 15:29:09.466555+00	\N	\N	\N	9	348
695	sale	1	60	2024-12-21 15:29:45.662194+00	\N	136	\N	9	\N
696	sale	1	1	2024-12-21 15:29:45.67133+00	\N	\N	\N	9	349
697	sale	1	1	2024-12-21 15:30:32.783347+00	\N	\N	\N	9	350
698	sale	2	407	2024-12-21 15:31:10.609922+00	\N	28	\N	9	\N
699	sale	2	2	2024-12-21 15:31:10.618498+00	\N	\N	\N	9	351
700	sale	1	1	2024-12-21 15:32:25.118167+00	\N	\N	\N	9	352
701	sale	1	1	2024-12-21 15:41:18.350627+00	\N	\N	\N	9	353
702	sale	1	1	2024-12-21 15:43:46.203523+00	\N	\N	\N	9	354
703	sale	1	1	2024-12-21 15:45:24.511824+00	\N	\N	\N	9	355
704	sale	3	57	2024-12-21 16:02:57.532244+00	\N	136	\N	9	\N
705	sale	2	405	2024-12-21 16:02:57.557845+00	\N	28	\N	9	\N
706	sale	2	2	2024-12-21 16:02:57.568717+00	\N	\N	\N	9	356
707	sale	1	1	2024-12-21 16:03:36.594028+00	\N	\N	\N	9	357
708	sale	1	1	2024-12-21 16:06:31.295241+00	\N	\N	\N	9	358
709	sale	1	1	2024-12-21 16:06:49.796216+00	\N	\N	\N	9	359
710	sale	1	1	2024-12-21 16:13:06.593334+00	\N	\N	\N	9	360
711	sale	1	1	2024-12-21 16:13:46.26051+00	\N	\N	\N	9	361
712	sale	1	404	2024-12-21 16:14:56.395248+00	\N	28	\N	9	\N
713	sale	1	1	2024-12-21 16:14:56.402578+00	\N	\N	\N	9	362
714	sale	1	56	2024-12-21 16:17:48.980467+00	\N	136	\N	9	\N
715	sale	1	1	2024-12-21 16:17:48.986456+00	\N	\N	\N	9	363
716	sale	3	3	2024-12-21 16:18:11.838813+00	\N	\N	\N	9	364
717	sale	1	1	2024-12-21 16:19:09.535014+00	\N	\N	\N	9	365
718	sale	1	1	2024-12-21 16:19:39.676075+00	\N	\N	\N	9	366
719	sale	1	1	2024-12-21 16:20:38.073008+00	\N	\N	\N	9	367
723	sale	2	2	2024-12-21 16:23:06.493548+00	\N	\N	\N	9	371
724	sale	2	2	2024-12-21 16:24:05.652908+00	\N	\N	\N	9	372
726	sale	2	2	2024-12-21 16:26:39.504897+00	\N	\N	\N	9	374
729	sale	1	403	2024-12-21 16:31:00.206612+00	\N	28	\N	9	\N
730	sale	2	201	2024-12-21 16:31:00.215224+00	\N	157	\N	9	\N
731	sale	1	1	2024-12-21 16:31:00.230435+00	\N	\N	\N	9	377
733	sale	1	84	2024-12-21 16:36:26.635801+00	\N	137	\N	9	\N
734	sale	1	55	2024-12-21 16:36:26.65175+00	\N	136	\N	9	\N
735	sale	6	195	2024-12-21 16:36:26.661609+00	\N	157	\N	9	\N
736	sale	1	402	2024-12-21 16:36:26.671484+00	\N	28	\N	9	\N
737	sale	1	1	2024-12-21 16:36:26.680413+00	\N	\N	\N	9	379
738	sale	1	401	2024-12-21 16:37:17.009556+00	\N	28	\N	9	\N
739	sale	1	194	2024-12-21 16:37:17.022298+00	\N	157	\N	9	\N
741	sale	1	1	2024-12-21 16:43:03.636195+00	\N	\N	\N	9	381
742	sale	3	398	2024-12-21 16:46:31.107443+00	\N	28	\N	9	\N
743	sale	3	191	2024-12-21 16:46:31.125452+00	\N	157	\N	9	\N
744	sale	1	1	2024-12-21 16:46:31.149363+00	\N	\N	\N	9	382
745	sale	2	53	2024-12-21 16:49:22.266295+00	\N	136	\N	9	\N
746	sale	1	1	2024-12-21 16:49:22.287456+00	\N	\N	\N	9	383
749	sale	1	1	2024-12-21 16:53:43.460003+00	\N	\N	\N	9	386
750	sale	2	189	2024-12-21 16:57:13.434591+00	\N	157	\N	9	\N
751	sale	2	2	2024-12-21 16:57:13.444342+00	\N	\N	\N	9	387
752	sale	1	1	2024-12-21 17:14:31.289419+00	\N	\N	\N	9	388
753	sale	1	188	2024-12-21 17:19:06.561009+00	\N	157	\N	9	\N
754	sale	1	1	2024-12-21 17:19:06.567091+00	\N	\N	\N	9	389
755	sale	2	2	2024-12-21 17:25:58.473917+00	\N	\N	\N	9	390
756	sale	1	397	2024-12-21 17:29:15.06102+00	\N	28	\N	9	\N
757	sale	2	51	2024-12-21 17:29:15.068388+00	\N	136	\N	9	\N
758	sale	2	186	2024-12-21 17:29:15.080413+00	\N	157	\N	9	\N
759	sale	1	1	2024-12-21 17:29:15.099757+00	\N	\N	\N	9	391
760	sale	8	43	2024-12-21 17:35:04.277564+00	\N	136	\N	9	\N
761	sale	4	393	2024-12-21 17:35:04.3003+00	\N	28	\N	9	\N
762	sale	1	185	2024-12-21 17:35:04.337656+00	\N	157	\N	9	\N
763	sale	1	1	2024-12-21 17:35:04.342574+00	\N	\N	\N	9	392
764	sale	4	39	2024-12-21 17:39:12.812392+00	\N	136	\N	9	\N
765	sale	2	2	2024-12-21 17:39:12.851919+00	\N	\N	\N	9	393
766	sale	2	2	2024-12-21 17:42:26.035504+00	\N	\N	\N	9	394
767	sale	1	184	2024-12-21 17:45:39.029245+00	\N	157	\N	9	\N
768	sale	1	392	2024-12-21 17:45:39.042842+00	\N	28	\N	9	\N
769	sale	3	3	2024-12-21 17:45:39.078149+00	\N	\N	\N	9	395
770	sale	1	183	2024-12-21 17:47:55.620826+00	\N	157	\N	9	\N
771	sale	1	1	2024-12-21 17:47:55.629948+00	\N	\N	\N	9	396
772	sale	2	181	2024-12-21 17:51:19.396903+00	\N	157	\N	9	\N
773	sale	2	37	2024-12-21 17:51:19.447311+00	\N	136	\N	9	\N
774	sale	2	2	2024-12-21 17:51:19.455169+00	\N	\N	\N	9	397
775	sale	3	34	2024-12-21 17:54:10.586405+00	\N	136	\N	9	\N
776	sale	3	389	2024-12-21 17:54:10.610443+00	\N	28	\N	9	\N
777	sale	2	179	2024-12-21 17:54:10.640534+00	\N	157	\N	9	\N
778	sale	1	1	2024-12-21 17:54:10.655436+00	\N	\N	\N	9	398
779	sale	1	1	2024-12-21 17:55:42.390522+00	\N	\N	\N	9	399
780	sale	2	32	2024-12-21 17:58:12.217343+00	\N	136	\N	9	\N
781	sale	2	2	2024-12-21 17:58:12.226433+00	\N	\N	\N	9	400
782	sale	3	176	2024-12-21 18:00:29.537244+00	\N	157	\N	9	\N
783	sale	1	388	2024-12-21 18:00:29.550345+00	\N	28	\N	9	\N
784	sale	1	1	2024-12-21 18:00:29.560284+00	\N	\N	\N	9	401
785	sale	2	2	2024-12-21 18:00:55.27127+00	\N	\N	\N	9	402
786	sale	4	4	2024-12-21 18:01:31.845506+00	\N	\N	\N	9	403
787	sale	11	11	2024-12-21 18:08:42.614505+00	\N	\N	\N	9	404
788	sale	1	1	2024-12-21 18:09:29.036041+00	\N	\N	\N	9	405
789	sale	1	1	2024-12-21 18:09:49.381137+00	\N	\N	\N	9	406
\.


--
-- Data for Name: inventory_meal; Type: TABLE DATA; Schema: public; Owner: postgres
--

COPY public.inventory_meal (id, name, price, deactivate, category_id, meal) FROM stdin;
11	Crumbed Chickens	2	f	9	t
49	Spaghetti and Fish roast	3.50	f	1	t
40	Spaghetti and Fish stew	3.50	f	1	t
35	Rice and Pork chop	3.50	f	1	t
15	Roast Chicken	2	f	13	t
30	Spaghetti and Pork stew	2.50	f	1	t
17	1/4 chicken	3	f	15	t
18	Sadza & Beef Stew	2	f	1	t
12	Fish Stew	2.50	f	10	t
38	Sadza and Fish stew	3	f	1	t
1	Macaroni and Beef stew	2.50	f	1	t
19	Rice and Beef stew	2	f	1	t
51	pork roast	1.5	f	17	t
52	Rice and Pork roast	2	f	1	t
67	Sadza and Fried Vegetables	1	f	3	t
69	Russians	1	f	19	t
70	Hotdog	1	f	20	t
71	Burger	1	f	21	t
72	Chicken Salad	2	f	22	t
73	Shawarma	2	f	23	t
74	Greek Rice	0.5	f	24	t
68	Plain Fried Vegetables	0.5	f	5	t
41	Spaghetti Pork chop	4	f	1	t
75	Double Burger	2	f	25	t
77	Large T-bone	2.5	f	26	t
78	Large porkchops	2.5	f	27	t
39	Macaroni and Fish stew	3.50	f	1	t
32	Macaroni and Chicken Stew	2.50	f	1	t
79	Macaroni and large T-bone	3.50	f	1	t
87	Rice and Large T-bone	3	f	1	t
80	Macaroni and Pork Chops	3	f	1	t
64	butternut and Large Pork chops	4	f	1	t
81	Spaghetti and Large T-bone	3.50	f	1	t
60	rice nedovi and Chicken stew	2.50	f	1	t
53	rice nedovi and Pork roast	2.50	f	1	t
89	Rice nedovi and Pork stew	2.50	f	1	t
63	Pork chops and chips	3	f	1	t
93	Rice and Beef roast	2	f	1	t
101	Macaroni and Crumbed chicken	3	f	1	t
102	Rice and Crumbed Chicken	2.50	f	1	t
92	Large Pork chops and chips	4	f	1	t
91	Large T-bone and chips	4	f	1	t
48	Macaroni and Fish roast	3.50	f	1	t
76	Crumbed chicken & Chips	3	f	4	t
3	Rice and chicken stir-fry	3	f	1	t
50	Spaghetti and Beef stew	2.5	f	1	t
7	T-bone and Chips	3	f	4	t
33	Spaghetti and Chicken stew	2.50	f	1	t
10	Pork stew	1.5	f	8	t
20	Rice and 1/4 Chicken	3.50	f	15	t
22	Macaroni and 1/4 Chicken	4	f	1	t
23	Spaghetti and 1/4 Chicken	4	f	1	t
24	Rice and T-bone	2.50	f	1	t
26	Spaghetti and T-bone	3	f	1	t
27	Rice and Pork stew	2	f	1	t
28	Sadza and Pork stew	2	f	1	t
34	Rice and Fish stew	3	f	1	t
13	Fish Roast	2.50	f	11	t
42	Rice and Chicken roast	2.50	f	1	t
43	Sadza and Chicken Roast	2.50	f	1	t
45	Spaghetti and Chicken Roast	3	f	1	t
46	Rice and Fish roast	3	f	1	t
47	Sadza and Fish roast	3	f	1	t
4	Rice and Chicken stew	2	f	1	t
55	Sadza, Fried veggie and beef stew	2	f	1	t
56	sadza Fried veggie and Pork roast	2	f	1	t
57	Sadza and pork roast	2	f	1	t
58	rice nedovi and 1/4 Chicken	4	f	1	t
61	Butternut and 1/4 Chicken	4	f	1	t
62	Butternut and T-bone	3	f	1	t
65	Coeslaw salad	0.01	f	18	t
25	Macaroni and T-bone	3	f	1	t
82	Spaghetti and Large Pork Chops	3.50	f	1	t
83	Rice and Large Pork Chops	3	f	1	t
84	Greek Rice and Large Pork Chops	3	f	1	t
86	Butternuts and Large T-bone	3.50	f	1	t
59	rice nedovi and Beef stew	2.50	f	1	t
90	Beef Roast	2	f	28	t
94	Rice and  Pork roast	2	f	1	t
96	Spaghetti and Beef roast	2.50	f	1	t
97	Macaroni and Beef Roast	2.50	f	1	t
98	Sadza and Beef Roast	2	f	1	t
99	Sadza and Large pork chop	3	f	1	t
100	Sadza and Large T-bone	3	f	1	t
36	Sadza and Pork chop	2.50	f	1	t
103	Greek Rice and Crumbed Chicken	2.50	f	1	t
104	Rice nedovi and Crumbed Chicken	3	f	1	t
105	Spaghetti and Crumbed chicken	3	f	1	t
106	1 piecer	2.50	f	4	t
107	2 Piecer	4	f	4	t
14	Russian Combo	2	f	4	t
16	Spaghetti meal	1	f	14	t
6	Sadza and T-bone	2.50	f	1	t
5	Coleslaw Salad	0.01	t	7	t
9	Sadza	0.50	f	3	t
125	Chips and Large Fish	4.50	f	1	t
126	Potato Wedges and Large Fish	4.50	f	1	t
127	Butternuts and  Large Fish	4.50	f	1	t
128	Spaghetti and Large Fish	4.50	f	1	t
129	Macaroni and Large Fish	4.50	f	1	t
130	Rice Dovi and Large Fish	4.50	f	1	t
131	Rice Dovi and Mince	2.50	f	1	t
132	Rice Dovi and LargePork Chops	4	f	1	t
133	Rice Dovi and Large T-Bone	4	f	1	t
2	Sadza and Beef Veggie	2	f	1	t
8	Rice ,beef stir-fry and coleslaw	3	f	1	t
21	Sadza and 1/4 Chicken	3.50	f	1	t
118	Potato Wedges and Pork Chop	3.50	f	1	t
119	Potato Wedges and Large T-Bone	4	f	1	t
120	Potato Wedges and T-Bone	3.50	f	1	t
121	Potato Wedges and Crumbed Chicken	3	f	1	t
122	Large Fish	3.5	f	30	t
123	Rice and Large Fish	4	f	1	t
124	Sadza and Large Fish	4	f	1	t
31	Sadza and Chicken stew	2	f	1	t
44	Macaroni and Chicken roast	3	f	1	t
54	Sadza, Fried veggie and chicken stew	2	f	1	t
66	Plain coleslaw salad	0.5	f	5	t
29	Macaroni and Pork Stew	2.5	f	1	t
37	Macaroni and Large  Pork chop	3.50	f	1	t
88	Greek Rice and Large T-bones	3	f	1	t
95	Greek Rice and Beef roast	2	f	1	t
85	Butternuts and  Pork Chop	3.50	f	1	t
108	Mashed potato and Beef Roast	3	f	1	t
110	Spaghetti and Bolognees	2.00	f	1	t
111	Mince	1.5	f	29	t
112	Rice and Mince	2.00	f	1	t
113	Greek Rice and Mince	2	f	1	t
114	Sadza and Mince	2	f	1	t
115	Spaghetti and Mince	2.50	f	1	t
116	Macaroni and Mince	2.50	f	1	t
117	Potato Wedges and Large Pork Chop	4	f	1	t
109	Butternut and Beef Roast BBR	3	f	1	t
\.


--
-- Data for Name: inventory_meal_dish; Type: TABLE DATA; Schema: public; Owner: postgres
--

COPY public.inventory_meal_dish (id, meal_id, dish_id) FROM stdin;
2	1	15
3	1	14
4	2	36
7	3	12
9	4	12
11	6	44
12	6	45
13	7	45
14	7	31
15	8	41
17	8	47
18	9	44
19	10	51
20	11	52
21	12	53
22	13	54
24	15	56
26	17	58
27	18	44
28	18	15
29	19	41
30	19	15
31	20	41
32	20	58
33	21	58
34	21	44
35	22	58
36	22	14
38	23	58
39	24	41
40	24	45
41	25	45
43	26	45
44	27	41
45	28	51
46	28	44
47	29	51
48	30	51
49	31	12
50	31	44
51	32	12
52	32	14
54	33	12
55	34	41
56	34	53
57	35	41
58	35	43
59	36	43
60	36	44
63	38	44
64	38	53
65	39	53
66	39	14
68	40	53
70	41	43
71	42	56
72	42	41
73	43	56
74	43	44
75	44	56
76	44	14
77	45	56
79	46	41
80	46	54
81	47	44
82	47	54
83	48	54
84	48	14
86	49	54
88	50	15
89	51	59
90	52	41
91	52	59
92	53	42
93	53	59
94	54	35
95	54	12
96	54	44
97	55	35
98	55	44
99	55	15
100	56	59
101	56	35
102	56	44
103	57	59
104	57	44
105	58	42
106	58	58
107	59	42
108	59	15
109	60	42
110	60	12
111	61	33
112	61	58
113	62	33
114	62	45
115	63	43
116	63	31
117	64	33
119	65	60
121	66	60
122	67	35
123	67	44
124	68	35
125	69	61
126	70	62
127	71	63
128	72	64
129	73	65
130	74	66
131	75	67
132	76	52
133	76	31
134	77	68
135	78	69
136	79	68
137	79	14
138	37	69
139	25	14
140	37	14
141	80	43
142	80	14
144	81	68
146	82	69
147	83	41
148	83	69
149	84	66
150	84	69
151	85	33
153	86	33
154	86	68
155	87	41
156	87	68
157	88	66
158	88	68
159	89	42
160	89	51
161	90	70
162	91	68
163	91	31
164	92	69
165	92	31
166	93	41
167	93	70
168	94	41
169	94	59
170	95	66
171	95	70
173	96	70
174	97	70
175	97	14
176	98	44
177	98	70
178	99	44
179	99	69
180	100	44
181	100	68
182	64	69
183	101	52
184	101	14
185	102	41
186	102	52
187	103	66
188	103	52
189	104	42
190	104	52
192	105	52
193	106	56
194	106	31
195	107	56
196	107	31
197	108	49
198	108	70
199	109	33
200	109	70
201	14	61
202	14	31
205	111	71
206	112	41
207	112	71
208	113	66
209	113	71
210	114	44
211	114	71
213	115	71
214	116	14
215	116	71
216	85	43
217	117	48
218	117	69
219	118	48
220	118	43
221	119	48
222	119	68
223	120	48
224	120	45
225	121	48
226	121	52
227	122	72
228	123	72
229	123	41
230	124	72
231	124	44
232	125	72
233	125	31
234	126	48
235	126	72
236	127	72
237	127	33
238	128	72
240	129	72
241	129	14
242	130	72
243	130	42
244	131	42
245	131	71
246	132	42
247	132	69
248	133	42
249	133	68
\.


--
-- Data for Name: inventory_mealcategory; Type: TABLE DATA; Schema: public; Owner: postgres
--

COPY public.inventory_mealcategory (id, name) FROM stdin;
1	Starch and meat
2	Meat
3	Starch
4	Fast food
5	Salad
6	
7	Coleslaw Salad
8	Pork stew
9	Crumbed Chickens
10	Fish Stew
11	Fish Roast
12	Russian
13	Roast Chicken
14	Spaghetti
15	1/4 chicken
16	Starch and Meat
17	pork roast
18	Coeslaw salad
19	Russians
20	Hotdog
21	Burger
22	Chicken Salad
23	Shawarma
24	Greek Rice
25	Double Burger
26	Large T-bone
27	Large porkchops
28	Beef Roast
29	Mince
30	Large Fish
\.


--
-- Data for Name: inventory_minorproductionitems; Type: TABLE DATA; Schema: public; Owner: postgres
--

COPY public.inventory_minorproductionitems (id, total_quantity_per_kg, planned_quantity, expected_quantity, actual_quantity, cost_per_kg, total_cost, minor_raw_material_id, production_id) FROM stdin;
\.


--
-- Data for Name: inventory_minorrawmaterials; Type: TABLE DATA; Schema: public; Owner: postgres
--

COPY public.inventory_minorrawmaterials (id, quantity, quantity_left, raw_material_id) FROM stdin;
\.


--
-- Data for Name: inventory_notification; Type: TABLE DATA; Schema: public; Owner: postgres
--

COPY public.inventory_notification (id, message, "timestamp", is_read, expense_id, product_id, production_id) FROM stdin;
\.


--
-- Data for Name: inventory_product; Type: TABLE DATA; Schema: public; Owner: postgres
--

COPY public.inventory_product (id, name, quantity, cost, price, tax_type, min_stock_level, raw_material, finished_product, description, deactivate, category_id, unit_id) FROM stdin;
47	Vinegar	0	1.6000	0.000	zero rated	0	t	f	Vinegar	f	7	2
41	Garlic	0	2.5000	0.000	zero rated	0	t	f	Garlic	f	10	1
39	Cornflower	0	1.5000	0.000	zero rated	0	t	f	Cornflower	f	10	1
116	rock buns	0	0.5000	0.000	zero rated	0	t	f	rock buns	f	16	7
56	Till roll	0	1.5000	0.000	zero rated	0	t	f	Till row	f	13	7
7	Bisto	0	7.5000	0.000	zero rated	0	t	f	Bisto	f	3	1
122	Chicken Masala	0	4.0000	0.000	zero rated	0	t	f	Chicken masala	f	3	1
125	Powdered Milk	0	4.0000	0.000	zero rated	0	t	f	Powdered milk	f	6	1
4	Spaghetti	14.8	0.8000	0.000	zero rated	0	t	f	Spaghetti	f	1	1
15	Margarine	-0.2	4.0000	0.000	zero rated	0	t	f	Margarine	f	5	1
18	Tom Sauce	0	0.0150	0.000	zero rated	0	t	f	Tom sauce	f	7	6
6	Salt	7.46	0.6000	0.000	zero rated	0	t	f	Salt	f	3	1
32	Carrots	1.6700000000000002	0.5000	0.000	zero rated	0	t	f	Carrots	f	10	1
22	Pork chops	61.85	3.4000	0.000	zero rated	0	t	f	Pork chops	f	8	1
33	Cucumber	3.05	1.2000	0.000	zero rated	0	t	f	Cucumber	f	10	1
46	Vinegar sachets	536	0.0150	0.000	zero rated	0	t	f	Vinegar sachets	f	7	6
44	Burger-patties	0	0.3000	0.000	zero rated	0	t	f	Burger-patties	f	8	7
31	Onions	7.77	1.2000	0.000	zero rated	0	t	f	Onions	f	10	1
35	Lettuce	19	0.5000	0.000	zero rated	0	t	f	Lettuce	f	10	5
16	Eggs	265.17	3.0000	0.000	zero rated	0	t	f	Eggs	f	6	7
9	Chip spice	-5	3.0000	0.000	zero rated	0	t	f	Chip spice	f	3	1
10	Royco	24	0.5000	0.000	zero rated	0	t	f	Royco	f	3	6
5	Cooking oil	33.26	1.8000	0.000	zero rated	0	t	f	Cooking oil	f	2	2
3	Macaroni	19	1.0000	0.000	zero rated	0	t	f	Macaroni	f	1	1
27	Fresh Milk	4.5	2.0000	0.000	zero rated	0	t	f	Milk	f	6	2
14	Dovi	29	3.0000	0.000	zero rated	0	t	f	Dovi	f	5	2
48	Kylites #5	640	0.0400	0.000	zero rated	0	t	f	Kaylites  #5	f	13	7
40	Green-beans	0.53	3.0000	0.000	zero rated	0	t	f	Green-beans	f	10	1
25	T-bone	5.45	4.5000	0.000	zero rated	0	t	f	T-bone	f	8	1
52	Serviettes	-180	0.0070	0.000	zero rated	0	t	f	Serviettes per thousand	f	13	7
20	Fish	34.2	2.9000	0.000	zero rated	0	t	f	Fish	f	8	1
120	sweet chilli	2	1.6100	0.000	zero rated	0	t	f	chilli	f	7	2
37	Butternuts	64.38	0.5000	0.000	zero rated	0	t	f	Butternuts	f	10	1
45	Salt sachets	760	0.0150	0.000	zero rated	0	t	f	Salt sachets	f	3	6
34	Pepper	0.6900000000000001	1.6000	0.000	zero rated	0	t	f	Pepper	f	10	1
19	Chickens	97.05	3.0000	0.000	zero rated	0	t	f	64 Chicken birds	f	8	1
11	Mustard	2	0.9170	0.000	zero rated	0	t	f	Mustard	f	3	2
30	Tomatoes	0.8899	0.3700	0.000	zero rated	0	t	f	Tomatoes	f	10	1
124	Tomato ketchup	0	1.6000	0.000	zero rated	0	t	f	Tomato ketchup	f	7	2
23	Pork head	6.7700000000000005	3.4000	0.000	zero rated	0	t	f	Pork head	f	8	1
42	Cabbage	16	0.3500	0.000	zero rated	0	t	f	Cabbage	f	10	5
54	Hairnets	100	0.0300	0.000	zero rated	0	t	f	Hairnets	f	13	7
26	Mince	167.45	5.6000	0.000	zero rated	0	t	f	Mince	f	8	1
8	Paprika	1.75	3.0000	0.000	zero rated	0	t	f	Paprika	f	3	1
24	Beef	105.55	3.8000	0.000	zero rated	0	t	f	Beef	f	8	1
28	Water	388	0.3000	0.500	zero rated	0	f	t	Water	f	9	7
123	Lemon and herb	0	3.2000	0.000	zero rated	0	t	f	Lemon and herb	f	3	1
43	Red-Cabbage	8	0.5000	0.000	zero rated	0	t	f	Red-Cabbage small	f	10	5
12	Potatoes	39	6.0000	0.000	zero rated	0	t	f	Potatoes	f	1	8
17	BBQ Sauce	2	2.0000	0.000	zero rated	0	t	f	BBQ Sauce	f	7	2
49	Kylites #25	700	0.0700	0.000	zero rated	0	t	f	Kaylites  #25	f	13	7
21	Russians	259	0.3000	0.000	zero rated	0	t	f	Russians	f	8	7
51	Spoons / Fork	2746	0.0120	0.000	zero rated	0	t	f	Spoons	f	13	7
2	Flour	17.9	1.0000	0.000	zero rated	0	t	f	Flour	f	1	1
57	Mealie meal	74.29	0.6000	0.000	zero rated	0	t	f	Mealie meal 10kg	f	1	1
1	rice	21.75	1.1500	0.000	zero rated	0	t	f	rice	f	1	1
29	Pepsi drinks	-1	0.3400	0.000	zero rated	0	f	t	Pepsi drinks	f	9	7
144	Road runner	0	3.4000	0.000	zero rated	0	t	f	Road runner	f	8	1
126	Goat meat	0	3.2000	0.000	zero rated	0	t	f	Goat meat	f	8	1
127	Porkers	0	3.4000	0.000	zero rated	0	t	f	Porkers	f	8	1
128	Country style	0	5.2000	0.000	zero rated	0	t	f	Country style sausage	f	8	1
132	Thousand Island	0	1.6000	0.000	zero rated	0	t	f	Thousand Island	f	7	2
135	Peas	0	1.5000	0.000	zero rated	0	t	f	Peas	f	10	1
139	BBQ spice	0	3.6200	0.000	zero rated	0	t	f	BBQ spice	f	3	1
143	Toothpicks	0	0.5000	0.000	zero rated	0	t	f	Toothpicks	f	12	7
130	Burger Roll	5	0.1500	0.000	zero rated	0	t	f	Burger roll	f	16	7
131	Hotdog Roll	28	0.1330	0.000	zero rated	0	t	f	Hotdog roll	f	16	7
36	Baby-marrow	0.07999999999999999	2.0000	0.000	zero rated	0	t	f	Baby-maro	f	10	1
160	curry	3.4	0.0000	0.000	zero rated	0	t	f	curry spice	f	3	1
169	Degreaser	0	0.0000	0.000	zero rated	0	t	f	degreaser 500mls	f	17	7
146	Ox hearts	0	0.0000	0.000	zero rated	0	t	f	Ox hearts	f	8	1
147	Makumbo	0	0.0000	0.000	zero rated	0	t	f	Makumbo	f	8	1
13	Mayonnaise 750ml	15	2.0830	0.000	zero rated	0	t	f	case of 12 goes for 25	f	4	7
149	Ribs	0	0.0000	0.000	zero rated	0	t	f	Ribs	f	8	1
151	Chunks	0	0.0000	0.000	zero rated	0	t	f	Chunks	f	8	1
150	Chicken Offals	0	0.0000	0.000	zero rated	0	t	f	Offals	f	8	1
161	Bin Liners	0	0.0000	0.000	zero rated	0	t	f	bin liner	f	12	7
162	Chicken Spice	0	0.0000	0.000	zero rated	0	t	f	chicken spice	f	3	1
154	Sugar	-0.05	1.1500	0.000	zero rated	0	t	f	sugar	f	3	1
166	Rat poison	0	2.0000	0.000	zero rated	0	t	f	rat poison	f	17	7
155	Vegetables	0	1.0000	0.000	zero rated	0	t	f	vegetables	f	10	1
133	Tomato paste	5.42	5.0000	0.000	zero rated	0	t	f	Tomato Paste	f	7	2
140	Tomato Sauce	2	0.9170	0.000	zero rated	0	t	f	Tomato sauce	f	7	2
152	Tomato Sauce sachets	620	0.0150	0.000	zero rated	0	t	f	tomato sauce sachets	f	7	6
158	Soya burger mince	16.15	0.0000	0.000	zero rated	0	t	f	soya burger mince	f	8	1
134	Gravy powder	6.2	6.0000	0.000	zero rated	0	t	f	Gravy Powder	f	3	1
53	Hotdog bags	1503	0.0100	0.000	zero rated	0	t	f	Hotdog bags	f	13	7
141	GP1	151	0.0110	0.000	zero rated	0	t	f	GP1	f	12	7
159	beef offals	54.75	3.8000	0.000	zero rated	0	t	f	offals	f	8	1
148	Flanks	5.35	0.0000	0.000	zero rated	0	t	f	Makumbo	f	8	1
138	Rajah	0.1	5.0000	0.000	zero rated	0	t	f	Rajah spice	f	3	1
163	wire brush	0	3.0000	0.000	zero rated	0	t	f	wire brush	f	17	7
129	Rotti	85	0.2000	0.000	zero rated	0	t	f	Rotti	f	16	7
145	Trotters	5	0.0000	0.000	zero rated	0	t	f	Trotters	f	8	1
142	GP2	800	0.0140	0.000	zero rated	0	t	f	GP2	f	12	7
136	Pet drinks	32	0.4580	1.000	zero rated	0	f	t	Pet drinks	f	9	7
176	Wire mesh	0	0.1670	0.000	zero rated	0	t	f	Wire mesh	f	17	7
164	mutton cloth	0	6.5000	0.000	zero rated	0	t	f	mutton cloth	f	17	9
167	Receipt book 	0	0.0000	0.000	zero rated	0	t	f	receipt book	f	18	7
177	Aprons	0	3.0000	0.000	zero rated	0	t	f	Apron	f	19	7
137	Fruitcana	84	0.4580	1.000	zero rated	0	f	t	Fruitcana	f	9	7
172	Baygon Spray	0	2.5000	0.000	zero rated	0	t	f	Baygon Spray	f	17	7
165	Doom Spray	0	2.0000	0.000	zero rated	0	t	f	doom spray	f	17	7
175	Dish washing liquid	0	2.0000	0.000	zero rated	0	t	f	Dish washing liquid 750ml	f	17	7
173	Broom	0	3.0000	0.000	zero rated	0	t	f	Broom	f	17	7
174	Mops	0	0.0000	0.000	zero rated	0	t	f	Mops	f	17	7
171	Domestos	0	2.0000	0.000	zero rated	0	t	f	domestos 750ml	f	17	7
170	Surf	0	2.0000	0.000	zero rated	0	t	f	surf	f	17	1
55	Plastic gloves	10	0.0200	0.000	zero rated	0	t	f	Plastic gloves	f	13	7
178	T-shirts	0	0.0000	0.000	zero rated	0	t	f	T-shirts	f	19	7
179	Caps	0	0.0000	0.000	zero rated	0	t	f	caps	f	19	7
180	Handy-andy	0	2.0000	0.000	zero rated	0	t	f	Handy-andy 750mls	f	17	7
181	Vim	0	0.0000	0.000	zero rated	0	t	f	vim	f	17	1
168	Dip	0	1.5000	0.000	zero rated	0	t	f	dip	f	17	2
50	Plastic bags	426	0.0100	0.000	zero rated	0	t	f	Plastic bags	f	13	7
185	Kingsize coke	0	0.0000	0.000	zero rated	0	f	t	kingsize coke	f	9	7
189	Mirinda grape	0	0.3400	0.500	zero rated	0	f	t	Mirinda grape	f	9	7
191	Mirinda green apple	0	0.3400	0.500	zero rated	0	f	t	Mirinda green apple	f	9	7
184	Pet Cherry	0	0.4580	1.000	zero rated	0	f	t	pet cherry	f	9	7
182	Pet coke	0	0.4580	1.000	zero rated	0	f	t	pet coke	f	9	7
183	Pet Fanta	0	0.4580	1.000	zero rated	0	f	t	pet fanta	f	9	7
193	Pet pine nut	0	0.4580	1.000	zero rated	0	f	t	Pet pine nut	f	9	7
188	Pepsi coke	0	0.3400	0.500	zero rated	0	f	t	Pepsi coke	f	9	7
190	Mirinda orange	0	0.3400	0.500	zero rated	0	f	t	Mirinda orange	f	9	7
192	Mirinda pineapple	0	0.3400	0.500	zero rated	0	f	t	Mirinda pineapple	f	9	7
186	King size fanta	0	0.2000	0.500	zero rated	0	f	t	kingsize fanta	f	9	7
187	King size sprite	-1	0.2000	0.500	zero rated	0	f	t	kingsize sprite	f	9	7
194	Brothers drink	26	0.0000	1.000	zero rated	0	f	t	brothers drinks	f	9	7
157	King size coke	176	0.2000	0.500	zero rated	0	f	t	king size coke	f	9	7
\.


--
-- Data for Name: inventory_production; Type: TABLE DATA; Schema: public; Owner: postgres
--

COPY public.inventory_production (id, date_created, time_created, status, production_plan_number, declared) FROM stdin;
\.


--
-- Data for Name: inventory_productioninventory; Type: TABLE DATA; Schema: public; Owner: postgres
--

COPY public.inventory_productioninventory (id, quantity, raw_material_id) FROM stdin;
\.


--
-- Data for Name: inventory_productionitems; Type: TABLE DATA; Schema: public; Owner: postgres
--

COPY public.inventory_productionitems (id, lf_brought_forward_quantity, actual_quantity, total_cost, remaining_raw_material, declared, left_overs, wastage, portions, staff_portions, declared_quantity, portions_sold, allocated, dish_id, production_id) FROM stdin;
\.


--
-- Data for Name: inventory_productionlogs; Type: TABLE DATA; Schema: public; Owner: postgres
--

COPY public.inventory_productionlogs (id, action, quantity, total_quantity, "timestamp", description, product_id, user_id) FROM stdin;
\.


--
-- Data for Name: inventory_productionrawmaterials; Type: TABLE DATA; Schema: public; Owner: postgres
--

COPY public.inventory_productionrawmaterials (id, quantity, product_id) FROM stdin;
36	0	1
37	0	5
38	0	6
39	0	51
34	0	57
40	0	4
41	0	3
42	0	24
43	0	30
44	0	31
45	0	40
46	0	32
47	0	34
48	0	36
50	0	133
51	0	12
52	0	23
53	0	16
54	0	2
55	-0.05000000000000071	19
58	0	8
56	0	25
57	0	22
59	0	20
60	0	37
61	0	154
62	0	15
63	0	27
64	0	48
65	0	9
66	0	46
67	0	152
68	0	52
69	0	21
70	0	14
71	0	127
72	0	155
49	-74	45
35	63	49
73	100	54
74	90	55
75	100	50
\.


--
-- Data for Name: inventory_purchaseorder; Type: TABLE DATA; Schema: public; Owner: postgres
--

COPY public.inventory_purchaseorder (id, order_number, order_date, delivery_date, total_cost, status, notes, discount, tax_amount, handling_amount, other_amount, is_partial, received, supplier_id) FROM stdin;
1	PO-756B03FA31	2024-12-11 12:23:29.831001+00	2024-12-11	125.58	ordered		0.00	16.38	0.00	0.00	f	f	1
\.


--
-- Data for Name: inventory_purchaseorderitem; Type: TABLE DATA; Schema: public; Owner: postgres
--

COPY public.inventory_purchaseorderitem (id, quantity, unit_cost, received_quantity, received, note, product_id, purchase_order_id) FROM stdin;
1	6	0.17	0	f		176	1
2	2	6.50	0	f		164	1
3	2	2.00	0	f		2	1
4	24	3.80	0	f		5	1
\.


--
-- Data for Name: inventory_reorder; Type: TABLE DATA; Schema: public; Owner: postgres
--

COPY public.inventory_reorder (id, ordered, approx_days, reorder_quantity, product_id) FROM stdin;
1	f	0	1	47
2	f	0	1	41
3	f	0	1	39
4	f	0	1	116
5	f	0	1	56
6	f	0	1	7
7	f	0	1	122
8	f	0	1	123
9	f	0	1	124
10	f	0	1	125
11	f	-6.000000000000001	0.2	15
12	f	0	1	18
13	f	0	1	44
14	f	-2.3076923076923075	13	9
15	f	-6	180	52
16	f	-3	2	29
17	f	0	1	144
18	f	0	1	126
19	f	0	1	127
20	f	0	1	128
21	f	0	1	132
22	f	0	1	135
23	f	0	1	139
24	f	0	1	143
25	f	0	1	169
26	f	0	1	146
27	f	0	1	147
28	f	0	1	149
29	f	0	1	151
30	f	0	1	150
31	f	0	1	161
32	f	0	1	162
33	f	-6.000000000000001	0.05	154
34	f	0	1	166
35	f	0	1	155
36	f	-6.000000000000001	0.18	36
37	f	0	1	163
38	f	0	1	176
39	f	0	1	164
40	f	0	1	167
41	f	0	1	177
42	f	0	1	172
43	f	0	1	165
44	f	0	1	175
45	f	0	1	173
46	f	0	1	174
47	f	0	1	171
48	f	0	1	170
49	f	0	1	178
50	f	0	1	179
51	f	0	1	180
52	f	0	1	181
53	f	0	1	168
54	f	0	1	185
55	f	0	1	189
56	f	0	1	191
57	f	0	1	184
58	f	0	1	182
59	f	0	1	183
60	f	0	1	193
61	f	0	1	188
62	f	0	1	190
63	f	0	1	192
64	f	0	1	186
65	f	-6	1	187
\.


--
-- Data for Name: inventory_supplier; Type: TABLE DATA; Schema: public; Owner: postgres
--

COPY public.inventory_supplier (id, name, contact_name, email, phone, address) FROM stdin;
1	mbare	0776079245	mirackletec@gmail.com\\	j	n
\.


--
-- Data for Name: inventory_transfer; Type: TABLE DATA; Schema: public; Owner: postgres
--

COPY public.inventory_transfer (id, transfer_number, status, created_at) FROM stdin;
\.


--
-- Data for Name: inventory_transferitems; Type: TABLE DATA; Schema: public; Owner: postgres
--

COPY public.inventory_transferitems (id, quantity, product_id, transfer_id) FROM stdin;
\.


--
-- Data for Name: inventory_unitofmeasurement; Type: TABLE DATA; Schema: public; Owner: postgres
--

COPY public.inventory_unitofmeasurement (id, unit_name) FROM stdin;
1	kgs
2	litres
3	crates
4	satchets
5	heads
6	sachets
7	items
8	pockets
9	rolls
\.


--
-- Data for Name: settings_modules; Type: TABLE DATA; Schema: public; Owner: postgres
--

COPY public.settings_modules (id, name) FROM stdin;
1	Sales
2	Finance
3	Inventory
4	Production
\.


--
-- Data for Name: settings_notificationemails; Type: TABLE DATA; Schema: public; Owner: postgres
--

COPY public.settings_notificationemails (id, email, module_id) FROM stdin;
\.


--
-- Data for Name: settings_printer; Type: TABLE DATA; Schema: public; Owner: postgres
--

COPY public.settings_printer (id, name, location, is_default) FROM stdin;
\.


--
-- Data for Name: users_company; Type: TABLE DATA; Schema: public; Owner: postgres
--

COPY public.users_company (id, name, address) FROM stdin;
1	Urban Eats	68 speke avenue
\.


--
-- Data for Name: users_user; Type: TABLE DATA; Schema: public; Owner: postgres
--

COPY public.users_user (id, password, last_login, is_superuser, username, first_name, last_name, email, is_staff, is_active, date_joined, phonenumber, role, company_id) FROM stdin;
2	pbkdf2_sha256$600000$dOBvagYl1FtyGrg2BnWBAy$55zuagzRKyW0oK7j8FA4KPet0LO9AUtXZ5KCM70FDg0=	2024-11-18 09:37:24.869159+00	f	test	Casper	test	test@techcity.co.zw	f	t	2024-11-18 09:36:35.363873+00	0778587612	admin	1
4	pbkdf2_sha256$600000$fo547YFliczttxhxm4CDGi$ipjadey8oHi4d7IudjOxyK/FvBwhrJja/dTqVvrDkB0=	2024-11-20 09:09:20.533065+00	t	super			test@techcity.co.zw	t	t	2024-11-20 09:08:30.964455+00			\N
7	pbkdf2_sha256$600000$6PvL12AySACDjYRGk8HXfa$x0LGYkC8zVgO1TcS4ptvz3izg+ruQRV+KaFm5lfVz0A=	2024-12-12 16:35:19.671664+00	f	michy@techcity.co.zw	Michell	Dhimba	michy@techcity.co.zw	f	t	2024-12-08 08:58:18.670722+00	0787258695	sales	1
3	pbkdf2_sha256$600000$oyGzlBnlCaHzgUnnjAQste$gSif6a8A+1qGBAEId4/4cQukBrMkhea438J6Coz7Wow=	2024-12-21 16:43:35.940837+00	t	casy			test@techcity.co.zw	t	t	2024-11-18 11:05:59.525239+00			\N
6	pbkdf2_sha256$600000$4WuhoJpiTX2lsmeMLrTq3e$lAOQfvx/PLkvZdS9of6Jkwuiyd/TKk9GYWtiqbEjNDk=	2024-12-05 13:59:23.854721+00	f	chie	Casper	Moyo	casy@email.com	f	t	2024-12-05 13:38:39.56262+00	0778587612	sales	1
1	pbkdf2_sha256$600000$Bxh4lsRfOKuq1Y8Q1ZUk98$s8WGKoS03HZOGMp94GrSCK7gkj21a/xQ6lQP6tCZIhA=	2024-12-21 18:03:33.619233+00	f	admin	Taonezvi	Mawere	admin@techcity.co.zw	f	t	2024-11-18 09:07:29.071448+00	07194884456	owner	1
8	pbkdf2_sha256$600000$hPnOn7NU5FBPVnFR2gqdtD$mBhKE/+drJZbAZghPmYv1kVFjVrgyU222T7KxCVf8fk=	2024-12-21 18:19:41.954395+00	f	shanty	Shantel	Chikowore	shantelchikowore1@gmail.com	f	t	2024-12-12 15:45:55.96961+00	0715312250	admin	1
9	pbkdf2_sha256$600000$TNurDZKSsBfjndeP4V6eJi$BDaT8tvsskbakhLwdY84dRIMabVQl03w9asBuAk+Q+0=	2024-12-21 18:27:26.434259+00	f	faith@techcity.co.zw	Faith	Panganai	panganaifaith61@gmail.com	f	t	2024-12-21 06:49:55.891574+00	0713528632	sales	1
\.


--
-- Data for Name: users_user_groups; Type: TABLE DATA; Schema: public; Owner: postgres
--

COPY public.users_user_groups (id, user_id, group_id) FROM stdin;
\.


--
-- Data for Name: users_user_user_permissions; Type: TABLE DATA; Schema: public; Owner: postgres
--

COPY public.users_user_user_permissions (id, user_id, permission_id) FROM stdin;
\.


--
-- Name: auth_group_id_seq; Type: SEQUENCE SET; Schema: public; Owner: postgres
--

SELECT pg_catalog.setval('public.auth_group_id_seq', 1, false);


--
-- Name: auth_group_permissions_id_seq; Type: SEQUENCE SET; Schema: public; Owner: postgres
--

SELECT pg_catalog.setval('public.auth_group_permissions_id_seq', 1, false);


--
-- Name: auth_permission_id_seq; Type: SEQUENCE SET; Schema: public; Owner: postgres
--

SELECT pg_catalog.setval('public.auth_permission_id_seq', 196, true);


--
-- Name: django_admin_log_id_seq; Type: SEQUENCE SET; Schema: public; Owner: postgres
--

SELECT pg_catalog.setval('public.django_admin_log_id_seq', 811, true);


--
-- Name: django_content_type_id_seq; Type: SEQUENCE SET; Schema: public; Owner: postgres
--

SELECT pg_catalog.setval('public.django_content_type_id_seq', 49, true);


--
-- Name: django_migrations_id_seq; Type: SEQUENCE SET; Schema: public; Owner: postgres
--

SELECT pg_catalog.setval('public.django_migrations_id_seq', 71, true);


--
-- Name: finance_cashbook_id_seq; Type: SEQUENCE SET; Schema: public; Owner: postgres
--

SELECT pg_catalog.setval('public.finance_cashbook_id_seq', 342, true);


--
-- Name: finance_cashbooknote_id_seq; Type: SEQUENCE SET; Schema: public; Owner: postgres
--

SELECT pg_catalog.setval('public.finance_cashbooknote_id_seq', 2, true);


--
-- Name: finance_cashieraccount_id_seq; Type: SEQUENCE SET; Schema: public; Owner: postgres
--

SELECT pg_catalog.setval('public.finance_cashieraccount_id_seq', 1, false);


--
-- Name: finance_cashierpayments_id_seq; Type: SEQUENCE SET; Schema: public; Owner: postgres
--

SELECT pg_catalog.setval('public.finance_cashierpayments_id_seq', 1, false);


--
-- Name: finance_cashup_id_seq; Type: SEQUENCE SET; Schema: public; Owner: postgres
--

SELECT pg_catalog.setval('public.finance_cashup_id_seq', 1, false);


--
-- Name: finance_change_id_seq; Type: SEQUENCE SET; Schema: public; Owner: postgres
--

SELECT pg_catalog.setval('public.finance_change_id_seq', 75, true);


--
-- Name: finance_cogs_id_seq; Type: SEQUENCE SET; Schema: public; Owner: postgres
--

SELECT pg_catalog.setval('public.finance_cogs_id_seq', 8, true);


--
-- Name: finance_emailnotifications_id_seq; Type: SEQUENCE SET; Schema: public; Owner: postgres
--

SELECT pg_catalog.setval('public.finance_emailnotifications_id_seq', 1, false);


--
-- Name: finance_expense_id_seq; Type: SEQUENCE SET; Schema: public; Owner: postgres
--

SELECT pg_catalog.setval('public.finance_expense_id_seq', 2, true);


--
-- Name: finance_expensecategory_id_seq; Type: SEQUENCE SET; Schema: public; Owner: postgres
--

SELECT pg_catalog.setval('public.finance_expensecategory_id_seq', 4, true);


--
-- Name: finance_sale_id_seq; Type: SEQUENCE SET; Schema: public; Owner: postgres
--

SELECT pg_catalog.setval('public.finance_sale_id_seq', 406, true);


--
-- Name: finance_saleitem_id_seq; Type: SEQUENCE SET; Schema: public; Owner: postgres
--

SELECT pg_catalog.setval('public.finance_saleitem_id_seq', 607, true);


--
-- Name: finance_transactionlog_id_seq; Type: SEQUENCE SET; Schema: public; Owner: postgres
--

SELECT pg_catalog.setval('public.finance_transactionlog_id_seq', 1, false);


--
-- Name: inventory_allocatedrawmaterials_id_seq; Type: SEQUENCE SET; Schema: public; Owner: postgres
--

SELECT pg_catalog.setval('public.inventory_allocatedrawmaterials_id_seq', 64, true);


--
-- Name: inventory_category_id_seq; Type: SEQUENCE SET; Schema: public; Owner: postgres
--

SELECT pg_catalog.setval('public.inventory_category_id_seq', 19, true);


--
-- Name: inventory_checklist_id_seq; Type: SEQUENCE SET; Schema: public; Owner: postgres
--

SELECT pg_catalog.setval('public.inventory_checklist_id_seq', 336, true);


--
-- Name: inventory_dish_id_seq; Type: SEQUENCE SET; Schema: public; Owner: postgres
--

SELECT pg_catalog.setval('public.inventory_dish_id_seq', 72, true);


--
-- Name: inventory_endofday_id_seq; Type: SEQUENCE SET; Schema: public; Owner: postgres
--

SELECT pg_catalog.setval('public.inventory_endofday_id_seq', 1, false);


--
-- Name: inventory_endofdayitems_id_seq; Type: SEQUENCE SET; Schema: public; Owner: postgres
--

SELECT pg_catalog.setval('public.inventory_endofdayitems_id_seq', 1, false);


--
-- Name: inventory_ingredient_id_seq; Type: SEQUENCE SET; Schema: public; Owner: postgres
--

SELECT pg_catalog.setval('public.inventory_ingredient_id_seq', 526, true);


--
-- Name: inventory_logs_id_seq; Type: SEQUENCE SET; Schema: public; Owner: postgres
--

SELECT pg_catalog.setval('public.inventory_logs_id_seq', 789, true);


--
-- Name: inventory_meal_dish_id_seq; Type: SEQUENCE SET; Schema: public; Owner: postgres
--

SELECT pg_catalog.setval('public.inventory_meal_dish_id_seq', 249, true);


--
-- Name: inventory_meal_id_seq; Type: SEQUENCE SET; Schema: public; Owner: postgres
--

SELECT pg_catalog.setval('public.inventory_meal_id_seq', 133, true);


--
-- Name: inventory_mealcategory_id_seq; Type: SEQUENCE SET; Schema: public; Owner: postgres
--

SELECT pg_catalog.setval('public.inventory_mealcategory_id_seq', 30, true);


--
-- Name: inventory_minorproductionitems_id_seq; Type: SEQUENCE SET; Schema: public; Owner: postgres
--

SELECT pg_catalog.setval('public.inventory_minorproductionitems_id_seq', 1, false);


--
-- Name: inventory_minorrawmaterials_id_seq; Type: SEQUENCE SET; Schema: public; Owner: postgres
--

SELECT pg_catalog.setval('public.inventory_minorrawmaterials_id_seq', 1, false);


--
-- Name: inventory_notification_id_seq; Type: SEQUENCE SET; Schema: public; Owner: postgres
--

SELECT pg_catalog.setval('public.inventory_notification_id_seq', 1, false);


--
-- Name: inventory_product_id_seq; Type: SEQUENCE SET; Schema: public; Owner: postgres
--

SELECT pg_catalog.setval('public.inventory_product_id_seq', 194, true);


--
-- Name: inventory_production_id_seq; Type: SEQUENCE SET; Schema: public; Owner: postgres
--

SELECT pg_catalog.setval('public.inventory_production_id_seq', 9, true);


--
-- Name: inventory_productioninventory_id_seq; Type: SEQUENCE SET; Schema: public; Owner: postgres
--

SELECT pg_catalog.setval('public.inventory_productioninventory_id_seq', 1, false);


--
-- Name: inventory_productionitems_id_seq; Type: SEQUENCE SET; Schema: public; Owner: postgres
--

SELECT pg_catalog.setval('public.inventory_productionitems_id_seq', 81, true);


--
-- Name: inventory_productionlogs_id_seq; Type: SEQUENCE SET; Schema: public; Owner: postgres
--

SELECT pg_catalog.setval('public.inventory_productionlogs_id_seq', 273, true);


--
-- Name: inventory_productionrawmaterials_id_seq; Type: SEQUENCE SET; Schema: public; Owner: postgres
--

SELECT pg_catalog.setval('public.inventory_productionrawmaterials_id_seq', 75, true);


--
-- Name: inventory_purchaseorder_id_seq; Type: SEQUENCE SET; Schema: public; Owner: postgres
--

SELECT pg_catalog.setval('public.inventory_purchaseorder_id_seq', 1, true);


--
-- Name: inventory_purchaseorderitem_id_seq; Type: SEQUENCE SET; Schema: public; Owner: postgres
--

SELECT pg_catalog.setval('public.inventory_purchaseorderitem_id_seq', 4, true);


--
-- Name: inventory_reorder_id_seq; Type: SEQUENCE SET; Schema: public; Owner: postgres
--

SELECT pg_catalog.setval('public.inventory_reorder_id_seq', 65, true);


--
-- Name: inventory_supplier_id_seq; Type: SEQUENCE SET; Schema: public; Owner: postgres
--

SELECT pg_catalog.setval('public.inventory_supplier_id_seq', 1, true);


--
-- Name: inventory_transfer_id_seq; Type: SEQUENCE SET; Schema: public; Owner: postgres
--

SELECT pg_catalog.setval('public.inventory_transfer_id_seq', 5, true);


--
-- Name: inventory_transferitems_id_seq; Type: SEQUENCE SET; Schema: public; Owner: postgres
--

SELECT pg_catalog.setval('public.inventory_transferitems_id_seq', 8, true);


--
-- Name: inventory_unitofmeasurement_id_seq; Type: SEQUENCE SET; Schema: public; Owner: postgres
--

SELECT pg_catalog.setval('public.inventory_unitofmeasurement_id_seq', 9, true);


--
-- Name: settings_modules_id_seq; Type: SEQUENCE SET; Schema: public; Owner: postgres
--

SELECT pg_catalog.setval('public.settings_modules_id_seq', 4, true);


--
-- Name: settings_notificationemails_id_seq; Type: SEQUENCE SET; Schema: public; Owner: postgres
--

SELECT pg_catalog.setval('public.settings_notificationemails_id_seq', 2, true);


--
-- Name: settings_printer_id_seq; Type: SEQUENCE SET; Schema: public; Owner: postgres
--

SELECT pg_catalog.setval('public.settings_printer_id_seq', 1, false);


--
-- Name: users_company_id_seq; Type: SEQUENCE SET; Schema: public; Owner: postgres
--

SELECT pg_catalog.setval('public.users_company_id_seq', 1, true);


--
-- Name: users_user_groups_id_seq; Type: SEQUENCE SET; Schema: public; Owner: postgres
--

SELECT pg_catalog.setval('public.users_user_groups_id_seq', 1, false);


--
-- Name: users_user_id_seq; Type: SEQUENCE SET; Schema: public; Owner: postgres
--

SELECT pg_catalog.setval('public.users_user_id_seq', 9, true);


--
-- Name: users_user_user_permissions_id_seq; Type: SEQUENCE SET; Schema: public; Owner: postgres
--

SELECT pg_catalog.setval('public.users_user_user_permissions_id_seq', 1, false);


--
-- Name: auth_group auth_group_name_key; Type: CONSTRAINT; Schema: public; Owner: postgres
--

ALTER TABLE ONLY public.auth_group
    ADD CONSTRAINT auth_group_name_key UNIQUE (name);


--
-- Name: auth_group_permissions auth_group_permissions_group_id_permission_id_0cd325b0_uniq; Type: CONSTRAINT; Schema: public; Owner: postgres
--

ALTER TABLE ONLY public.auth_group_permissions
    ADD CONSTRAINT auth_group_permissions_group_id_permission_id_0cd325b0_uniq UNIQUE (group_id, permission_id);


--
-- Name: auth_group_permissions auth_group_permissions_pkey; Type: CONSTRAINT; Schema: public; Owner: postgres
--

ALTER TABLE ONLY public.auth_group_permissions
    ADD CONSTRAINT auth_group_permissions_pkey PRIMARY KEY (id);


--
-- Name: auth_group auth_group_pkey; Type: CONSTRAINT; Schema: public; Owner: postgres
--

ALTER TABLE ONLY public.auth_group
    ADD CONSTRAINT auth_group_pkey PRIMARY KEY (id);


--
-- Name: auth_permission auth_permission_content_type_id_codename_01ab375a_uniq; Type: CONSTRAINT; Schema: public; Owner: postgres
--

ALTER TABLE ONLY public.auth_permission
    ADD CONSTRAINT auth_permission_content_type_id_codename_01ab375a_uniq UNIQUE (content_type_id, codename);


--
-- Name: auth_permission auth_permission_pkey; Type: CONSTRAINT; Schema: public; Owner: postgres
--

ALTER TABLE ONLY public.auth_permission
    ADD CONSTRAINT auth_permission_pkey PRIMARY KEY (id);


--
-- Name: django_admin_log django_admin_log_pkey; Type: CONSTRAINT; Schema: public; Owner: postgres
--

ALTER TABLE ONLY public.django_admin_log
    ADD CONSTRAINT django_admin_log_pkey PRIMARY KEY (id);


--
-- Name: django_content_type django_content_type_app_label_model_76bd3d3b_uniq; Type: CONSTRAINT; Schema: public; Owner: postgres
--

ALTER TABLE ONLY public.django_content_type
    ADD CONSTRAINT django_content_type_app_label_model_76bd3d3b_uniq UNIQUE (app_label, model);


--
-- Name: django_content_type django_content_type_pkey; Type: CONSTRAINT; Schema: public; Owner: postgres
--

ALTER TABLE ONLY public.django_content_type
    ADD CONSTRAINT django_content_type_pkey PRIMARY KEY (id);


--
-- Name: django_migrations django_migrations_pkey; Type: CONSTRAINT; Schema: public; Owner: postgres
--

ALTER TABLE ONLY public.django_migrations
    ADD CONSTRAINT django_migrations_pkey PRIMARY KEY (id);


--
-- Name: django_session django_session_pkey; Type: CONSTRAINT; Schema: public; Owner: postgres
--

ALTER TABLE ONLY public.django_session
    ADD CONSTRAINT django_session_pkey PRIMARY KEY (session_key);


--
-- Name: finance_cashbook finance_cashbook_pkey; Type: CONSTRAINT; Schema: public; Owner: postgres
--

ALTER TABLE ONLY public.finance_cashbook
    ADD CONSTRAINT finance_cashbook_pkey PRIMARY KEY (id);


--
-- Name: finance_cashbooknote finance_cashbooknote_pkey; Type: CONSTRAINT; Schema: public; Owner: postgres
--

ALTER TABLE ONLY public.finance_cashbooknote
    ADD CONSTRAINT finance_cashbooknote_pkey PRIMARY KEY (id);


--
-- Name: finance_cashieraccount finance_cashieraccount_pkey; Type: CONSTRAINT; Schema: public; Owner: postgres
--

ALTER TABLE ONLY public.finance_cashieraccount
    ADD CONSTRAINT finance_cashieraccount_pkey PRIMARY KEY (id);


--
-- Name: finance_cashierpayments finance_cashierpayments_pkey; Type: CONSTRAINT; Schema: public; Owner: postgres
--

ALTER TABLE ONLY public.finance_cashierpayments
    ADD CONSTRAINT finance_cashierpayments_pkey PRIMARY KEY (id);


--
-- Name: finance_cashup finance_cashup_pkey; Type: CONSTRAINT; Schema: public; Owner: postgres
--

ALTER TABLE ONLY public.finance_cashup
    ADD CONSTRAINT finance_cashup_pkey PRIMARY KEY (id);


--
-- Name: finance_change finance_change_pkey; Type: CONSTRAINT; Schema: public; Owner: postgres
--

ALTER TABLE ONLY public.finance_change
    ADD CONSTRAINT finance_change_pkey PRIMARY KEY (id);


--
-- Name: finance_cogs finance_cogs_pkey; Type: CONSTRAINT; Schema: public; Owner: postgres
--

ALTER TABLE ONLY public.finance_cogs
    ADD CONSTRAINT finance_cogs_pkey PRIMARY KEY (id);


--
-- Name: finance_emailnotifications finance_emailnotifications_pkey; Type: CONSTRAINT; Schema: public; Owner: postgres
--

ALTER TABLE ONLY public.finance_emailnotifications
    ADD CONSTRAINT finance_emailnotifications_pkey PRIMARY KEY (id);


--
-- Name: finance_expense finance_expense_pkey; Type: CONSTRAINT; Schema: public; Owner: postgres
--

ALTER TABLE ONLY public.finance_expense
    ADD CONSTRAINT finance_expense_pkey PRIMARY KEY (id);


--
-- Name: finance_expensecategory finance_expensecategory_pkey; Type: CONSTRAINT; Schema: public; Owner: postgres
--

ALTER TABLE ONLY public.finance_expensecategory
    ADD CONSTRAINT finance_expensecategory_pkey PRIMARY KEY (id);


--
-- Name: finance_sale finance_sale_pkey; Type: CONSTRAINT; Schema: public; Owner: postgres
--

ALTER TABLE ONLY public.finance_sale
    ADD CONSTRAINT finance_sale_pkey PRIMARY KEY (id);


--
-- Name: finance_saleitem finance_saleitem_pkey; Type: CONSTRAINT; Schema: public; Owner: postgres
--

ALTER TABLE ONLY public.finance_saleitem
    ADD CONSTRAINT finance_saleitem_pkey PRIMARY KEY (id);


--
-- Name: finance_transactionlog finance_transactionlog_pkey; Type: CONSTRAINT; Schema: public; Owner: postgres
--

ALTER TABLE ONLY public.finance_transactionlog
    ADD CONSTRAINT finance_transactionlog_pkey PRIMARY KEY (id);


--
-- Name: inventory_allocatedrawmaterials inventory_allocatedrawmaterials_pkey; Type: CONSTRAINT; Schema: public; Owner: postgres
--

ALTER TABLE ONLY public.inventory_allocatedrawmaterials
    ADD CONSTRAINT inventory_allocatedrawmaterials_pkey PRIMARY KEY (id);


--
-- Name: inventory_category inventory_category_pkey; Type: CONSTRAINT; Schema: public; Owner: postgres
--

ALTER TABLE ONLY public.inventory_category
    ADD CONSTRAINT inventory_category_pkey PRIMARY KEY (id);


--
-- Name: inventory_checklist inventory_checklist_pkey; Type: CONSTRAINT; Schema: public; Owner: postgres
--

ALTER TABLE ONLY public.inventory_checklist
    ADD CONSTRAINT inventory_checklist_pkey PRIMARY KEY (id);


--
-- Name: inventory_dish inventory_dish_pkey; Type: CONSTRAINT; Schema: public; Owner: postgres
--

ALTER TABLE ONLY public.inventory_dish
    ADD CONSTRAINT inventory_dish_pkey PRIMARY KEY (id);


--
-- Name: inventory_endofday inventory_endofday_pkey; Type: CONSTRAINT; Schema: public; Owner: postgres
--

ALTER TABLE ONLY public.inventory_endofday
    ADD CONSTRAINT inventory_endofday_pkey PRIMARY KEY (id);


--
-- Name: inventory_endofdayitems inventory_endofdayitems_pkey; Type: CONSTRAINT; Schema: public; Owner: postgres
--

ALTER TABLE ONLY public.inventory_endofdayitems
    ADD CONSTRAINT inventory_endofdayitems_pkey PRIMARY KEY (id);


--
-- Name: inventory_ingredient inventory_ingredient_pkey; Type: CONSTRAINT; Schema: public; Owner: postgres
--

ALTER TABLE ONLY public.inventory_ingredient
    ADD CONSTRAINT inventory_ingredient_pkey PRIMARY KEY (id);


--
-- Name: inventory_logs inventory_logs_pkey; Type: CONSTRAINT; Schema: public; Owner: postgres
--

ALTER TABLE ONLY public.inventory_logs
    ADD CONSTRAINT inventory_logs_pkey PRIMARY KEY (id);


--
-- Name: inventory_meal_dish inventory_meal_dish_meal_id_dish_id_93da98fe_uniq; Type: CONSTRAINT; Schema: public; Owner: postgres
--

ALTER TABLE ONLY public.inventory_meal_dish
    ADD CONSTRAINT inventory_meal_dish_meal_id_dish_id_93da98fe_uniq UNIQUE (meal_id, dish_id);


--
-- Name: inventory_meal_dish inventory_meal_dish_pkey; Type: CONSTRAINT; Schema: public; Owner: postgres
--

ALTER TABLE ONLY public.inventory_meal_dish
    ADD CONSTRAINT inventory_meal_dish_pkey PRIMARY KEY (id);


--
-- Name: inventory_meal inventory_meal_pkey; Type: CONSTRAINT; Schema: public; Owner: postgres
--

ALTER TABLE ONLY public.inventory_meal
    ADD CONSTRAINT inventory_meal_pkey PRIMARY KEY (id);


--
-- Name: inventory_mealcategory inventory_mealcategory_pkey; Type: CONSTRAINT; Schema: public; Owner: postgres
--

ALTER TABLE ONLY public.inventory_mealcategory
    ADD CONSTRAINT inventory_mealcategory_pkey PRIMARY KEY (id);


--
-- Name: inventory_minorproductionitems inventory_minorproductionitems_pkey; Type: CONSTRAINT; Schema: public; Owner: postgres
--

ALTER TABLE ONLY public.inventory_minorproductionitems
    ADD CONSTRAINT inventory_minorproductionitems_pkey PRIMARY KEY (id);


--
-- Name: inventory_minorrawmaterials inventory_minorrawmaterials_pkey; Type: CONSTRAINT; Schema: public; Owner: postgres
--

ALTER TABLE ONLY public.inventory_minorrawmaterials
    ADD CONSTRAINT inventory_minorrawmaterials_pkey PRIMARY KEY (id);


--
-- Name: inventory_notification inventory_notification_pkey; Type: CONSTRAINT; Schema: public; Owner: postgres
--

ALTER TABLE ONLY public.inventory_notification
    ADD CONSTRAINT inventory_notification_pkey PRIMARY KEY (id);


--
-- Name: inventory_product inventory_product_pkey; Type: CONSTRAINT; Schema: public; Owner: postgres
--

ALTER TABLE ONLY public.inventory_product
    ADD CONSTRAINT inventory_product_pkey PRIMARY KEY (id);


--
-- Name: inventory_production inventory_production_pkey; Type: CONSTRAINT; Schema: public; Owner: postgres
--

ALTER TABLE ONLY public.inventory_production
    ADD CONSTRAINT inventory_production_pkey PRIMARY KEY (id);


--
-- Name: inventory_production inventory_production_production_plan_number_key; Type: CONSTRAINT; Schema: public; Owner: postgres
--

ALTER TABLE ONLY public.inventory_production
    ADD CONSTRAINT inventory_production_production_plan_number_key UNIQUE (production_plan_number);


--
-- Name: inventory_productioninventory inventory_productioninventory_pkey; Type: CONSTRAINT; Schema: public; Owner: postgres
--

ALTER TABLE ONLY public.inventory_productioninventory
    ADD CONSTRAINT inventory_productioninventory_pkey PRIMARY KEY (id);


--
-- Name: inventory_productionitems inventory_productionitems_pkey; Type: CONSTRAINT; Schema: public; Owner: postgres
--

ALTER TABLE ONLY public.inventory_productionitems
    ADD CONSTRAINT inventory_productionitems_pkey PRIMARY KEY (id);


--
-- Name: inventory_productionlogs inventory_productionlogs_pkey; Type: CONSTRAINT; Schema: public; Owner: postgres
--

ALTER TABLE ONLY public.inventory_productionlogs
    ADD CONSTRAINT inventory_productionlogs_pkey PRIMARY KEY (id);


--
-- Name: inventory_productionrawmaterials inventory_productionrawmaterials_pkey; Type: CONSTRAINT; Schema: public; Owner: postgres
--

ALTER TABLE ONLY public.inventory_productionrawmaterials
    ADD CONSTRAINT inventory_productionrawmaterials_pkey PRIMARY KEY (id);


--
-- Name: inventory_purchaseorder inventory_purchaseorder_order_number_key; Type: CONSTRAINT; Schema: public; Owner: postgres
--

ALTER TABLE ONLY public.inventory_purchaseorder
    ADD CONSTRAINT inventory_purchaseorder_order_number_key UNIQUE (order_number);


--
-- Name: inventory_purchaseorder inventory_purchaseorder_pkey; Type: CONSTRAINT; Schema: public; Owner: postgres
--

ALTER TABLE ONLY public.inventory_purchaseorder
    ADD CONSTRAINT inventory_purchaseorder_pkey PRIMARY KEY (id);


--
-- Name: inventory_purchaseorderitem inventory_purchaseorderitem_pkey; Type: CONSTRAINT; Schema: public; Owner: postgres
--

ALTER TABLE ONLY public.inventory_purchaseorderitem
    ADD CONSTRAINT inventory_purchaseorderitem_pkey PRIMARY KEY (id);


--
-- Name: inventory_reorder inventory_reorder_pkey; Type: CONSTRAINT; Schema: public; Owner: postgres
--

ALTER TABLE ONLY public.inventory_reorder
    ADD CONSTRAINT inventory_reorder_pkey PRIMARY KEY (id);


--
-- Name: inventory_supplier inventory_supplier_pkey; Type: CONSTRAINT; Schema: public; Owner: postgres
--

ALTER TABLE ONLY public.inventory_supplier
    ADD CONSTRAINT inventory_supplier_pkey PRIMARY KEY (id);


--
-- Name: inventory_transfer inventory_transfer_pkey; Type: CONSTRAINT; Schema: public; Owner: postgres
--

ALTER TABLE ONLY public.inventory_transfer
    ADD CONSTRAINT inventory_transfer_pkey PRIMARY KEY (id);


--
-- Name: inventory_transfer inventory_transfer_transfer_number_key; Type: CONSTRAINT; Schema: public; Owner: postgres
--

ALTER TABLE ONLY public.inventory_transfer
    ADD CONSTRAINT inventory_transfer_transfer_number_key UNIQUE (transfer_number);


--
-- Name: inventory_transferitems inventory_transferitems_pkey; Type: CONSTRAINT; Schema: public; Owner: postgres
--

ALTER TABLE ONLY public.inventory_transferitems
    ADD CONSTRAINT inventory_transferitems_pkey PRIMARY KEY (id);


--
-- Name: inventory_unitofmeasurement inventory_unitofmeasurement_pkey; Type: CONSTRAINT; Schema: public; Owner: postgres
--

ALTER TABLE ONLY public.inventory_unitofmeasurement
    ADD CONSTRAINT inventory_unitofmeasurement_pkey PRIMARY KEY (id);


--
-- Name: settings_modules settings_modules_pkey; Type: CONSTRAINT; Schema: public; Owner: postgres
--

ALTER TABLE ONLY public.settings_modules
    ADD CONSTRAINT settings_modules_pkey PRIMARY KEY (id);


--
-- Name: settings_notificationemails settings_notificationemails_pkey; Type: CONSTRAINT; Schema: public; Owner: postgres
--

ALTER TABLE ONLY public.settings_notificationemails
    ADD CONSTRAINT settings_notificationemails_pkey PRIMARY KEY (id);


--
-- Name: settings_printer settings_printer_pkey; Type: CONSTRAINT; Schema: public; Owner: postgres
--

ALTER TABLE ONLY public.settings_printer
    ADD CONSTRAINT settings_printer_pkey PRIMARY KEY (id);


--
-- Name: users_company users_company_pkey; Type: CONSTRAINT; Schema: public; Owner: postgres
--

ALTER TABLE ONLY public.users_company
    ADD CONSTRAINT users_company_pkey PRIMARY KEY (id);


--
-- Name: users_user_groups users_user_groups_pkey; Type: CONSTRAINT; Schema: public; Owner: postgres
--

ALTER TABLE ONLY public.users_user_groups
    ADD CONSTRAINT users_user_groups_pkey PRIMARY KEY (id);


--
-- Name: users_user_groups users_user_groups_user_id_group_id_b88eab82_uniq; Type: CONSTRAINT; Schema: public; Owner: postgres
--

ALTER TABLE ONLY public.users_user_groups
    ADD CONSTRAINT users_user_groups_user_id_group_id_b88eab82_uniq UNIQUE (user_id, group_id);


--
-- Name: users_user users_user_pkey; Type: CONSTRAINT; Schema: public; Owner: postgres
--

ALTER TABLE ONLY public.users_user
    ADD CONSTRAINT users_user_pkey PRIMARY KEY (id);


--
-- Name: users_user_user_permissions users_user_user_permissions_pkey; Type: CONSTRAINT; Schema: public; Owner: postgres
--

ALTER TABLE ONLY public.users_user_user_permissions
    ADD CONSTRAINT users_user_user_permissions_pkey PRIMARY KEY (id);


--
-- Name: users_user_user_permissions users_user_user_permissions_user_id_permission_id_43338c45_uniq; Type: CONSTRAINT; Schema: public; Owner: postgres
--

ALTER TABLE ONLY public.users_user_user_permissions
    ADD CONSTRAINT users_user_user_permissions_user_id_permission_id_43338c45_uniq UNIQUE (user_id, permission_id);


--
-- Name: users_user users_user_username_key; Type: CONSTRAINT; Schema: public; Owner: postgres
--

ALTER TABLE ONLY public.users_user
    ADD CONSTRAINT users_user_username_key UNIQUE (username);


--
-- Name: auth_group_name_a6ea08ec_like; Type: INDEX; Schema: public; Owner: postgres
--

CREATE INDEX auth_group_name_a6ea08ec_like ON public.auth_group USING btree (name varchar_pattern_ops);


--
-- Name: auth_group_permissions_group_id_b120cbf9; Type: INDEX; Schema: public; Owner: postgres
--

CREATE INDEX auth_group_permissions_group_id_b120cbf9 ON public.auth_group_permissions USING btree (group_id);


--
-- Name: auth_group_permissions_permission_id_84c5c92e; Type: INDEX; Schema: public; Owner: postgres
--

CREATE INDEX auth_group_permissions_permission_id_84c5c92e ON public.auth_group_permissions USING btree (permission_id);


--
-- Name: auth_permission_content_type_id_2f476e4b; Type: INDEX; Schema: public; Owner: postgres
--

CREATE INDEX auth_permission_content_type_id_2f476e4b ON public.auth_permission USING btree (content_type_id);


--
-- Name: django_admin_log_content_type_id_c4bce8eb; Type: INDEX; Schema: public; Owner: postgres
--

CREATE INDEX django_admin_log_content_type_id_c4bce8eb ON public.django_admin_log USING btree (content_type_id);


--
-- Name: django_admin_log_user_id_c564eba6; Type: INDEX; Schema: public; Owner: postgres
--

CREATE INDEX django_admin_log_user_id_c564eba6 ON public.django_admin_log USING btree (user_id);


--
-- Name: django_session_expire_date_a5c62663; Type: INDEX; Schema: public; Owner: postgres
--

CREATE INDEX django_session_expire_date_a5c62663 ON public.django_session USING btree (expire_date);


--
-- Name: django_session_session_key_c0390e0f_like; Type: INDEX; Schema: public; Owner: postgres
--

CREATE INDEX django_session_session_key_c0390e0f_like ON public.django_session USING btree (session_key varchar_pattern_ops);


--
-- Name: finance_cashbook_expense_id_df9c84df; Type: INDEX; Schema: public; Owner: postgres
--

CREATE INDEX finance_cashbook_expense_id_df9c84df ON public.finance_cashbook USING btree (expense_id);


--
-- Name: finance_cashbook_sale_id_51fb4424; Type: INDEX; Schema: public; Owner: postgres
--

CREATE INDEX finance_cashbook_sale_id_51fb4424 ON public.finance_cashbook USING btree (sale_id);


--
-- Name: finance_cashbooknote_entry_id_834593df; Type: INDEX; Schema: public; Owner: postgres
--

CREATE INDEX finance_cashbooknote_entry_id_834593df ON public.finance_cashbooknote USING btree (entry_id);


--
-- Name: finance_cashbooknote_user_id_671564d3; Type: INDEX; Schema: public; Owner: postgres
--

CREATE INDEX finance_cashbooknote_user_id_671564d3 ON public.finance_cashbooknote USING btree (user_id);


--
-- Name: finance_cashieraccount_cash_up_id_dac11555; Type: INDEX; Schema: public; Owner: postgres
--

CREATE INDEX finance_cashieraccount_cash_up_id_dac11555 ON public.finance_cashieraccount USING btree (cash_up_id);


--
-- Name: finance_cashieraccount_cashier_id_dcee8d55; Type: INDEX; Schema: public; Owner: postgres
--

CREATE INDEX finance_cashieraccount_cashier_id_dcee8d55 ON public.finance_cashieraccount USING btree (cashier_id);


--
-- Name: finance_cashierpayments_cashier_id_229b35b4; Type: INDEX; Schema: public; Owner: postgres
--

CREATE INDEX finance_cashierpayments_cashier_id_229b35b4 ON public.finance_cashierpayments USING btree (cashier_id);


--
-- Name: finance_cashup_cashier_id_6567cd4b; Type: INDEX; Schema: public; Owner: postgres
--

CREATE INDEX finance_cashup_cashier_id_6567cd4b ON public.finance_cashup USING btree (cashier_id);


--
-- Name: finance_cashup_user_id_0cc64822; Type: INDEX; Schema: public; Owner: postgres
--

CREATE INDEX finance_cashup_user_id_0cc64822 ON public.finance_cashup USING btree (user_id);


--
-- Name: finance_change_cashier_id_99c0d716; Type: INDEX; Schema: public; Owner: postgres
--

CREATE INDEX finance_change_cashier_id_99c0d716 ON public.finance_change USING btree (cashier_id);


--
-- Name: finance_change_sale_id_2f68ffc6; Type: INDEX; Schema: public; Owner: postgres
--

CREATE INDEX finance_change_sale_id_2f68ffc6 ON public.finance_change USING btree (sale_id);


--
-- Name: finance_cogs_production_id_481e0de1; Type: INDEX; Schema: public; Owner: postgres
--

CREATE INDEX finance_cogs_production_id_481e0de1 ON public.finance_cogs USING btree (production_id);


--
-- Name: finance_expense_category_id_19b015b6; Type: INDEX; Schema: public; Owner: postgres
--

CREATE INDEX finance_expense_category_id_19b015b6 ON public.finance_expense USING btree (category_id);


--
-- Name: finance_expense_user_id_077c4557; Type: INDEX; Schema: public; Owner: postgres
--

CREATE INDEX finance_expense_user_id_077c4557 ON public.finance_expense USING btree (user_id);


--
-- Name: finance_sale_cashier_id_3eeebe77; Type: INDEX; Schema: public; Owner: postgres
--

CREATE INDEX finance_sale_cashier_id_3eeebe77 ON public.finance_sale USING btree (cashier_id);


--
-- Name: finance_saleitem_dish_id_8e8e2cef; Type: INDEX; Schema: public; Owner: postgres
--

CREATE INDEX finance_saleitem_dish_id_8e8e2cef ON public.finance_saleitem USING btree (dish_id);


--
-- Name: finance_saleitem_meal_id_7a7364d9; Type: INDEX; Schema: public; Owner: postgres
--

CREATE INDEX finance_saleitem_meal_id_7a7364d9 ON public.finance_saleitem USING btree (meal_id);


--
-- Name: finance_saleitem_product_id_c908705e; Type: INDEX; Schema: public; Owner: postgres
--

CREATE INDEX finance_saleitem_product_id_c908705e ON public.finance_saleitem USING btree (product_id);


--
-- Name: finance_saleitem_sale_id_302a8e79; Type: INDEX; Schema: public; Owner: postgres
--

CREATE INDEX finance_saleitem_sale_id_302a8e79 ON public.finance_saleitem USING btree (sale_id);


--
-- Name: finance_transactionlog_expense_id_8eaf496a; Type: INDEX; Schema: public; Owner: postgres
--

CREATE INDEX finance_transactionlog_expense_id_8eaf496a ON public.finance_transactionlog USING btree (expense_id);


--
-- Name: finance_transactionlog_sale_id_d30291d9; Type: INDEX; Schema: public; Owner: postgres
--

CREATE INDEX finance_transactionlog_sale_id_d30291d9 ON public.finance_transactionlog USING btree (sale_id);


--
-- Name: inventory_allocatedrawmaterials_production_id_def78478; Type: INDEX; Schema: public; Owner: postgres
--

CREATE INDEX inventory_allocatedrawmaterials_production_id_def78478 ON public.inventory_allocatedrawmaterials USING btree (production_id);


--
-- Name: inventory_allocatedrawmaterials_raw_material_id_3f77b350; Type: INDEX; Schema: public; Owner: postgres
--

CREATE INDEX inventory_allocatedrawmaterials_raw_material_id_3f77b350 ON public.inventory_allocatedrawmaterials USING btree (raw_material_id);


--
-- Name: inventory_checklist_product_id_510ee50e; Type: INDEX; Schema: public; Owner: postgres
--

CREATE INDEX inventory_checklist_product_id_510ee50e ON public.inventory_checklist USING btree (product_id);


--
-- Name: inventory_endofdayitems_end_of_day_id_2e4dee39; Type: INDEX; Schema: public; Owner: postgres
--

CREATE INDEX inventory_endofdayitems_end_of_day_id_2e4dee39 ON public.inventory_endofdayitems USING btree (end_of_day_id);


--
-- Name: inventory_ingredient_dish_id_89fb1112; Type: INDEX; Schema: public; Owner: postgres
--

CREATE INDEX inventory_ingredient_dish_id_89fb1112 ON public.inventory_ingredient USING btree (dish_id);


--
-- Name: inventory_ingredient_raw_material_id_76c4ab31; Type: INDEX; Schema: public; Owner: postgres
--

CREATE INDEX inventory_ingredient_raw_material_id_76c4ab31 ON public.inventory_ingredient USING btree (raw_material_id);


--
-- Name: inventory_logs_product_id_dfd97577; Type: INDEX; Schema: public; Owner: postgres
--

CREATE INDEX inventory_logs_product_id_dfd97577 ON public.inventory_logs USING btree (product_id);


--
-- Name: inventory_logs_purchase_order_id_e0370946; Type: INDEX; Schema: public; Owner: postgres
--

CREATE INDEX inventory_logs_purchase_order_id_e0370946 ON public.inventory_logs USING btree (purchase_order_id);


--
-- Name: inventory_logs_sale_id_a4c8c401; Type: INDEX; Schema: public; Owner: postgres
--

CREATE INDEX inventory_logs_sale_id_a4c8c401 ON public.inventory_logs USING btree (sale_id);


--
-- Name: inventory_logs_user_id_0f9eca24; Type: INDEX; Schema: public; Owner: postgres
--

CREATE INDEX inventory_logs_user_id_0f9eca24 ON public.inventory_logs USING btree (user_id);


--
-- Name: inventory_meal_category_id_f736679e; Type: INDEX; Schema: public; Owner: postgres
--

CREATE INDEX inventory_meal_category_id_f736679e ON public.inventory_meal USING btree (category_id);


--
-- Name: inventory_meal_dish_dish_id_04592448; Type: INDEX; Schema: public; Owner: postgres
--

CREATE INDEX inventory_meal_dish_dish_id_04592448 ON public.inventory_meal_dish USING btree (dish_id);


--
-- Name: inventory_meal_dish_meal_id_f60ef9cb; Type: INDEX; Schema: public; Owner: postgres
--

CREATE INDEX inventory_meal_dish_meal_id_f60ef9cb ON public.inventory_meal_dish USING btree (meal_id);


--
-- Name: inventory_minorproductionitems_minor_raw_material_id_0e13f01b; Type: INDEX; Schema: public; Owner: postgres
--

CREATE INDEX inventory_minorproductionitems_minor_raw_material_id_0e13f01b ON public.inventory_minorproductionitems USING btree (minor_raw_material_id);


--
-- Name: inventory_minorproductionitems_production_id_ae18c9b0; Type: INDEX; Schema: public; Owner: postgres
--

CREATE INDEX inventory_minorproductionitems_production_id_ae18c9b0 ON public.inventory_minorproductionitems USING btree (production_id);


--
-- Name: inventory_minorrawmaterials_raw_material_id_25c78a2d; Type: INDEX; Schema: public; Owner: postgres
--

CREATE INDEX inventory_minorrawmaterials_raw_material_id_25c78a2d ON public.inventory_minorrawmaterials USING btree (raw_material_id);


--
-- Name: inventory_notification_expense_id_92c6bac6; Type: INDEX; Schema: public; Owner: postgres
--

CREATE INDEX inventory_notification_expense_id_92c6bac6 ON public.inventory_notification USING btree (expense_id);


--
-- Name: inventory_notification_product_id_321ca191; Type: INDEX; Schema: public; Owner: postgres
--

CREATE INDEX inventory_notification_product_id_321ca191 ON public.inventory_notification USING btree (product_id);


--
-- Name: inventory_notification_production_id_e50c8294; Type: INDEX; Schema: public; Owner: postgres
--

CREATE INDEX inventory_notification_production_id_e50c8294 ON public.inventory_notification USING btree (production_id);


--
-- Name: inventory_product_category_id_c907876e; Type: INDEX; Schema: public; Owner: postgres
--

CREATE INDEX inventory_product_category_id_c907876e ON public.inventory_product USING btree (category_id);


--
-- Name: inventory_product_unit_id_be442e64; Type: INDEX; Schema: public; Owner: postgres
--

CREATE INDEX inventory_product_unit_id_be442e64 ON public.inventory_product USING btree (unit_id);


--
-- Name: inventory_production_production_plan_number_4b2a5af8_like; Type: INDEX; Schema: public; Owner: postgres
--

CREATE INDEX inventory_production_production_plan_number_4b2a5af8_like ON public.inventory_production USING btree (production_plan_number varchar_pattern_ops);


--
-- Name: inventory_productioninventory_raw_material_id_4c18d18f; Type: INDEX; Schema: public; Owner: postgres
--

CREATE INDEX inventory_productioninventory_raw_material_id_4c18d18f ON public.inventory_productioninventory USING btree (raw_material_id);


--
-- Name: inventory_productionitems_dish_id_6ce621ef; Type: INDEX; Schema: public; Owner: postgres
--

CREATE INDEX inventory_productionitems_dish_id_6ce621ef ON public.inventory_productionitems USING btree (dish_id);


--
-- Name: inventory_productionitems_production_id_d05b8aa9; Type: INDEX; Schema: public; Owner: postgres
--

CREATE INDEX inventory_productionitems_production_id_d05b8aa9 ON public.inventory_productionitems USING btree (production_id);


--
-- Name: inventory_productionlogs_product_id_d9ffcc6f; Type: INDEX; Schema: public; Owner: postgres
--

CREATE INDEX inventory_productionlogs_product_id_d9ffcc6f ON public.inventory_productionlogs USING btree (product_id);


--
-- Name: inventory_productionlogs_user_id_acfc3182; Type: INDEX; Schema: public; Owner: postgres
--

CREATE INDEX inventory_productionlogs_user_id_acfc3182 ON public.inventory_productionlogs USING btree (user_id);


--
-- Name: inventory_productionrawmaterials_product_id_8185946c; Type: INDEX; Schema: public; Owner: postgres
--

CREATE INDEX inventory_productionrawmaterials_product_id_8185946c ON public.inventory_productionrawmaterials USING btree (product_id);


--
-- Name: inventory_purchaseorder_order_number_d539b9a4_like; Type: INDEX; Schema: public; Owner: postgres
--

CREATE INDEX inventory_purchaseorder_order_number_d539b9a4_like ON public.inventory_purchaseorder USING btree (order_number varchar_pattern_ops);


--
-- Name: inventory_purchaseorder_supplier_id_c6bc28e9; Type: INDEX; Schema: public; Owner: postgres
--

CREATE INDEX inventory_purchaseorder_supplier_id_c6bc28e9 ON public.inventory_purchaseorder USING btree (supplier_id);


--
-- Name: inventory_purchaseorderitem_product_id_187e017a; Type: INDEX; Schema: public; Owner: postgres
--

CREATE INDEX inventory_purchaseorderitem_product_id_187e017a ON public.inventory_purchaseorderitem USING btree (product_id);


--
-- Name: inventory_purchaseorderitem_purchase_order_id_af9dd3c5; Type: INDEX; Schema: public; Owner: postgres
--

CREATE INDEX inventory_purchaseorderitem_purchase_order_id_af9dd3c5 ON public.inventory_purchaseorderitem USING btree (purchase_order_id);


--
-- Name: inventory_reorder_product_id_6fcaca8a; Type: INDEX; Schema: public; Owner: postgres
--

CREATE INDEX inventory_reorder_product_id_6fcaca8a ON public.inventory_reorder USING btree (product_id);


--
-- Name: inventory_transfer_transfer_number_58c8cb65_like; Type: INDEX; Schema: public; Owner: postgres
--

CREATE INDEX inventory_transfer_transfer_number_58c8cb65_like ON public.inventory_transfer USING btree (transfer_number varchar_pattern_ops);


--
-- Name: inventory_transferitems_product_id_c49af3bc; Type: INDEX; Schema: public; Owner: postgres
--

CREATE INDEX inventory_transferitems_product_id_c49af3bc ON public.inventory_transferitems USING btree (product_id);


--
-- Name: inventory_transferitems_transfer_id_74837123; Type: INDEX; Schema: public; Owner: postgres
--

CREATE INDEX inventory_transferitems_transfer_id_74837123 ON public.inventory_transferitems USING btree (transfer_id);


--
-- Name: settings_notificationemails_module_id_03b2713f; Type: INDEX; Schema: public; Owner: postgres
--

CREATE INDEX settings_notificationemails_module_id_03b2713f ON public.settings_notificationemails USING btree (module_id);


--
-- Name: users_user_company_id_14799323; Type: INDEX; Schema: public; Owner: postgres
--

CREATE INDEX users_user_company_id_14799323 ON public.users_user USING btree (company_id);


--
-- Name: users_user_groups_group_id_9afc8d0e; Type: INDEX; Schema: public; Owner: postgres
--

CREATE INDEX users_user_groups_group_id_9afc8d0e ON public.users_user_groups USING btree (group_id);


--
-- Name: users_user_groups_user_id_5f6f5a90; Type: INDEX; Schema: public; Owner: postgres
--

CREATE INDEX users_user_groups_user_id_5f6f5a90 ON public.users_user_groups USING btree (user_id);


--
-- Name: users_user_user_permissions_permission_id_0b93982e; Type: INDEX; Schema: public; Owner: postgres
--

CREATE INDEX users_user_user_permissions_permission_id_0b93982e ON public.users_user_user_permissions USING btree (permission_id);


--
-- Name: users_user_user_permissions_user_id_20aca447; Type: INDEX; Schema: public; Owner: postgres
--

CREATE INDEX users_user_user_permissions_user_id_20aca447 ON public.users_user_user_permissions USING btree (user_id);


--
-- Name: users_user_username_06e46fe6_like; Type: INDEX; Schema: public; Owner: postgres
--

CREATE INDEX users_user_username_06e46fe6_like ON public.users_user USING btree (username varchar_pattern_ops);


--
-- Name: auth_group_permissions auth_group_permissio_permission_id_84c5c92e_fk_auth_perm; Type: FK CONSTRAINT; Schema: public; Owner: postgres
--

ALTER TABLE ONLY public.auth_group_permissions
    ADD CONSTRAINT auth_group_permissio_permission_id_84c5c92e_fk_auth_perm FOREIGN KEY (permission_id) REFERENCES public.auth_permission(id) DEFERRABLE INITIALLY DEFERRED;


--
-- Name: auth_group_permissions auth_group_permissions_group_id_b120cbf9_fk_auth_group_id; Type: FK CONSTRAINT; Schema: public; Owner: postgres
--

ALTER TABLE ONLY public.auth_group_permissions
    ADD CONSTRAINT auth_group_permissions_group_id_b120cbf9_fk_auth_group_id FOREIGN KEY (group_id) REFERENCES public.auth_group(id) DEFERRABLE INITIALLY DEFERRED;


--
-- Name: auth_permission auth_permission_content_type_id_2f476e4b_fk_django_co; Type: FK CONSTRAINT; Schema: public; Owner: postgres
--

ALTER TABLE ONLY public.auth_permission
    ADD CONSTRAINT auth_permission_content_type_id_2f476e4b_fk_django_co FOREIGN KEY (content_type_id) REFERENCES public.django_content_type(id) DEFERRABLE INITIALLY DEFERRED;


--
-- Name: django_admin_log django_admin_log_content_type_id_c4bce8eb_fk_django_co; Type: FK CONSTRAINT; Schema: public; Owner: postgres
--

ALTER TABLE ONLY public.django_admin_log
    ADD CONSTRAINT django_admin_log_content_type_id_c4bce8eb_fk_django_co FOREIGN KEY (content_type_id) REFERENCES public.django_content_type(id) DEFERRABLE INITIALLY DEFERRED;


--
-- Name: django_admin_log django_admin_log_user_id_c564eba6_fk_users_user_id; Type: FK CONSTRAINT; Schema: public; Owner: postgres
--

ALTER TABLE ONLY public.django_admin_log
    ADD CONSTRAINT django_admin_log_user_id_c564eba6_fk_users_user_id FOREIGN KEY (user_id) REFERENCES public.users_user(id) DEFERRABLE INITIALLY DEFERRED;


--
-- Name: finance_cashbook finance_cashbook_expense_id_df9c84df_fk_finance_expense_id; Type: FK CONSTRAINT; Schema: public; Owner: postgres
--

ALTER TABLE ONLY public.finance_cashbook
    ADD CONSTRAINT finance_cashbook_expense_id_df9c84df_fk_finance_expense_id FOREIGN KEY (expense_id) REFERENCES public.finance_expense(id) DEFERRABLE INITIALLY DEFERRED;


--
-- Name: finance_cashbook finance_cashbook_sale_id_51fb4424_fk_finance_sale_id; Type: FK CONSTRAINT; Schema: public; Owner: postgres
--

ALTER TABLE ONLY public.finance_cashbook
    ADD CONSTRAINT finance_cashbook_sale_id_51fb4424_fk_finance_sale_id FOREIGN KEY (sale_id) REFERENCES public.finance_sale(id) DEFERRABLE INITIALLY DEFERRED;


--
-- Name: finance_cashbooknote finance_cashbooknote_entry_id_834593df_fk_finance_cashbook_id; Type: FK CONSTRAINT; Schema: public; Owner: postgres
--

ALTER TABLE ONLY public.finance_cashbooknote
    ADD CONSTRAINT finance_cashbooknote_entry_id_834593df_fk_finance_cashbook_id FOREIGN KEY (entry_id) REFERENCES public.finance_cashbook(id) DEFERRABLE INITIALLY DEFERRED;


--
-- Name: finance_cashbooknote finance_cashbooknote_user_id_671564d3_fk_users_user_id; Type: FK CONSTRAINT; Schema: public; Owner: postgres
--

ALTER TABLE ONLY public.finance_cashbooknote
    ADD CONSTRAINT finance_cashbooknote_user_id_671564d3_fk_users_user_id FOREIGN KEY (user_id) REFERENCES public.users_user(id) DEFERRABLE INITIALLY DEFERRED;


--
-- Name: finance_cashieraccount finance_cashieraccount_cash_up_id_dac11555_fk_finance_cashup_id; Type: FK CONSTRAINT; Schema: public; Owner: postgres
--

ALTER TABLE ONLY public.finance_cashieraccount
    ADD CONSTRAINT finance_cashieraccount_cash_up_id_dac11555_fk_finance_cashup_id FOREIGN KEY (cash_up_id) REFERENCES public.finance_cashup(id) DEFERRABLE INITIALLY DEFERRED;


--
-- Name: finance_cashieraccount finance_cashieraccount_cashier_id_dcee8d55_fk_users_user_id; Type: FK CONSTRAINT; Schema: public; Owner: postgres
--

ALTER TABLE ONLY public.finance_cashieraccount
    ADD CONSTRAINT finance_cashieraccount_cashier_id_dcee8d55_fk_users_user_id FOREIGN KEY (cashier_id) REFERENCES public.users_user(id) DEFERRABLE INITIALLY DEFERRED;


--
-- Name: finance_cashierpayments finance_cashierpayments_cashier_id_229b35b4_fk_users_user_id; Type: FK CONSTRAINT; Schema: public; Owner: postgres
--

ALTER TABLE ONLY public.finance_cashierpayments
    ADD CONSTRAINT finance_cashierpayments_cashier_id_229b35b4_fk_users_user_id FOREIGN KEY (cashier_id) REFERENCES public.users_user(id) DEFERRABLE INITIALLY DEFERRED;


--
-- Name: finance_cashup finance_cashup_cashier_id_6567cd4b_fk_users_user_id; Type: FK CONSTRAINT; Schema: public; Owner: postgres
--

ALTER TABLE ONLY public.finance_cashup
    ADD CONSTRAINT finance_cashup_cashier_id_6567cd4b_fk_users_user_id FOREIGN KEY (cashier_id) REFERENCES public.users_user(id) DEFERRABLE INITIALLY DEFERRED;


--
-- Name: finance_cashup finance_cashup_user_id_0cc64822_fk_users_user_id; Type: FK CONSTRAINT; Schema: public; Owner: postgres
--

ALTER TABLE ONLY public.finance_cashup
    ADD CONSTRAINT finance_cashup_user_id_0cc64822_fk_users_user_id FOREIGN KEY (user_id) REFERENCES public.users_user(id) DEFERRABLE INITIALLY DEFERRED;


--
-- Name: finance_change finance_change_cashier_id_99c0d716_fk_users_user_id; Type: FK CONSTRAINT; Schema: public; Owner: postgres
--

ALTER TABLE ONLY public.finance_change
    ADD CONSTRAINT finance_change_cashier_id_99c0d716_fk_users_user_id FOREIGN KEY (cashier_id) REFERENCES public.users_user(id) DEFERRABLE INITIALLY DEFERRED;


--
-- Name: finance_change finance_change_sale_id_2f68ffc6_fk_finance_sale_id; Type: FK CONSTRAINT; Schema: public; Owner: postgres
--

ALTER TABLE ONLY public.finance_change
    ADD CONSTRAINT finance_change_sale_id_2f68ffc6_fk_finance_sale_id FOREIGN KEY (sale_id) REFERENCES public.finance_sale(id) DEFERRABLE INITIALLY DEFERRED;


--
-- Name: finance_cogs finance_cogs_production_id_481e0de1_fk_inventory_production_id; Type: FK CONSTRAINT; Schema: public; Owner: postgres
--

ALTER TABLE ONLY public.finance_cogs
    ADD CONSTRAINT finance_cogs_production_id_481e0de1_fk_inventory_production_id FOREIGN KEY (production_id) REFERENCES public.inventory_production(id) DEFERRABLE INITIALLY DEFERRED;


--
-- Name: finance_expense finance_expense_category_id_19b015b6_fk_finance_e; Type: FK CONSTRAINT; Schema: public; Owner: postgres
--

ALTER TABLE ONLY public.finance_expense
    ADD CONSTRAINT finance_expense_category_id_19b015b6_fk_finance_e FOREIGN KEY (category_id) REFERENCES public.finance_expensecategory(id) DEFERRABLE INITIALLY DEFERRED;


--
-- Name: finance_expense finance_expense_user_id_077c4557_fk_users_user_id; Type: FK CONSTRAINT; Schema: public; Owner: postgres
--

ALTER TABLE ONLY public.finance_expense
    ADD CONSTRAINT finance_expense_user_id_077c4557_fk_users_user_id FOREIGN KEY (user_id) REFERENCES public.users_user(id) DEFERRABLE INITIALLY DEFERRED;


--
-- Name: finance_sale finance_sale_cashier_id_3eeebe77_fk_users_user_id; Type: FK CONSTRAINT; Schema: public; Owner: postgres
--

ALTER TABLE ONLY public.finance_sale
    ADD CONSTRAINT finance_sale_cashier_id_3eeebe77_fk_users_user_id FOREIGN KEY (cashier_id) REFERENCES public.users_user(id) DEFERRABLE INITIALLY DEFERRED;


--
-- Name: finance_saleitem finance_saleitem_dish_id_8e8e2cef_fk_inventory_dish_id; Type: FK CONSTRAINT; Schema: public; Owner: postgres
--

ALTER TABLE ONLY public.finance_saleitem
    ADD CONSTRAINT finance_saleitem_dish_id_8e8e2cef_fk_inventory_dish_id FOREIGN KEY (dish_id) REFERENCES public.inventory_dish(id) DEFERRABLE INITIALLY DEFERRED;


--
-- Name: finance_saleitem finance_saleitem_meal_id_7a7364d9_fk_inventory_meal_id; Type: FK CONSTRAINT; Schema: public; Owner: postgres
--

ALTER TABLE ONLY public.finance_saleitem
    ADD CONSTRAINT finance_saleitem_meal_id_7a7364d9_fk_inventory_meal_id FOREIGN KEY (meal_id) REFERENCES public.inventory_meal(id) DEFERRABLE INITIALLY DEFERRED;


--
-- Name: finance_saleitem finance_saleitem_product_id_c908705e_fk_inventory_product_id; Type: FK CONSTRAINT; Schema: public; Owner: postgres
--

ALTER TABLE ONLY public.finance_saleitem
    ADD CONSTRAINT finance_saleitem_product_id_c908705e_fk_inventory_product_id FOREIGN KEY (product_id) REFERENCES public.inventory_product(id) DEFERRABLE INITIALLY DEFERRED;


--
-- Name: finance_saleitem finance_saleitem_sale_id_302a8e79_fk_finance_sale_id; Type: FK CONSTRAINT; Schema: public; Owner: postgres
--

ALTER TABLE ONLY public.finance_saleitem
    ADD CONSTRAINT finance_saleitem_sale_id_302a8e79_fk_finance_sale_id FOREIGN KEY (sale_id) REFERENCES public.finance_sale(id) DEFERRABLE INITIALLY DEFERRED;


--
-- Name: finance_transactionlog finance_transactionl_expense_id_8eaf496a_fk_finance_e; Type: FK CONSTRAINT; Schema: public; Owner: postgres
--

ALTER TABLE ONLY public.finance_transactionlog
    ADD CONSTRAINT finance_transactionl_expense_id_8eaf496a_fk_finance_e FOREIGN KEY (expense_id) REFERENCES public.finance_expense(id) DEFERRABLE INITIALLY DEFERRED;


--
-- Name: finance_transactionlog finance_transactionlog_sale_id_d30291d9_fk_finance_sale_id; Type: FK CONSTRAINT; Schema: public; Owner: postgres
--

ALTER TABLE ONLY public.finance_transactionlog
    ADD CONSTRAINT finance_transactionlog_sale_id_d30291d9_fk_finance_sale_id FOREIGN KEY (sale_id) REFERENCES public.finance_sale(id) DEFERRABLE INITIALLY DEFERRED;


--
-- Name: inventory_allocatedrawmaterials inventory_allocatedr_production_id_def78478_fk_inventory; Type: FK CONSTRAINT; Schema: public; Owner: postgres
--

ALTER TABLE ONLY public.inventory_allocatedrawmaterials
    ADD CONSTRAINT inventory_allocatedr_production_id_def78478_fk_inventory FOREIGN KEY (production_id) REFERENCES public.inventory_production(id) DEFERRABLE INITIALLY DEFERRED;


--
-- Name: inventory_allocatedrawmaterials inventory_allocatedr_raw_material_id_3f77b350_fk_inventory; Type: FK CONSTRAINT; Schema: public; Owner: postgres
--

ALTER TABLE ONLY public.inventory_allocatedrawmaterials
    ADD CONSTRAINT inventory_allocatedr_raw_material_id_3f77b350_fk_inventory FOREIGN KEY (raw_material_id) REFERENCES public.inventory_product(id) DEFERRABLE INITIALLY DEFERRED;


--
-- Name: inventory_checklist inventory_checklist_product_id_510ee50e_fk_inventory_product_id; Type: FK CONSTRAINT; Schema: public; Owner: postgres
--

ALTER TABLE ONLY public.inventory_checklist
    ADD CONSTRAINT inventory_checklist_product_id_510ee50e_fk_inventory_product_id FOREIGN KEY (product_id) REFERENCES public.inventory_product(id) DEFERRABLE INITIALLY DEFERRED;


--
-- Name: inventory_endofdayitems inventory_endofdayit_end_of_day_id_2e4dee39_fk_inventory; Type: FK CONSTRAINT; Schema: public; Owner: postgres
--

ALTER TABLE ONLY public.inventory_endofdayitems
    ADD CONSTRAINT inventory_endofdayit_end_of_day_id_2e4dee39_fk_inventory FOREIGN KEY (end_of_day_id) REFERENCES public.inventory_endofday(id) DEFERRABLE INITIALLY DEFERRED;


--
-- Name: inventory_ingredient inventory_ingredient_dish_id_89fb1112_fk_inventory_dish_id; Type: FK CONSTRAINT; Schema: public; Owner: postgres
--

ALTER TABLE ONLY public.inventory_ingredient
    ADD CONSTRAINT inventory_ingredient_dish_id_89fb1112_fk_inventory_dish_id FOREIGN KEY (dish_id) REFERENCES public.inventory_dish(id) DEFERRABLE INITIALLY DEFERRED;


--
-- Name: inventory_ingredient inventory_ingredient_raw_material_id_76c4ab31_fk_inventory; Type: FK CONSTRAINT; Schema: public; Owner: postgres
--

ALTER TABLE ONLY public.inventory_ingredient
    ADD CONSTRAINT inventory_ingredient_raw_material_id_76c4ab31_fk_inventory FOREIGN KEY (raw_material_id) REFERENCES public.inventory_product(id) DEFERRABLE INITIALLY DEFERRED;


--
-- Name: inventory_logs inventory_logs_product_id_dfd97577_fk_inventory_product_id; Type: FK CONSTRAINT; Schema: public; Owner: postgres
--

ALTER TABLE ONLY public.inventory_logs
    ADD CONSTRAINT inventory_logs_product_id_dfd97577_fk_inventory_product_id FOREIGN KEY (product_id) REFERENCES public.inventory_product(id) DEFERRABLE INITIALLY DEFERRED;


--
-- Name: inventory_logs inventory_logs_purchase_order_id_e0370946_fk_inventory; Type: FK CONSTRAINT; Schema: public; Owner: postgres
--

ALTER TABLE ONLY public.inventory_logs
    ADD CONSTRAINT inventory_logs_purchase_order_id_e0370946_fk_inventory FOREIGN KEY (purchase_order_id) REFERENCES public.inventory_purchaseorder(id) DEFERRABLE INITIALLY DEFERRED;


--
-- Name: inventory_logs inventory_logs_sale_id_a4c8c401_fk_finance_sale_id; Type: FK CONSTRAINT; Schema: public; Owner: postgres
--

ALTER TABLE ONLY public.inventory_logs
    ADD CONSTRAINT inventory_logs_sale_id_a4c8c401_fk_finance_sale_id FOREIGN KEY (sale_id) REFERENCES public.finance_sale(id) DEFERRABLE INITIALLY DEFERRED;


--
-- Name: inventory_logs inventory_logs_user_id_0f9eca24_fk_users_user_id; Type: FK CONSTRAINT; Schema: public; Owner: postgres
--

ALTER TABLE ONLY public.inventory_logs
    ADD CONSTRAINT inventory_logs_user_id_0f9eca24_fk_users_user_id FOREIGN KEY (user_id) REFERENCES public.users_user(id) DEFERRABLE INITIALLY DEFERRED;


--
-- Name: inventory_meal inventory_meal_category_id_f736679e_fk_inventory; Type: FK CONSTRAINT; Schema: public; Owner: postgres
--

ALTER TABLE ONLY public.inventory_meal
    ADD CONSTRAINT inventory_meal_category_id_f736679e_fk_inventory FOREIGN KEY (category_id) REFERENCES public.inventory_mealcategory(id) DEFERRABLE INITIALLY DEFERRED;


--
-- Name: inventory_meal_dish inventory_meal_dish_dish_id_04592448_fk_inventory_dish_id; Type: FK CONSTRAINT; Schema: public; Owner: postgres
--

ALTER TABLE ONLY public.inventory_meal_dish
    ADD CONSTRAINT inventory_meal_dish_dish_id_04592448_fk_inventory_dish_id FOREIGN KEY (dish_id) REFERENCES public.inventory_dish(id) DEFERRABLE INITIALLY DEFERRED;


--
-- Name: inventory_meal_dish inventory_meal_dish_meal_id_f60ef9cb_fk_inventory_meal_id; Type: FK CONSTRAINT; Schema: public; Owner: postgres
--

ALTER TABLE ONLY public.inventory_meal_dish
    ADD CONSTRAINT inventory_meal_dish_meal_id_f60ef9cb_fk_inventory_meal_id FOREIGN KEY (meal_id) REFERENCES public.inventory_meal(id) DEFERRABLE INITIALLY DEFERRED;


--
-- Name: inventory_minorproductionitems inventory_minorprodu_minor_raw_material_i_0e13f01b_fk_inventory; Type: FK CONSTRAINT; Schema: public; Owner: postgres
--

ALTER TABLE ONLY public.inventory_minorproductionitems
    ADD CONSTRAINT inventory_minorprodu_minor_raw_material_i_0e13f01b_fk_inventory FOREIGN KEY (minor_raw_material_id) REFERENCES public.inventory_product(id) DEFERRABLE INITIALLY DEFERRED;


--
-- Name: inventory_minorproductionitems inventory_minorprodu_production_id_ae18c9b0_fk_inventory; Type: FK CONSTRAINT; Schema: public; Owner: postgres
--

ALTER TABLE ONLY public.inventory_minorproductionitems
    ADD CONSTRAINT inventory_minorprodu_production_id_ae18c9b0_fk_inventory FOREIGN KEY (production_id) REFERENCES public.inventory_production(id) DEFERRABLE INITIALLY DEFERRED;


--
-- Name: inventory_minorrawmaterials inventory_minorrawma_raw_material_id_25c78a2d_fk_inventory; Type: FK CONSTRAINT; Schema: public; Owner: postgres
--

ALTER TABLE ONLY public.inventory_minorrawmaterials
    ADD CONSTRAINT inventory_minorrawma_raw_material_id_25c78a2d_fk_inventory FOREIGN KEY (raw_material_id) REFERENCES public.inventory_product(id) DEFERRABLE INITIALLY DEFERRED;


--
-- Name: inventory_notification inventory_notificati_expense_id_92c6bac6_fk_finance_e; Type: FK CONSTRAINT; Schema: public; Owner: postgres
--

ALTER TABLE ONLY public.inventory_notification
    ADD CONSTRAINT inventory_notificati_expense_id_92c6bac6_fk_finance_e FOREIGN KEY (expense_id) REFERENCES public.finance_expense(id) DEFERRABLE INITIALLY DEFERRED;


--
-- Name: inventory_notification inventory_notificati_product_id_321ca191_fk_inventory; Type: FK CONSTRAINT; Schema: public; Owner: postgres
--

ALTER TABLE ONLY public.inventory_notification
    ADD CONSTRAINT inventory_notificati_product_id_321ca191_fk_inventory FOREIGN KEY (product_id) REFERENCES public.inventory_product(id) DEFERRABLE INITIALLY DEFERRED;


--
-- Name: inventory_notification inventory_notificati_production_id_e50c8294_fk_inventory; Type: FK CONSTRAINT; Schema: public; Owner: postgres
--

ALTER TABLE ONLY public.inventory_notification
    ADD CONSTRAINT inventory_notificati_production_id_e50c8294_fk_inventory FOREIGN KEY (production_id) REFERENCES public.inventory_production(id) DEFERRABLE INITIALLY DEFERRED;


--
-- Name: inventory_product inventory_product_category_id_c907876e_fk_inventory_category_id; Type: FK CONSTRAINT; Schema: public; Owner: postgres
--

ALTER TABLE ONLY public.inventory_product
    ADD CONSTRAINT inventory_product_category_id_c907876e_fk_inventory_category_id FOREIGN KEY (category_id) REFERENCES public.inventory_category(id) DEFERRABLE INITIALLY DEFERRED;


--
-- Name: inventory_product inventory_product_unit_id_be442e64_fk_inventory; Type: FK CONSTRAINT; Schema: public; Owner: postgres
--

ALTER TABLE ONLY public.inventory_product
    ADD CONSTRAINT inventory_product_unit_id_be442e64_fk_inventory FOREIGN KEY (unit_id) REFERENCES public.inventory_unitofmeasurement(id) DEFERRABLE INITIALLY DEFERRED;


--
-- Name: inventory_productionrawmaterials inventory_production_product_id_8185946c_fk_inventory; Type: FK CONSTRAINT; Schema: public; Owner: postgres
--

ALTER TABLE ONLY public.inventory_productionrawmaterials
    ADD CONSTRAINT inventory_production_product_id_8185946c_fk_inventory FOREIGN KEY (product_id) REFERENCES public.inventory_product(id) DEFERRABLE INITIALLY DEFERRED;


--
-- Name: inventory_productionlogs inventory_production_product_id_d9ffcc6f_fk_inventory; Type: FK CONSTRAINT; Schema: public; Owner: postgres
--

ALTER TABLE ONLY public.inventory_productionlogs
    ADD CONSTRAINT inventory_production_product_id_d9ffcc6f_fk_inventory FOREIGN KEY (product_id) REFERENCES public.inventory_productionrawmaterials(id) DEFERRABLE INITIALLY DEFERRED;


--
-- Name: inventory_productionitems inventory_production_production_id_d05b8aa9_fk_inventory; Type: FK CONSTRAINT; Schema: public; Owner: postgres
--

ALTER TABLE ONLY public.inventory_productionitems
    ADD CONSTRAINT inventory_production_production_id_d05b8aa9_fk_inventory FOREIGN KEY (production_id) REFERENCES public.inventory_production(id) DEFERRABLE INITIALLY DEFERRED;


--
-- Name: inventory_productioninventory inventory_production_raw_material_id_4c18d18f_fk_inventory; Type: FK CONSTRAINT; Schema: public; Owner: postgres
--

ALTER TABLE ONLY public.inventory_productioninventory
    ADD CONSTRAINT inventory_production_raw_material_id_4c18d18f_fk_inventory FOREIGN KEY (raw_material_id) REFERENCES public.inventory_product(id) DEFERRABLE INITIALLY DEFERRED;


--
-- Name: inventory_productionitems inventory_productionitems_dish_id_6ce621ef_fk_inventory_dish_id; Type: FK CONSTRAINT; Schema: public; Owner: postgres
--

ALTER TABLE ONLY public.inventory_productionitems
    ADD CONSTRAINT inventory_productionitems_dish_id_6ce621ef_fk_inventory_dish_id FOREIGN KEY (dish_id) REFERENCES public.inventory_dish(id) DEFERRABLE INITIALLY DEFERRED;


--
-- Name: inventory_productionlogs inventory_productionlogs_user_id_acfc3182_fk_users_user_id; Type: FK CONSTRAINT; Schema: public; Owner: postgres
--

ALTER TABLE ONLY public.inventory_productionlogs
    ADD CONSTRAINT inventory_productionlogs_user_id_acfc3182_fk_users_user_id FOREIGN KEY (user_id) REFERENCES public.users_user(id) DEFERRABLE INITIALLY DEFERRED;


--
-- Name: inventory_purchaseorderitem inventory_purchaseor_product_id_187e017a_fk_inventory; Type: FK CONSTRAINT; Schema: public; Owner: postgres
--

ALTER TABLE ONLY public.inventory_purchaseorderitem
    ADD CONSTRAINT inventory_purchaseor_product_id_187e017a_fk_inventory FOREIGN KEY (product_id) REFERENCES public.inventory_product(id) DEFERRABLE INITIALLY DEFERRED;


--
-- Name: inventory_purchaseorderitem inventory_purchaseor_purchase_order_id_af9dd3c5_fk_inventory; Type: FK CONSTRAINT; Schema: public; Owner: postgres
--

ALTER TABLE ONLY public.inventory_purchaseorderitem
    ADD CONSTRAINT inventory_purchaseor_purchase_order_id_af9dd3c5_fk_inventory FOREIGN KEY (purchase_order_id) REFERENCES public.inventory_purchaseorder(id) DEFERRABLE INITIALLY DEFERRED;


--
-- Name: inventory_purchaseorder inventory_purchaseor_supplier_id_c6bc28e9_fk_inventory; Type: FK CONSTRAINT; Schema: public; Owner: postgres
--

ALTER TABLE ONLY public.inventory_purchaseorder
    ADD CONSTRAINT inventory_purchaseor_supplier_id_c6bc28e9_fk_inventory FOREIGN KEY (supplier_id) REFERENCES public.inventory_supplier(id) DEFERRABLE INITIALLY DEFERRED;


--
-- Name: inventory_reorder inventory_reorder_product_id_6fcaca8a_fk_inventory_product_id; Type: FK CONSTRAINT; Schema: public; Owner: postgres
--

ALTER TABLE ONLY public.inventory_reorder
    ADD CONSTRAINT inventory_reorder_product_id_6fcaca8a_fk_inventory_product_id FOREIGN KEY (product_id) REFERENCES public.inventory_product(id) DEFERRABLE INITIALLY DEFERRED;


--
-- Name: inventory_transferitems inventory_transferit_product_id_c49af3bc_fk_inventory; Type: FK CONSTRAINT; Schema: public; Owner: postgres
--

ALTER TABLE ONLY public.inventory_transferitems
    ADD CONSTRAINT inventory_transferit_product_id_c49af3bc_fk_inventory FOREIGN KEY (product_id) REFERENCES public.inventory_product(id) DEFERRABLE INITIALLY DEFERRED;


--
-- Name: inventory_transferitems inventory_transferit_transfer_id_74837123_fk_inventory; Type: FK CONSTRAINT; Schema: public; Owner: postgres
--

ALTER TABLE ONLY public.inventory_transferitems
    ADD CONSTRAINT inventory_transferit_transfer_id_74837123_fk_inventory FOREIGN KEY (transfer_id) REFERENCES public.inventory_transfer(id) DEFERRABLE INITIALLY DEFERRED;


--
-- Name: settings_notificationemails settings_notificatio_module_id_03b2713f_fk_settings_; Type: FK CONSTRAINT; Schema: public; Owner: postgres
--

ALTER TABLE ONLY public.settings_notificationemails
    ADD CONSTRAINT settings_notificatio_module_id_03b2713f_fk_settings_ FOREIGN KEY (module_id) REFERENCES public.settings_modules(id) DEFERRABLE INITIALLY DEFERRED;


--
-- Name: users_user users_user_company_id_14799323_fk_users_company_id; Type: FK CONSTRAINT; Schema: public; Owner: postgres
--

ALTER TABLE ONLY public.users_user
    ADD CONSTRAINT users_user_company_id_14799323_fk_users_company_id FOREIGN KEY (company_id) REFERENCES public.users_company(id) DEFERRABLE INITIALLY DEFERRED;


--
-- Name: users_user_groups users_user_groups_group_id_9afc8d0e_fk_auth_group_id; Type: FK CONSTRAINT; Schema: public; Owner: postgres
--

ALTER TABLE ONLY public.users_user_groups
    ADD CONSTRAINT users_user_groups_group_id_9afc8d0e_fk_auth_group_id FOREIGN KEY (group_id) REFERENCES public.auth_group(id) DEFERRABLE INITIALLY DEFERRED;


--
-- Name: users_user_groups users_user_groups_user_id_5f6f5a90_fk_users_user_id; Type: FK CONSTRAINT; Schema: public; Owner: postgres
--

ALTER TABLE ONLY public.users_user_groups
    ADD CONSTRAINT users_user_groups_user_id_5f6f5a90_fk_users_user_id FOREIGN KEY (user_id) REFERENCES public.users_user(id) DEFERRABLE INITIALLY DEFERRED;


--
-- Name: users_user_user_permissions users_user_user_perm_permission_id_0b93982e_fk_auth_perm; Type: FK CONSTRAINT; Schema: public; Owner: postgres
--

ALTER TABLE ONLY public.users_user_user_permissions
    ADD CONSTRAINT users_user_user_perm_permission_id_0b93982e_fk_auth_perm FOREIGN KEY (permission_id) REFERENCES public.auth_permission(id) DEFERRABLE INITIALLY DEFERRED;


--
-- Name: users_user_user_permissions users_user_user_permissions_user_id_20aca447_fk_users_user_id; Type: FK CONSTRAINT; Schema: public; Owner: postgres
--

ALTER TABLE ONLY public.users_user_user_permissions
    ADD CONSTRAINT users_user_user_permissions_user_id_20aca447_fk_users_user_id FOREIGN KEY (user_id) REFERENCES public.users_user(id) DEFERRABLE INITIALLY DEFERRED;


--
-- PostgreSQL database dump complete
--

